venue,replicate,backend,run_dir,hours_from_clean_start,rpc_count_since_t0,rpc_count_per_1000_endpoint_tasks_since_t0,rpc_processing_s_since_t0,rpc_processing_s_per_1000_endpoint_tasks_since_t0,endpoint_task_count,walltime_h,interpretation
dev,1,native,bench-WORKS26/dryrun-plots/synthetic-monitor-tree/dev/rep1/native,-0.001388888888888889,0,0.0,0.0,0.0,40,3.206873055564033,"benchmark-user sdiag row, attributed by UID; valid for every backend including HyperQueue, Flux, and local"
dev,1,native,bench-WORKS26/dryrun-plots/synthetic-monitor-tree/dev/rep1/native,0.08333333333333333,31,775.0,25.286236,632.1559,40,3.206873055564033,"benchmark-user sdiag row, attributed by UID; valid for every backend including HyperQueue, Flux, and local"
dev,1,native,bench-WORKS26/dryrun-plots/synthetic-monitor-tree/dev/rep1/native,0.16666666666666666,63,1575.0,50.572473,1264.311825,40,3.206873055564033,"benchmark-user sdiag row, attributed by UID; valid for every backend including HyperQueue, Flux, and local"
dev,1,native,bench-WORKS26/dryrun-plots/synthetic-monitor-tree/dev/rep1/native,0.25,94,2350.0,75.85871,1896.46775,40,3.206873055564033,"benchmark-user sdiag row, attributed by UID; valid for every backend including HyperQueue, Flux, and local"
dev,1,native,bench-WORKS26/dryrun-plots/synthetic-monitor-tree/dev/rep1/native,0.3333333333333333,126,3150.0,101.144947,2528.623675,40,3.206873055564033,"benchmark-user sdiag row, attributed by UID; valid for every backend including HyperQueue, Flux, and local"
dev,1,native,bench-WORKS26/dryrun-plots/synthetic-monitor-tree/dev/rep1/native,0.4166666666666667,157,3925.0,126.431183,3160.779575,40,3.206873055564033,"benchmark-user sdiag row, attributed by UID; valid for every backend including HyperQueue, Flux, and local"
dev,1,native,bench-WORKS26/dryrun-plots/synthetic-monitor-tree/dev/rep1/native,0.5,189,4725.0,151.71742,3792.9355,40,3.206873055564033,"benchmark-user sdiag row, attributed by UID; valid for every backend including HyperQueue, Flux, and local"
dev,1,native,bench-WORKS26/dryrun-plots/synthetic-monitor-tree/dev/rep1/native,0.5833333333333334,221,5525.0,177.003657,4425.0914250000005,40,3.206873055564033,"benchmark-user sdiag row, attributed by UID; valid for every backend including HyperQueue, Flux, and local"
dev,1,native,bench-WORKS26/dryrun-plots/synthetic-monitor-tree/dev/rep1/native,0.6666666666666666,252,6300.0,202.289894,5057.24735,40,3.206873055564033,"benchmark-user sdiag row, attributed by UID; valid for every backend including HyperQueue, Flux, and local"
dev,1,native,bench-WORKS26/dryrun-plots/synthetic-monitor-tree/dev/rep1/native,0.75,284,7100.0,227.57613,5689.40325,40,3.206873055564033,"benchmark-user sdiag row, attributed by UID; valid for every backend including HyperQueue, Flux, and local"
dev,1,native,bench-WORKS26/dryrun-plots/synthetic-monitor-tree/dev/rep1/native,0.8333333333333334,315,7875.0,252.862367,6321.559175,40,3.206873055564033,"benchmark-user sdiag row, attributed by UID; valid for every backend including HyperQueue, Flux, and local"
dev,1,native,bench-WORKS26/dryrun-plots/synthetic-monitor-tree/dev/rep1/native,0.9166666666666666,347,8675.0,278.148604,6953.715099999999,40,3.206873055564033,"benchmark-user sdiag row, attributed by UID; valid for every backend including HyperQueue, Flux, and local"
dev,1,native,bench-WORKS26/dryrun-plots/synthetic-monitor-tree/dev/rep1/native,1.0,379,9475.0,303.434841,7585.871025,40,3.206873055564033,"benchmark-user sdiag row, attributed by UID; valid for every backend including HyperQueue, Flux, and local"
dev,1,native,bench-WORKS26/dryrun-plots/synthetic-monitor-tree/dev/rep1/native,1.0833333333333333,410,10250.0,328.721077,8218.026925,40,3.206873055564033,"benchmark-user sdiag row, attributed by UID; valid for every backend including HyperQueue, Flux, and local"
dev,1,native,bench-WORKS26/dryrun-plots/synthetic-monitor-tree/dev/rep1/native,1.1666666666666667,442,11050.0,354.007314,8850.182850000001,40,3.206873055564033,"benchmark-user sdiag row, attributed by UID; valid for every backend including HyperQueue, Flux, and local"
dev,1,native,bench-WORKS26/dryrun-plots/synthetic-monitor-tree/dev/rep1/native,1.25,473,11825.0,379.293551,9482.338775,40,3.206873055564033,"benchmark-user sdiag row, attributed by UID; valid for every backend including HyperQueue, Flux, and local"
dev,1,native,bench-WORKS26/dryrun-plots/synthetic-monitor-tree/dev/rep1/native,1.3333333333333333,505,12625.0,404.579788,10114.4947,40,3.206873055564033,"benchmark-user sdiag row, attributed by UID; valid for every backend including HyperQueue, Flux, and local"
dev,1,native,bench-WORKS26/dryrun-plots/synthetic-monitor-tree/dev/rep1/native,1.4166666666666667,537,13425.0,429.866024,10746.650599999999,40,3.206873055564033,"benchmark-user sdiag row, attributed by UID; valid for every backend including HyperQueue, Flux, and local"
dev,1,native,bench-WORKS26/dryrun-plots/synthetic-monitor-tree/dev/rep1/native,1.5,568,14200.0,455.152261,11378.806525,40,3.206873055564033,"benchmark-user sdiag row, attributed by UID; valid for every backend including HyperQueue, Flux, and local"
dev,1,native,bench-WORKS26/dryrun-plots/synthetic-monitor-tree/dev/rep1/native,1.5833333333333333,600,15000.0,480.438498,12010.962449999999,40,3.206873055564033,"benchmark-user sdiag row, attributed by UID; valid for every backend including HyperQueue, Flux, and local"
dev,1,native,bench-WORKS26/dryrun-plots/synthetic-monitor-tree/dev/rep1/native,1.6666666666666667,631,15775.0,505.724735,12643.118375,40,3.206873055564033,"benchmark-user sdiag row, attributed by UID; valid for every backend including HyperQueue, Flux, and local"
dev,1,native,bench-WORKS26/dryrun-plots/synthetic-monitor-tree/dev/rep1/native,1.75,663,16575.0,531.010971,13275.274275000002,40,3.206873055564033,"benchmark-user sdiag row, attributed by UID; valid for every backend including HyperQueue, Flux, and local"
dev,1,native,bench-WORKS26/dryrun-plots/synthetic-monitor-tree/dev/rep1/native,1.8333333333333333,695,17375.0,556.297208,13907.430199999999,40,3.206873055564033,"benchmark-user sdiag row, attributed by UID; valid for every backend including HyperQueue, Flux, and local"
dev,1,native,bench-WORKS26/dryrun-plots/synthetic-monitor-tree/dev/rep1/native,1.9166666666666667,726,18150.0,581.583445,14539.586125,40,3.206873055564033,"benchmark-user sdiag row, attributed by UID; valid for every backend including HyperQueue, Flux, and local"
dev,1,native,bench-WORKS26/dryrun-plots/synthetic-monitor-tree/dev/rep1/native,2.0,758,18950.0,606.869682,15171.74205,40,3.206873055564033,"benchmark-user sdiag row, attributed by UID; valid for every backend including HyperQueue, Flux, and local"
dev,1,native,bench-WORKS26/dryrun-plots/synthetic-monitor-tree/dev/rep1/native,2.0833333333333335,789,19725.0,632.155918,15803.89795,40,3.206873055564033,"benchmark-user sdiag row, attributed by UID; valid for every backend including HyperQueue, Flux, and local"
dev,1,native,bench-WORKS26/dryrun-plots/synthetic-monitor-tree/dev/rep1/native,2.1666666666666665,821,20525.0,657.442155,16436.053874999998,40,3.206873055564033,"benchmark-user sdiag row, attributed by UID; valid for every backend including HyperQueue, Flux, and local"
dev,1,native,bench-WORKS26/dryrun-plots/synthetic-monitor-tree/dev/rep1/native,2.25,853,21325.0,682.728392,17068.2098,40,3.206873055564033,"benchmark-user sdiag row, attributed by UID; valid for every backend including HyperQueue, Flux, and local"
dev,1,native,bench-WORKS26/dryrun-plots/synthetic-monitor-tree/dev/rep1/native,2.3333333333333335,884,22100.0,708.014629,17700.365725,40,3.206873055564033,"benchmark-user sdiag row, attributed by UID; valid for every backend including HyperQueue, Flux, and local"
dev,1,native,bench-WORKS26/dryrun-plots/synthetic-monitor-tree/dev/rep1/native,2.4166666666666665,916,22900.0,733.300865,18332.521625,40,3.206873055564033,"benchmark-user sdiag row, attributed by UID; valid for every backend including HyperQueue, Flux, and local"
dev,1,native,bench-WORKS26/dryrun-plots/synthetic-monitor-tree/dev/rep1/native,2.5,947,23675.0,758.587102,18964.67755,40,3.206873055564033,"benchmark-user sdiag row, attributed by UID; valid for every backend including HyperQueue, Flux, and local"
dev,1,native,bench-WORKS26/dryrun-plots/synthetic-monitor-tree/dev/rep1/native,2.5833333333333335,979,24475.0,783.873339,19596.833475,40,3.206873055564033,"benchmark-user sdiag row, attributed by UID; valid for every backend including HyperQueue, Flux, and local"
dev,1,native,bench-WORKS26/dryrun-plots/synthetic-monitor-tree/dev/rep1/native,2.6666666666666665,1011,25275.0,809.159576,20228.9894,40,3.206873055564033,"benchmark-user sdiag row, attributed by UID; valid for every backend including HyperQueue, Flux, and local"
dev,1,native,bench-WORKS26/dryrun-plots/synthetic-monitor-tree/dev/rep1/native,2.75,1042,26050.0,834.445812,20861.1453,40,3.206873055564033,"benchmark-user sdiag row, attributed by UID; valid for every backend including HyperQueue, Flux, and local"
dev,1,native,bench-WORKS26/dryrun-plots/synthetic-monitor-tree/dev/rep1/native,2.8333333333333335,1074,26850.0,859.732049,21493.301225,40,3.206873055564033,"benchmark-user sdiag row, attributed by UID; valid for every backend including HyperQueue, Flux, and local"
dev,1,native,bench-WORKS26/dryrun-plots/synthetic-monitor-tree/dev/rep1/native,2.9166666666666665,1105,27625.0,885.018286,22125.45715,40,3.206873055564033,"benchmark-user sdiag row, attributed by UID; valid for every backend including HyperQueue, Flux, and local"
dev,1,native,bench-WORKS26/dryrun-plots/synthetic-monitor-tree/dev/rep1/native,3.0,1137,28425.0,910.304523,22757.613075,40,3.206873055564033,"benchmark-user sdiag row, attributed by UID; valid for every backend including HyperQueue, Flux, and local"
dev,1,native,bench-WORKS26/dryrun-plots/synthetic-monitor-tree/dev/rep1/native,3.0833333333333335,1169,29225.0,935.590759,23389.768975000003,40,3.206873055564033,"benchmark-user sdiag row, attributed by UID; valid for every backend including HyperQueue, Flux, and local"
dev,1,native,bench-WORKS26/dryrun-plots/synthetic-monitor-tree/dev/rep1/native,3.1666666666666665,1200,30000.0,960.876996,24021.924899999998,40,3.206873055564033,"benchmark-user sdiag row, attributed by UID; valid for every backend including HyperQueue, Flux, and local"
dev,1,native,bench-WORKS26/dryrun-plots/synthetic-monitor-tree/dev/rep1/native,3.229095317787594,1216,30400.0,973.077028,24326.9257,40,3.206873055564033,"benchmark-user sdiag row, attributed by UID; valid for every backend including HyperQueue, Flux, and local"
dev,1,jobarray,bench-WORKS26/dryrun-plots/synthetic-monitor-tree/dev/rep1/jobarray,-0.0013888887564341228,0,0.0,0.0,0.0,40,2.4465349601374733,"benchmark-user sdiag row, attributed by UID; valid for every backend including HyperQueue, Flux, and local"
dev,1,jobarray,bench-WORKS26/dryrun-plots/synthetic-monitor-tree/dev/rep1/jobarray,0.08312690456708273,11,275.0,8.883902,222.09755,40,2.4465349601374733,"benchmark-user sdiag row, attributed by UID; valid for every backend including HyperQueue, Flux, and local"
dev,1,jobarray,bench-WORKS26/dryrun-plots/synthetic-monitor-tree/dev/rep1/jobarray,0.16646023790041606,22,550.0,17.767805,444.19512499999996,40,2.4465349601374733,"benchmark-user sdiag row, attributed by UID; valid for every backend including HyperQueue, Flux, and local"
dev,1,jobarray,bench-WORKS26/dryrun-plots/synthetic-monitor-tree/dev/rep1/jobarray,0.2497935712337494,33,825.0,26.651707,666.2926749999999,40,2.4465349601374733,"benchmark-user sdiag row, attributed by UID; valid for every backend including HyperQueue, Flux, and local"
dev,1,jobarray,bench-WORKS26/dryrun-plots/synthetic-monitor-tree/dev/rep1/jobarray,0.3331269045670827,44,1100.0,35.53561,888.3902499999999,40,2.4465349601374733,"benchmark-user sdiag row, attributed by UID; valid for every backend including HyperQueue, Flux, and local"
dev,1,jobarray,bench-WORKS26/dryrun-plots/synthetic-monitor-tree/dev/rep1/jobarray,0.41646023790041603,55,1375.0,44.419513,1110.4878250000002,40,2.4465349601374733,"benchmark-user sdiag row, attributed by UID; valid for every backend including HyperQueue, Flux, and local"
dev,1,jobarray,bench-WORKS26/dryrun-plots/synthetic-monitor-tree/dev/rep1/jobarray,0.4997935712337494,66,1650.0,53.303415,1332.585375,40,2.4465349601374733,"benchmark-user sdiag row, attributed by UID; valid for every backend including HyperQueue, Flux, and local"
dev,1,jobarray,bench-WORKS26/dryrun-plots/synthetic-monitor-tree/dev/rep1/jobarray,0.5831269045670827,77,1925.0,62.187318,1554.68295,40,2.4465349601374733,"benchmark-user sdiag row, attributed by UID; valid for every backend including HyperQueue, Flux, and local"
dev,1,jobarray,bench-WORKS26/dryrun-plots/synthetic-monitor-tree/dev/rep1/jobarray,0.6664602379004161,88,2200.0,71.07122,1776.7804999999998,40,2.4465349601374733,"benchmark-user sdiag row, attributed by UID; valid for every backend including HyperQueue, Flux, and local"
dev,1,jobarray,bench-WORKS26/dryrun-plots/synthetic-monitor-tree/dev/rep1/jobarray,0.7497935712337493,99,2475.0,79.955123,1998.878075,40,2.4465349601374733,"benchmark-user sdiag row, attributed by UID; valid for every backend including HyperQueue, Flux, and local"
dev,1,jobarray,bench-WORKS26/dryrun-plots/synthetic-monitor-tree/dev/rep1/jobarray,0.8331269045670827,111,2775.0,88.839026,2220.9756500000003,40,2.4465349601374733,"benchmark-user sdiag row, attributed by UID; valid for every backend including HyperQueue, Flux, and local"
dev,1,jobarray,bench-WORKS26/dryrun-plots/synthetic-monitor-tree/dev/rep1/jobarray,0.9164602379004161,122,3050.0,97.722928,2443.0732,40,2.4465349601374733,"benchmark-user sdiag row, attributed by UID; valid for every backend including HyperQueue, Flux, and local"
dev,1,jobarray,bench-WORKS26/dryrun-plots/synthetic-monitor-tree/dev/rep1/jobarray,0.9997935712337493,133,3325.0,106.606831,2665.170775,40,2.4465349601374733,"benchmark-user sdiag row, attributed by UID; valid for every backend including HyperQueue, Flux, and local"
dev,1,jobarray,bench-WORKS26/dryrun-plots/synthetic-monitor-tree/dev/rep1/jobarray,1.0831269045670828,144,3600.0,115.490733,2887.268325,40,2.4465349601374733,"benchmark-user sdiag row, attributed by UID; valid for every backend including HyperQueue, Flux, and local"
dev,1,jobarray,bench-WORKS26/dryrun-plots/synthetic-monitor-tree/dev/rep1/jobarray,1.166460237900416,155,3875.0,124.374636,3109.3659,40,2.4465349601374733,"benchmark-user sdiag row, attributed by UID; valid for every backend including HyperQueue, Flux, and local"
dev,1,jobarray,bench-WORKS26/dryrun-plots/synthetic-monitor-tree/dev/rep1/jobarray,1.2497935712337493,166,4150.0,133.258539,3331.4634750000005,40,2.4465349601374733,"benchmark-user sdiag row, attributed by UID; valid for every backend including HyperQueue, Flux, and local"
dev,1,jobarray,bench-WORKS26/dryrun-plots/synthetic-monitor-tree/dev/rep1/jobarray,1.3331269045670828,177,4425.0,142.142441,3553.561025,40,2.4465349601374733,"benchmark-user sdiag row, attributed by UID; valid for every backend including HyperQueue, Flux, and local"
dev,1,jobarray,bench-WORKS26/dryrun-plots/synthetic-monitor-tree/dev/rep1/jobarray,1.416460237900416,188,4700.0,151.026344,3775.6585999999998,40,2.4465349601374733,"benchmark-user sdiag row, attributed by UID; valid for every backend including HyperQueue, Flux, and local"
dev,1,jobarray,bench-WORKS26/dryrun-plots/synthetic-monitor-tree/dev/rep1/jobarray,1.4997935712337493,199,4975.0,159.910246,3997.75615,40,2.4465349601374733,"benchmark-user sdiag row, attributed by UID; valid for every backend including HyperQueue, Flux, and local"
dev,1,jobarray,bench-WORKS26/dryrun-plots/synthetic-monitor-tree/dev/rep1/jobarray,1.5831269045670828,210,5250.0,168.794149,4219.853725,40,2.4465349601374733,"benchmark-user sdiag row, attributed by UID; valid for every backend including HyperQueue, Flux, and local"
dev,1,jobarray,bench-WORKS26/dryrun-plots/synthetic-monitor-tree/dev/rep1/jobarray,1.666460237900416,222,5550.0,177.678052,4441.951300000001,40,2.4465349601374733,"benchmark-user sdiag row, attributed by UID; valid for every backend including HyperQueue, Flux, and local"
dev,1,jobarray,bench-WORKS26/dryrun-plots/synthetic-monitor-tree/dev/rep1/jobarray,1.7497935712337493,233,5825.0,186.561954,4664.048849999999,40,2.4465349601374733,"benchmark-user sdiag row, attributed by UID; valid for every backend including HyperQueue, Flux, and local"
dev,1,jobarray,bench-WORKS26/dryrun-plots/synthetic-monitor-tree/dev/rep1/jobarray,1.8331269045670828,244,6100.0,195.445857,4886.146425,40,2.4465349601374733,"benchmark-user sdiag row, attributed by UID; valid for every backend including HyperQueue, Flux, and local"
dev,1,jobarray,bench-WORKS26/dryrun-plots/synthetic-monitor-tree/dev/rep1/jobarray,1.916460237900416,255,6375.0,204.329759,5108.243975,40,2.4465349601374733,"benchmark-user sdiag row, attributed by UID; valid for every backend including HyperQueue, Flux, and local"
dev,1,jobarray,bench-WORKS26/dryrun-plots/synthetic-monitor-tree/dev/rep1/jobarray,1.9997935712337493,266,6650.0,213.213662,5330.34155,40,2.4465349601374733,"benchmark-user sdiag row, attributed by UID; valid for every backend including HyperQueue, Flux, and local"
dev,1,jobarray,bench-WORKS26/dryrun-plots/synthetic-monitor-tree/dev/rep1/jobarray,2.0831269045670826,277,6925.0,222.097565,5552.439125,40,2.4465349601374733,"benchmark-user sdiag row, attributed by UID; valid for every backend including HyperQueue, Flux, and local"
dev,1,jobarray,bench-WORKS26/dryrun-plots/synthetic-monitor-tree/dev/rep1/jobarray,2.166460237900416,288,7200.0,230.981467,5774.536675,40,2.4465349601374733,"benchmark-user sdiag row, attributed by UID; valid for every backend including HyperQueue, Flux, and local"
dev,1,jobarray,bench-WORKS26/dryrun-plots/synthetic-monitor-tree/dev/rep1/jobarray,2.2497935712337496,299,7475.0,239.86537,5996.63425,40,2.4465349601374733,"benchmark-user sdiag row, attributed by UID; valid for every backend including HyperQueue, Flux, and local"
dev,1,jobarray,bench-WORKS26/dryrun-plots/synthetic-monitor-tree/dev/rep1/jobarray,2.3331269045670826,310,7750.0,248.749272,6218.7318,40,2.4465349601374733,"benchmark-user sdiag row, attributed by UID; valid for every backend including HyperQueue, Flux, and local"
dev,1,jobarray,bench-WORKS26/dryrun-plots/synthetic-monitor-tree/dev/rep1/jobarray,2.416460237900416,322,8050.0,257.633175,6440.829375,40,2.4465349601374733,"benchmark-user sdiag row, attributed by UID; valid for every backend including HyperQueue, Flux, and local"
dev,1,jobarray,bench-WORKS26/dryrun-plots/synthetic-monitor-tree/dev/rep1/jobarray,2.468757242626614,326,8150.0,260.817346,6520.43365,40,2.4465349601374733,"benchmark-user sdiag row, attributed by UID; valid for every backend including HyperQueue, Flux, and local"
dev,1,hyperqueue,bench-WORKS26/dryrun-plots/synthetic-monitor-tree/dev/rep1/hyperqueue,-0.0013888887564341228,0,0.0,0.0,0.0,40,2.0826285509930718,"benchmark-user sdiag row, attributed by UID; valid for every backend including HyperQueue, Flux, and local"
dev,1,hyperqueue,bench-WORKS26/dryrun-plots/synthetic-monitor-tree/dev/rep1/hyperqueue,0.08325855096181234,2,50.0,2.377197,59.429925,40,2.0826285509930718,"benchmark-user sdiag row, attributed by UID; valid for every backend including HyperQueue, Flux, and local"
dev,1,hyperqueue,bench-WORKS26/dryrun-plots/synthetic-monitor-tree/dev/rep1/hyperqueue,0.16659188429514568,5,125.0,4.754394,118.85985,40,2.0826285509930718,"benchmark-user sdiag row, attributed by UID; valid for every backend including HyperQueue, Flux, and local"
dev,1,hyperqueue,bench-WORKS26/dryrun-plots/synthetic-monitor-tree/dev/rep1/hyperqueue,0.249925217628479,8,200.0,7.131592,178.2898,40,2.0826285509930718,"benchmark-user sdiag row, attributed by UID; valid for every backend including HyperQueue, Flux, and local"
dev,1,hyperqueue,bench-WORKS26/dryrun-plots/synthetic-monitor-tree/dev/rep1/hyperqueue,0.33325855096181234,11,275.0,9.508789,237.719725,40,2.0826285509930718,"benchmark-user sdiag row, attributed by UID; valid for every backend including HyperQueue, Flux, and local"
dev,1,hyperqueue,bench-WORKS26/dryrun-plots/synthetic-monitor-tree/dev/rep1/hyperqueue,0.41659188429514565,14,350.0,11.885986,297.14965,40,2.0826285509930718,"benchmark-user sdiag row, attributed by UID; valid for every backend including HyperQueue, Flux, and local"
dev,1,hyperqueue,bench-WORKS26/dryrun-plots/synthetic-monitor-tree/dev/rep1/hyperqueue,0.499925217628479,17,425.0,14.263184,356.5796,40,2.0826285509930718,"benchmark-user sdiag row, attributed by UID; valid for every backend including HyperQueue, Flux, and local"
dev,1,hyperqueue,bench-WORKS26/dryrun-plots/synthetic-monitor-tree/dev/rep1/hyperqueue,0.5832585509618123,20,500.0,16.640381,416.00952500000005,40,2.0826285509930718,"benchmark-user sdiag row, attributed by UID; valid for every backend including HyperQueue, Flux, and local"
dev,1,hyperqueue,bench-WORKS26/dryrun-plots/synthetic-monitor-tree/dev/rep1/hyperqueue,0.6665918842951457,23,575.0,19.017579,475.439475,40,2.0826285509930718,"benchmark-user sdiag row, attributed by UID; valid for every backend including HyperQueue, Flux, and local"
dev,1,hyperqueue,bench-WORKS26/dryrun-plots/synthetic-monitor-tree/dev/rep1/hyperqueue,0.749925217628479,26,650.0,21.394776,534.8694,40,2.0826285509930718,"benchmark-user sdiag row, attributed by UID; valid for every backend including HyperQueue, Flux, and local"
dev,1,hyperqueue,bench-WORKS26/dryrun-plots/synthetic-monitor-tree/dev/rep1/hyperqueue,0.8332585509618123,29,725.0,23.771973,594.299325,40,2.0826285509930718,"benchmark-user sdiag row, attributed by UID; valid for every backend including HyperQueue, Flux, and local"
dev,1,hyperqueue,bench-WORKS26/dryrun-plots/synthetic-monitor-tree/dev/rep1/hyperqueue,0.9165918842951457,32,800.0,26.149171,653.729275,40,2.0826285509930718,"benchmark-user sdiag row, attributed by UID; valid for every backend including HyperQueue, Flux, and local"
dev,1,hyperqueue,bench-WORKS26/dryrun-plots/synthetic-monitor-tree/dev/rep1/hyperqueue,0.999925217628479,35,875.0,28.526368,713.1592,40,2.0826285509930718,"benchmark-user sdiag row, attributed by UID; valid for every backend including HyperQueue, Flux, and local"
dev,1,hyperqueue,bench-WORKS26/dryrun-plots/synthetic-monitor-tree/dev/rep1/hyperqueue,1.0832585509618122,38,950.0,30.903566,772.58915,40,2.0826285509930718,"benchmark-user sdiag row, attributed by UID; valid for every backend including HyperQueue, Flux, and local"
dev,1,hyperqueue,bench-WORKS26/dryrun-plots/synthetic-monitor-tree/dev/rep1/hyperqueue,1.1665918842951457,41,1025.0,33.280763,832.019075,40,2.0826285509930718,"benchmark-user sdiag row, attributed by UID; valid for every backend including HyperQueue, Flux, and local"
dev,1,hyperqueue,bench-WORKS26/dryrun-plots/synthetic-monitor-tree/dev/rep1/hyperqueue,1.249925217628479,44,1100.0,35.65796,891.4490000000001,40,2.0826285509930718,"benchmark-user sdiag row, attributed by UID; valid for every backend including HyperQueue, Flux, and local"
dev,1,hyperqueue,bench-WORKS26/dryrun-plots/synthetic-monitor-tree/dev/rep1/hyperqueue,1.3332585509618122,47,1175.0,38.035158,950.87895,40,2.0826285509930718,"benchmark-user sdiag row, attributed by UID; valid for every backend including HyperQueue, Flux, and local"
dev,1,hyperqueue,bench-WORKS26/dryrun-plots/synthetic-monitor-tree/dev/rep1/hyperqueue,1.4165918842951457,50,1250.0,40.412355,1010.308875,40,2.0826285509930718,"benchmark-user sdiag row, attributed by UID; valid for every backend including HyperQueue, Flux, and local"
dev,1,hyperqueue,bench-WORKS26/dryrun-plots/synthetic-monitor-tree/dev/rep1/hyperqueue,1.499925217628479,53,1325.0,42.789553,1069.738825,40,2.0826285509930718,"benchmark-user sdiag row, attributed by UID; valid for every backend including HyperQueue, Flux, and local"
dev,1,hyperqueue,bench-WORKS26/dryrun-plots/synthetic-monitor-tree/dev/rep1/hyperqueue,1.5832585509618122,56,1400.0,45.16675,1129.16875,40,2.0826285509930718,"benchmark-user sdiag row, attributed by UID; valid for every backend including HyperQueue, Flux, and local"
dev,1,hyperqueue,bench-WORKS26/dryrun-plots/synthetic-monitor-tree/dev/rep1/hyperqueue,1.6665918842951457,59,1475.0,47.543947,1188.5986750000002,40,2.0826285509930718,"benchmark-user sdiag row, attributed by UID; valid for every backend including HyperQueue, Flux, and local"
dev,1,hyperqueue,bench-WORKS26/dryrun-plots/synthetic-monitor-tree/dev/rep1/hyperqueue,1.749925217628479,62,1550.0,49.921145,1248.0286250000001,40,2.0826285509930718,"benchmark-user sdiag row, attributed by UID; valid for every backend including HyperQueue, Flux, and local"
dev,1,hyperqueue,bench-WORKS26/dryrun-plots/synthetic-monitor-tree/dev/rep1/hyperqueue,1.8332585509618122,65,1625.0,52.298342,1307.45855,40,2.0826285509930718,"benchmark-user sdiag row, attributed by UID; valid for every backend including HyperQueue, Flux, and local"
dev,1,hyperqueue,bench-WORKS26/dryrun-plots/synthetic-monitor-tree/dev/rep1/hyperqueue,1.9165918842951457,68,1700.0,54.67554,1366.8885,40,2.0826285509930718,"benchmark-user sdiag row, attributed by UID; valid for every backend including HyperQueue, Flux, and local"
dev,1,hyperqueue,bench-WORKS26/dryrun-plots/synthetic-monitor-tree/dev/rep1/hyperqueue,1.999925217628479,71,1775.0,57.052737,1426.318425,40,2.0826285509930718,"benchmark-user sdiag row, attributed by UID; valid for every backend including HyperQueue, Flux, and local"
dev,1,hyperqueue,bench-WORKS26/dryrun-plots/synthetic-monitor-tree/dev/rep1/hyperqueue,2.0832585509618124,74,1850.0,59.409837,1485.2459250000002,40,2.0826285509930718,"benchmark-user sdiag row, attributed by UID; valid for every backend including HyperQueue, Flux, and local"
dev,1,hyperqueue,bench-WORKS26/dryrun-plots/synthetic-monitor-tree/dev/rep1/hyperqueue,2.1048510165346994,74,1850.0,59.409837,1485.2459250000002,40,2.0826285509930718,"benchmark-user sdiag row, attributed by UID; valid for every backend including HyperQueue, Flux, and local"
dev,1,flux,bench-WORKS26/dryrun-plots/synthetic-monitor-tree/dev/rep1/flux,-0.0013888887564341228,0,0.0,0.0,0.0,40,2.319047812355889,"benchmark-user sdiag row, attributed by UID; valid for every backend including HyperQueue, Flux, and local"
dev,1,flux,bench-WORKS26/dryrun-plots/synthetic-monitor-tree/dev/rep1/flux,0.08312975678178999,3,75.0,2.693424,67.3356,40,2.319047812355889,"benchmark-user sdiag row, attributed by UID; valid for every backend including HyperQueue, Flux, and local"
dev,1,flux,bench-WORKS26/dryrun-plots/synthetic-monitor-tree/dev/rep1/flux,0.16646309011512334,6,150.0,5.386849,134.671225,40,2.319047812355889,"benchmark-user sdiag row, attributed by UID; valid for every backend including HyperQueue, Flux, and local"
dev,1,flux,bench-WORKS26/dryrun-plots/synthetic-monitor-tree/dev/rep1/flux,0.24979642344845665,10,250.0,8.080273,202.006825,40,2.319047812355889,"benchmark-user sdiag row, attributed by UID; valid for every backend including HyperQueue, Flux, and local"
dev,1,flux,bench-WORKS26/dryrun-plots/synthetic-monitor-tree/dev/rep1/flux,0.33312975678178997,13,325.0,10.773698,269.34245,40,2.319047812355889,"benchmark-user sdiag row, attributed by UID; valid for every backend including HyperQueue, Flux, and local"
dev,1,flux,bench-WORKS26/dryrun-plots/synthetic-monitor-tree/dev/rep1/flux,0.41646309011512334,16,400.0,13.467123,336.67807500000004,40,2.319047812355889,"benchmark-user sdiag row, attributed by UID; valid for every backend including HyperQueue, Flux, and local"
dev,1,flux,bench-WORKS26/dryrun-plots/synthetic-monitor-tree/dev/rep1/flux,0.49979642344845665,20,500.0,16.160547,404.01367500000003,40,2.319047812355889,"benchmark-user sdiag row, attributed by UID; valid for every backend including HyperQueue, Flux, and local"
dev,1,flux,bench-WORKS26/dryrun-plots/synthetic-monitor-tree/dev/rep1/flux,0.58312975678179,23,575.0,18.853972,471.34929999999997,40,2.319047812355889,"benchmark-user sdiag row, attributed by UID; valid for every backend including HyperQueue, Flux, and local"
dev,1,flux,bench-WORKS26/dryrun-plots/synthetic-monitor-tree/dev/rep1/flux,0.6664630901151233,26,650.0,21.547397,538.684925,40,2.319047812355889,"benchmark-user sdiag row, attributed by UID; valid for every backend including HyperQueue, Flux, and local"
dev,1,flux,bench-WORKS26/dryrun-plots/synthetic-monitor-tree/dev/rep1/flux,0.7497964234484567,30,750.0,24.240821,606.020525,40,2.319047812355889,"benchmark-user sdiag row, attributed by UID; valid for every backend including HyperQueue, Flux, and local"
dev,1,flux,bench-WORKS26/dryrun-plots/synthetic-monitor-tree/dev/rep1/flux,0.83312975678179,33,825.0,26.934246,673.3561500000001,40,2.319047812355889,"benchmark-user sdiag row, attributed by UID; valid for every backend including HyperQueue, Flux, and local"
dev,1,flux,bench-WORKS26/dryrun-plots/synthetic-monitor-tree/dev/rep1/flux,0.9164630901151233,36,900.0,29.627671,740.691775,40,2.319047812355889,"benchmark-user sdiag row, attributed by UID; valid for every backend including HyperQueue, Flux, and local"
dev,1,flux,bench-WORKS26/dryrun-plots/synthetic-monitor-tree/dev/rep1/flux,0.9997964234484567,40,1000.0,32.321095,808.027375,40,2.319047812355889,"benchmark-user sdiag row, attributed by UID; valid for every backend including HyperQueue, Flux, and local"
dev,1,flux,bench-WORKS26/dryrun-plots/synthetic-monitor-tree/dev/rep1/flux,1.08312975678179,43,1075.0,35.01452,875.3629999999999,40,2.319047812355889,"benchmark-user sdiag row, attributed by UID; valid for every backend including HyperQueue, Flux, and local"
dev,1,flux,bench-WORKS26/dryrun-plots/synthetic-monitor-tree/dev/rep1/flux,1.1664630901151234,46,1150.0,37.707945,942.6986250000001,40,2.319047812355889,"benchmark-user sdiag row, attributed by UID; valid for every backend including HyperQueue, Flux, and local"
dev,1,flux,bench-WORKS26/dryrun-plots/synthetic-monitor-tree/dev/rep1/flux,1.2497964234484567,50,1250.0,40.401369,1010.0342250000001,40,2.319047812355889,"benchmark-user sdiag row, attributed by UID; valid for every backend including HyperQueue, Flux, and local"
dev,1,flux,bench-WORKS26/dryrun-plots/synthetic-monitor-tree/dev/rep1/flux,1.33312975678179,53,1325.0,43.094794,1077.36985,40,2.319047812355889,"benchmark-user sdiag row, attributed by UID; valid for every backend including HyperQueue, Flux, and local"
dev,1,flux,bench-WORKS26/dryrun-plots/synthetic-monitor-tree/dev/rep1/flux,1.4164630901151234,56,1400.0,45.788219,1144.705475,40,2.319047812355889,"benchmark-user sdiag row, attributed by UID; valid for every backend including HyperQueue, Flux, and local"
dev,1,flux,bench-WORKS26/dryrun-plots/synthetic-monitor-tree/dev/rep1/flux,1.4997964234484567,60,1500.0,48.481643,1212.0410749999999,40,2.319047812355889,"benchmark-user sdiag row, attributed by UID; valid for every backend including HyperQueue, Flux, and local"
dev,1,flux,bench-WORKS26/dryrun-plots/synthetic-monitor-tree/dev/rep1/flux,1.58312975678179,63,1575.0,51.175068,1279.3767,40,2.319047812355889,"benchmark-user sdiag row, attributed by UID; valid for every backend including HyperQueue, Flux, and local"
dev,1,flux,bench-WORKS26/dryrun-plots/synthetic-monitor-tree/dev/rep1/flux,1.6664630901151234,66,1650.0,53.868493,1346.712325,40,2.319047812355889,"benchmark-user sdiag row, attributed by UID; valid for every backend including HyperQueue, Flux, and local"
dev,1,flux,bench-WORKS26/dryrun-plots/synthetic-monitor-tree/dev/rep1/flux,1.7497964234484567,70,1750.0,56.561917,1414.047925,40,2.319047812355889,"benchmark-user sdiag row, attributed by UID; valid for every backend including HyperQueue, Flux, and local"
dev,1,flux,bench-WORKS26/dryrun-plots/synthetic-monitor-tree/dev/rep1/flux,1.83312975678179,73,1825.0,59.255342,1481.38355,40,2.319047812355889,"benchmark-user sdiag row, attributed by UID; valid for every backend including HyperQueue, Flux, and local"
dev,1,flux,bench-WORKS26/dryrun-plots/synthetic-monitor-tree/dev/rep1/flux,1.9164630901151234,76,1900.0,61.948767,1548.719175,40,2.319047812355889,"benchmark-user sdiag row, attributed by UID; valid for every backend including HyperQueue, Flux, and local"
dev,1,flux,bench-WORKS26/dryrun-plots/synthetic-monitor-tree/dev/rep1/flux,1.9997964234484567,80,2000.0,64.642191,1616.0547749999998,40,2.319047812355889,"benchmark-user sdiag row, attributed by UID; valid for every backend including HyperQueue, Flux, and local"
dev,1,flux,bench-WORKS26/dryrun-plots/synthetic-monitor-tree/dev/rep1/flux,2.08312975678179,83,2075.0,67.335616,1683.3904,40,2.319047812355889,"benchmark-user sdiag row, attributed by UID; valid for every backend including HyperQueue, Flux, and local"
dev,1,flux,bench-WORKS26/dryrun-plots/synthetic-monitor-tree/dev/rep1/flux,2.166463090115123,86,2150.0,70.029041,1750.7260250000002,40,2.319047812355889,"benchmark-user sdiag row, attributed by UID; valid for every backend including HyperQueue, Flux, and local"
dev,1,flux,bench-WORKS26/dryrun-plots/synthetic-monitor-tree/dev/rep1/flux,2.2497964234484567,90,2250.0,72.722465,1818.061625,40,2.319047812355889,"benchmark-user sdiag row, attributed by UID; valid for every backend including HyperQueue, Flux, and local"
dev,1,flux,bench-WORKS26/dryrun-plots/synthetic-monitor-tree/dev/rep1/flux,2.341270255115297,93,2325.0,74.954174,1873.8543499999998,40,2.319047812355889,"benchmark-user sdiag row, attributed by UID; valid for every backend including HyperQueue, Flux, and local"
dev,1,local,bench-WORKS26/dryrun-plots/synthetic-monitor-tree/dev/rep1/local,-0.001388888888888889,0,0.0,0.0,0.0,40,4.9541683905654486,"benchmark-user sdiag row, attributed by UID; valid for every backend including HyperQueue, Flux, and local"
dev,1,local,bench-WORKS26/dryrun-plots/synthetic-monitor-tree/dev/rep1/local,0.08324839055538177,0,0.0,0.341633,8.540825,40,4.9541683905654486,"benchmark-user sdiag row, attributed by UID; valid for every backend including HyperQueue, Flux, and local"
dev,1,local,bench-WORKS26/dryrun-plots/synthetic-monitor-tree/dev/rep1/local,0.16658172388871512,0,0.0,0.683266,17.08165,40,4.9541683905654486,"benchmark-user sdiag row, attributed by UID; valid for every backend including HyperQueue, Flux, and local"
dev,1,local,bench-WORKS26/dryrun-plots/synthetic-monitor-tree/dev/rep1/local,0.24991505722204843,1,25.0,1.024899,25.622475,40,4.9541683905654486,"benchmark-user sdiag row, attributed by UID; valid for every backend including HyperQueue, Flux, and local"
dev,1,local,bench-WORKS26/dryrun-plots/synthetic-monitor-tree/dev/rep1/local,0.3332483905553818,1,25.0,1.366533,34.163325,40,4.9541683905654486,"benchmark-user sdiag row, attributed by UID; valid for every backend including HyperQueue, Flux, and local"
dev,1,local,bench-WORKS26/dryrun-plots/synthetic-monitor-tree/dev/rep1/local,0.4165817238887151,2,50.0,1.708166,42.70415,40,4.9541683905654486,"benchmark-user sdiag row, attributed by UID; valid for every backend including HyperQueue, Flux, and local"
dev,1,local,bench-WORKS26/dryrun-plots/synthetic-monitor-tree/dev/rep1/local,0.49991505722204843,2,50.0,2.049799,51.244975000000004,40,4.9541683905654486,"benchmark-user sdiag row, attributed by UID; valid for every backend including HyperQueue, Flux, and local"
dev,1,local,bench-WORKS26/dryrun-plots/synthetic-monitor-tree/dev/rep1/local,0.5832483905553818,2,50.0,2.391432,59.7858,40,4.9541683905654486,"benchmark-user sdiag row, attributed by UID; valid for every backend including HyperQueue, Flux, and local"
dev,1,local,bench-WORKS26/dryrun-plots/synthetic-monitor-tree/dev/rep1/local,0.6665817238887151,3,75.0,2.733066,68.32665,40,4.9541683905654486,"benchmark-user sdiag row, attributed by UID; valid for every backend including HyperQueue, Flux, and local"
dev,1,local,bench-WORKS26/dryrun-plots/synthetic-monitor-tree/dev/rep1/local,0.7499150572220484,3,75.0,3.074699,76.867475,40,4.9541683905654486,"benchmark-user sdiag row, attributed by UID; valid for every backend including HyperQueue, Flux, and local"
dev,1,local,bench-WORKS26/dryrun-plots/synthetic-monitor-tree/dev/rep1/local,0.8332483905553818,4,100.0,3.416332,85.4083,40,4.9541683905654486,"benchmark-user sdiag row, attributed by UID; valid for every backend including HyperQueue, Flux, and local"
dev,1,local,bench-WORKS26/dryrun-plots/synthetic-monitor-tree/dev/rep1/local,0.9165817238887151,4,100.0,3.757965,93.949125,40,4.9541683905654486,"benchmark-user sdiag row, attributed by UID; valid for every backend including HyperQueue, Flux, and local"
dev,1,local,bench-WORKS26/dryrun-plots/synthetic-monitor-tree/dev/rep1/local,0.9999150572220484,5,125.0,4.099599,102.48997500000002,40,4.9541683905654486,"benchmark-user sdiag row, attributed by UID; valid for every backend including HyperQueue, Flux, and local"
dev,1,local,bench-WORKS26/dryrun-plots/synthetic-monitor-tree/dev/rep1/local,1.0832483905553818,5,125.0,4.441232,111.03080000000001,40,4.9541683905654486,"benchmark-user sdiag row, attributed by UID; valid for every backend including HyperQueue, Flux, and local"
dev,1,local,bench-WORKS26/dryrun-plots/synthetic-monitor-tree/dev/rep1/local,1.166581723888715,5,125.0,4.782865,119.571625,40,4.9541683905654486,"benchmark-user sdiag row, attributed by UID; valid for every backend including HyperQueue, Flux, and local"
dev,1,local,bench-WORKS26/dryrun-plots/synthetic-monitor-tree/dev/rep1/local,1.2499150572220485,6,150.0,5.124498,128.11245,40,4.9541683905654486,"benchmark-user sdiag row, attributed by UID; valid for every backend including HyperQueue, Flux, and local"
dev,1,local,bench-WORKS26/dryrun-plots/synthetic-monitor-tree/dev/rep1/local,1.3332483905553818,6,150.0,5.466132,136.6533,40,4.9541683905654486,"benchmark-user sdiag row, attributed by UID; valid for every backend including HyperQueue, Flux, and local"
dev,1,local,bench-WORKS26/dryrun-plots/synthetic-monitor-tree/dev/rep1/local,1.416581723888715,7,175.0,5.807765,145.19412499999999,40,4.9541683905654486,"benchmark-user sdiag row, attributed by UID; valid for every backend including HyperQueue, Flux, and local"
dev,1,local,bench-WORKS26/dryrun-plots/synthetic-monitor-tree/dev/rep1/local,1.4999150572220485,7,175.0,6.149398,153.73495,40,4.9541683905654486,"benchmark-user sdiag row, attributed by UID; valid for every backend including HyperQueue, Flux, and local"
dev,1,local,bench-WORKS26/dryrun-plots/synthetic-monitor-tree/dev/rep1/local,1.5832483905553818,7,175.0,6.491031,162.275775,40,4.9541683905654486,"benchmark-user sdiag row, attributed by UID; valid for every backend including HyperQueue, Flux, and local"
dev,1,local,bench-WORKS26/dryrun-plots/synthetic-monitor-tree/dev/rep1/local,1.666581723888715,8,200.0,6.832665,170.81662500000002,40,4.9541683905654486,"benchmark-user sdiag row, attributed by UID; valid for every backend including HyperQueue, Flux, and local"
dev,1,local,bench-WORKS26/dryrun-plots/synthetic-monitor-tree/dev/rep1/local,1.7499150572220485,8,200.0,7.174298,179.35745,40,4.9541683905654486,"benchmark-user sdiag row, attributed by UID; valid for every backend including HyperQueue, Flux, and local"
dev,1,local,bench-WORKS26/dryrun-plots/synthetic-monitor-tree/dev/rep1/local,1.8332483905553818,9,225.0,7.515931,187.898275,40,4.9541683905654486,"benchmark-user sdiag row, attributed by UID; valid for every backend including HyperQueue, Flux, and local"
dev,1,local,bench-WORKS26/dryrun-plots/synthetic-monitor-tree/dev/rep1/local,1.916581723888715,9,225.0,7.857564,196.4391,40,4.9541683905654486,"benchmark-user sdiag row, attributed by UID; valid for every backend including HyperQueue, Flux, and local"
dev,1,local,bench-WORKS26/dryrun-plots/synthetic-monitor-tree/dev/rep1/local,1.9999150572220485,10,250.0,8.199198,204.97995000000003,40,4.9541683905654486,"benchmark-user sdiag row, attributed by UID; valid for every backend including HyperQueue, Flux, and local"
dev,1,local,bench-WORKS26/dryrun-plots/synthetic-monitor-tree/dev/rep1/local,2.0832483905553816,10,250.0,8.540831,213.52077500000001,40,4.9541683905654486,"benchmark-user sdiag row, attributed by UID; valid for every backend including HyperQueue, Flux, and local"
dev,1,local,bench-WORKS26/dryrun-plots/synthetic-monitor-tree/dev/rep1/local,2.166581723888715,10,250.0,8.882464,222.06160000000003,40,4.9541683905654486,"benchmark-user sdiag row, attributed by UID; valid for every backend including HyperQueue, Flux, and local"
dev,1,local,bench-WORKS26/dryrun-plots/synthetic-monitor-tree/dev/rep1/local,2.2499150572220485,11,275.0,9.224097,230.602425,40,4.9541683905654486,"benchmark-user sdiag row, attributed by UID; valid for every backend including HyperQueue, Flux, and local"
dev,1,local,bench-WORKS26/dryrun-plots/synthetic-monitor-tree/dev/rep1/local,2.3332483905553816,11,275.0,9.565731,239.143275,40,4.9541683905654486,"benchmark-user sdiag row, attributed by UID; valid for every backend including HyperQueue, Flux, and local"
dev,1,local,bench-WORKS26/dryrun-plots/synthetic-monitor-tree/dev/rep1/local,2.416581723888715,12,300.0,9.907364,247.68409999999997,40,4.9541683905654486,"benchmark-user sdiag row, attributed by UID; valid for every backend including HyperQueue, Flux, and local"
dev,1,local,bench-WORKS26/dryrun-plots/synthetic-monitor-tree/dev/rep1/local,2.4999150572220485,12,300.0,10.248997,256.224925,40,4.9541683905654486,"benchmark-user sdiag row, attributed by UID; valid for every backend including HyperQueue, Flux, and local"
dev,1,local,bench-WORKS26/dryrun-plots/synthetic-monitor-tree/dev/rep1/local,2.5832483905553816,13,325.0,10.59063,264.76575,40,4.9541683905654486,"benchmark-user sdiag row, attributed by UID; valid for every backend including HyperQueue, Flux, and local"
dev,1,local,bench-WORKS26/dryrun-plots/synthetic-monitor-tree/dev/rep1/local,2.666581723888715,13,325.0,10.932264,273.3066,40,4.9541683905654486,"benchmark-user sdiag row, attributed by UID; valid for every backend including HyperQueue, Flux, and local"
dev,1,local,bench-WORKS26/dryrun-plots/synthetic-monitor-tree/dev/rep1/local,2.7499150572220485,13,325.0,11.273897,281.847425,40,4.9541683905654486,"benchmark-user sdiag row, attributed by UID; valid for every backend including HyperQueue, Flux, and local"
dev,1,local,bench-WORKS26/dryrun-plots/synthetic-monitor-tree/dev/rep1/local,2.8332483905553816,14,350.0,11.61553,290.38824999999997,40,4.9541683905654486,"benchmark-user sdiag row, attributed by UID; valid for every backend including HyperQueue, Flux, and local"
dev,1,local,bench-WORKS26/dryrun-plots/synthetic-monitor-tree/dev/rep1/local,2.916581723888715,14,350.0,11.957163,298.929075,40,4.9541683905654486,"benchmark-user sdiag row, attributed by UID; valid for every backend including HyperQueue, Flux, and local"
dev,1,local,bench-WORKS26/dryrun-plots/synthetic-monitor-tree/dev/rep1/local,2.9999150572220485,15,375.0,12.298797,307.469925,40,4.9541683905654486,"benchmark-user sdiag row, attributed by UID; valid for every backend including HyperQueue, Flux, and local"
dev,1,local,bench-WORKS26/dryrun-plots/synthetic-monitor-tree/dev/rep1/local,3.0832483905553816,15,375.0,12.64043,316.01075000000003,40,4.9541683905654486,"benchmark-user sdiag row, attributed by UID; valid for every backend including HyperQueue, Flux, and local"
dev,1,local,bench-WORKS26/dryrun-plots/synthetic-monitor-tree/dev/rep1/local,3.166581723888715,15,375.0,12.982063,324.551575,40,4.9541683905654486,"benchmark-user sdiag row, attributed by UID; valid for every backend including HyperQueue, Flux, and local"
dev,1,local,bench-WORKS26/dryrun-plots/synthetic-monitor-tree/dev/rep1/local,3.2499150572220485,16,400.0,13.323696,333.0924,40,4.9541683905654486,"benchmark-user sdiag row, attributed by UID; valid for every backend including HyperQueue, Flux, and local"
dev,1,local,bench-WORKS26/dryrun-plots/synthetic-monitor-tree/dev/rep1/local,3.3332483905553816,16,400.0,13.66533,341.63325000000003,40,4.9541683905654486,"benchmark-user sdiag row, attributed by UID; valid for every backend including HyperQueue, Flux, and local"
dev,1,local,bench-WORKS26/dryrun-plots/synthetic-monitor-tree/dev/rep1/local,3.416581723888715,17,425.0,14.006963,350.174075,40,4.9541683905654486,"benchmark-user sdiag row, attributed by UID; valid for every backend including HyperQueue, Flux, and local"
dev,1,local,bench-WORKS26/dryrun-plots/synthetic-monitor-tree/dev/rep1/local,3.4999150572220485,17,425.0,14.348596,358.7149,40,4.9541683905654486,"benchmark-user sdiag row, attributed by UID; valid for every backend including HyperQueue, Flux, and local"
dev,1,local,bench-WORKS26/dryrun-plots/synthetic-monitor-tree/dev/rep1/local,3.5832483905553816,18,450.0,14.690229,367.255725,40,4.9541683905654486,"benchmark-user sdiag row, attributed by UID; valid for every backend including HyperQueue, Flux, and local"
dev,1,local,bench-WORKS26/dryrun-plots/synthetic-monitor-tree/dev/rep1/local,3.666581723888715,18,450.0,15.031863,375.79657499999996,40,4.9541683905654486,"benchmark-user sdiag row, attributed by UID; valid for every backend including HyperQueue, Flux, and local"
dev,1,local,bench-WORKS26/dryrun-plots/synthetic-monitor-tree/dev/rep1/local,3.7499150572220485,18,450.0,15.373496,384.3374,40,4.9541683905654486,"benchmark-user sdiag row, attributed by UID; valid for every backend including HyperQueue, Flux, and local"
dev,1,local,bench-WORKS26/dryrun-plots/synthetic-monitor-tree/dev/rep1/local,3.8332483905553816,19,475.0,15.715129,392.878225,40,4.9541683905654486,"benchmark-user sdiag row, attributed by UID; valid for every backend including HyperQueue, Flux, and local"
dev,1,local,bench-WORKS26/dryrun-plots/synthetic-monitor-tree/dev/rep1/local,3.916581723888715,19,475.0,16.056762,401.41904999999997,40,4.9541683905654486,"benchmark-user sdiag row, attributed by UID; valid for every backend including HyperQueue, Flux, and local"
dev,1,local,bench-WORKS26/dryrun-plots/synthetic-monitor-tree/dev/rep1/local,3.9999150572220485,20,500.0,16.398396,409.95990000000006,40,4.9541683905654486,"benchmark-user sdiag row, attributed by UID; valid for every backend including HyperQueue, Flux, and local"
dev,1,local,bench-WORKS26/dryrun-plots/synthetic-monitor-tree/dev/rep1/local,4.083248390555382,20,500.0,16.740029,418.500725,40,4.9541683905654486,"benchmark-user sdiag row, attributed by UID; valid for every backend including HyperQueue, Flux, and local"
dev,1,local,bench-WORKS26/dryrun-plots/synthetic-monitor-tree/dev/rep1/local,4.166581723888715,21,525.0,17.081662,427.04155000000003,40,4.9541683905654486,"benchmark-user sdiag row, attributed by UID; valid for every backend including HyperQueue, Flux, and local"
dev,1,local,bench-WORKS26/dryrun-plots/synthetic-monitor-tree/dev/rep1/local,4.249915057222048,21,525.0,17.423295,435.582375,40,4.9541683905654486,"benchmark-user sdiag row, attributed by UID; valid for every backend including HyperQueue, Flux, and local"
dev,1,local,bench-WORKS26/dryrun-plots/synthetic-monitor-tree/dev/rep1/local,4.333248390555382,21,525.0,17.764929,444.123225,40,4.9541683905654486,"benchmark-user sdiag row, attributed by UID; valid for every backend including HyperQueue, Flux, and local"
dev,1,local,bench-WORKS26/dryrun-plots/synthetic-monitor-tree/dev/rep1/local,4.416581723888715,22,550.0,18.106562,452.66405000000003,40,4.9541683905654486,"benchmark-user sdiag row, attributed by UID; valid for every backend including HyperQueue, Flux, and local"
dev,1,local,bench-WORKS26/dryrun-plots/synthetic-monitor-tree/dev/rep1/local,4.499915057222048,22,550.0,18.448195,461.20487499999996,40,4.9541683905654486,"benchmark-user sdiag row, attributed by UID; valid for every backend including HyperQueue, Flux, and local"
dev,1,local,bench-WORKS26/dryrun-plots/synthetic-monitor-tree/dev/rep1/local,4.583248390555382,23,575.0,18.789828,469.7457,40,4.9541683905654486,"benchmark-user sdiag row, attributed by UID; valid for every backend including HyperQueue, Flux, and local"
dev,1,local,bench-WORKS26/dryrun-plots/synthetic-monitor-tree/dev/rep1/local,4.666581723888715,23,575.0,19.131462,478.28655,40,4.9541683905654486,"benchmark-user sdiag row, attributed by UID; valid for every backend including HyperQueue, Flux, and local"
dev,1,local,bench-WORKS26/dryrun-plots/synthetic-monitor-tree/dev/rep1/local,4.749915057222048,23,575.0,19.473095,486.827375,40,4.9541683905654486,"benchmark-user sdiag row, attributed by UID; valid for every backend including HyperQueue, Flux, and local"
dev,1,local,bench-WORKS26/dryrun-plots/synthetic-monitor-tree/dev/rep1/local,4.833248390555382,24,600.0,19.814728,495.36819999999994,40,4.9541683905654486,"benchmark-user sdiag row, attributed by UID; valid for every backend including HyperQueue, Flux, and local"
dev,1,local,bench-WORKS26/dryrun-plots/synthetic-monitor-tree/dev/rep1/local,4.916581723888715,24,600.0,20.156361,503.909025,40,4.9541683905654486,"benchmark-user sdiag row, attributed by UID; valid for every backend including HyperQueue, Flux, and local"
dev,1,local,bench-WORKS26/dryrun-plots/synthetic-monitor-tree/dev/rep1/local,4.97639063000679,25,625.0,20.310104,507.7526,40,4.9541683905654486,"benchmark-user sdiag row, attributed by UID; valid for every backend including HyperQueue, Flux, and local"
phoenix,1,native,bench-WORKS26/dryrun-plots/synthetic-monitor-tree/phoenix/rep1/native,-0.001388888888888889,0,0.0,0.0,0.0,40,3.17115000002914,"benchmark-user sdiag row, attributed by UID; valid for every backend including HyperQueue, Flux, and local"
phoenix,1,native,bench-WORKS26/dryrun-plots/synthetic-monitor-tree/phoenix/rep1/native,0.08333333333333333,31,775.0,25.04328,626.082,40,3.17115000002914,"benchmark-user sdiag row, attributed by UID; valid for every backend including HyperQueue, Flux, and local"
phoenix,1,native,bench-WORKS26/dryrun-plots/synthetic-monitor-tree/phoenix/rep1/native,0.16666666666666666,62,1550.0,50.086561,1252.164025,40,3.17115000002914,"benchmark-user sdiag row, attributed by UID; valid for every backend including HyperQueue, Flux, and local"
phoenix,1,native,bench-WORKS26/dryrun-plots/synthetic-monitor-tree/phoenix/rep1/native,0.25,93,2325.0,75.129841,1878.246025,40,3.17115000002914,"benchmark-user sdiag row, attributed by UID; valid for every backend including HyperQueue, Flux, and local"
phoenix,1,native,bench-WORKS26/dryrun-plots/synthetic-monitor-tree/phoenix/rep1/native,0.3333333333333333,125,3125.0,100.173122,2504.32805,40,3.17115000002914,"benchmark-user sdiag row, attributed by UID; valid for every backend including HyperQueue, Flux, and local"
phoenix,1,native,bench-WORKS26/dryrun-plots/synthetic-monitor-tree/phoenix/rep1/native,0.4166666666666667,156,3900.0,125.216402,3130.41005,40,3.17115000002914,"benchmark-user sdiag row, attributed by UID; valid for every backend including HyperQueue, Flux, and local"
phoenix,1,native,bench-WORKS26/dryrun-plots/synthetic-monitor-tree/phoenix/rep1/native,0.5,187,4675.0,150.259683,3756.492075,40,3.17115000002914,"benchmark-user sdiag row, attributed by UID; valid for every backend including HyperQueue, Flux, and local"
phoenix,1,native,bench-WORKS26/dryrun-plots/synthetic-monitor-tree/phoenix/rep1/native,0.5833333333333334,219,5475.0,175.302963,4382.574075,40,3.17115000002914,"benchmark-user sdiag row, attributed by UID; valid for every backend including HyperQueue, Flux, and local"
phoenix,1,native,bench-WORKS26/dryrun-plots/synthetic-monitor-tree/phoenix/rep1/native,0.6666666666666666,250,6250.0,200.346244,5008.6561,40,3.17115000002914,"benchmark-user sdiag row, attributed by UID; valid for every backend including HyperQueue, Flux, and local"
phoenix,1,native,bench-WORKS26/dryrun-plots/synthetic-monitor-tree/phoenix/rep1/native,0.75,281,7025.0,225.389524,5634.7381,40,3.17115000002914,"benchmark-user sdiag row, attributed by UID; valid for every backend including HyperQueue, Flux, and local"
phoenix,1,native,bench-WORKS26/dryrun-plots/synthetic-monitor-tree/phoenix/rep1/native,0.8333333333333334,312,7800.0,250.432805,6260.820125,40,3.17115000002914,"benchmark-user sdiag row, attributed by UID; valid for every backend including HyperQueue, Flux, and local"
phoenix,1,native,bench-WORKS26/dryrun-plots/synthetic-monitor-tree/phoenix/rep1/native,0.9166666666666666,344,8600.0,275.476086,6886.90215,40,3.17115000002914,"benchmark-user sdiag row, attributed by UID; valid for every backend including HyperQueue, Flux, and local"
phoenix,1,native,bench-WORKS26/dryrun-plots/synthetic-monitor-tree/phoenix/rep1/native,1.0,375,9375.0,300.519366,7512.98415,40,3.17115000002914,"benchmark-user sdiag row, attributed by UID; valid for every backend including HyperQueue, Flux, and local"
phoenix,1,native,bench-WORKS26/dryrun-plots/synthetic-monitor-tree/phoenix/rep1/native,1.0833333333333333,406,10150.0,325.562647,8139.066175000001,40,3.17115000002914,"benchmark-user sdiag row, attributed by UID; valid for every backend including HyperQueue, Flux, and local"
phoenix,1,native,bench-WORKS26/dryrun-plots/synthetic-monitor-tree/phoenix/rep1/native,1.1666666666666667,438,10950.0,350.605927,8765.148175,40,3.17115000002914,"benchmark-user sdiag row, attributed by UID; valid for every backend including HyperQueue, Flux, and local"
phoenix,1,native,bench-WORKS26/dryrun-plots/synthetic-monitor-tree/phoenix/rep1/native,1.25,469,11725.0,375.649208,9391.2302,40,3.17115000002914,"benchmark-user sdiag row, attributed by UID; valid for every backend including HyperQueue, Flux, and local"
phoenix,1,native,bench-WORKS26/dryrun-plots/synthetic-monitor-tree/phoenix/rep1/native,1.3333333333333333,500,12500.0,400.692488,10017.3122,40,3.17115000002914,"benchmark-user sdiag row, attributed by UID; valid for every backend including HyperQueue, Flux, and local"
phoenix,1,native,bench-WORKS26/dryrun-plots/synthetic-monitor-tree/phoenix/rep1/native,1.4166666666666667,532,13300.0,425.735769,10643.394225,40,3.17115000002914,"benchmark-user sdiag row, attributed by UID; valid for every backend including HyperQueue, Flux, and local"
phoenix,1,native,bench-WORKS26/dryrun-plots/synthetic-monitor-tree/phoenix/rep1/native,1.5,563,14075.0,450.779049,11269.476225,40,3.17115000002914,"benchmark-user sdiag row, attributed by UID; valid for every backend including HyperQueue, Flux, and local"
phoenix,1,native,bench-WORKS26/dryrun-plots/synthetic-monitor-tree/phoenix/rep1/native,1.5833333333333333,594,14850.0,475.82233,11895.55825,40,3.17115000002914,"benchmark-user sdiag row, attributed by UID; valid for every backend including HyperQueue, Flux, and local"
phoenix,1,native,bench-WORKS26/dryrun-plots/synthetic-monitor-tree/phoenix/rep1/native,1.6666666666666667,625,15625.0,500.865611,12521.640275,40,3.17115000002914,"benchmark-user sdiag row, attributed by UID; valid for every backend including HyperQueue, Flux, and local"
phoenix,1,native,bench-WORKS26/dryrun-plots/synthetic-monitor-tree/phoenix/rep1/native,1.75,657,16425.0,525.908891,13147.722275,40,3.17115000002914,"benchmark-user sdiag row, attributed by UID; valid for every backend including HyperQueue, Flux, and local"
phoenix,1,native,bench-WORKS26/dryrun-plots/synthetic-monitor-tree/phoenix/rep1/native,1.8333333333333333,688,17200.0,550.952172,13773.8043,40,3.17115000002914,"benchmark-user sdiag row, attributed by UID; valid for every backend including HyperQueue, Flux, and local"
phoenix,1,native,bench-WORKS26/dryrun-plots/synthetic-monitor-tree/phoenix/rep1/native,1.9166666666666667,719,17975.0,575.995452,14399.8863,40,3.17115000002914,"benchmark-user sdiag row, attributed by UID; valid for every backend including HyperQueue, Flux, and local"
phoenix,1,native,bench-WORKS26/dryrun-plots/synthetic-monitor-tree/phoenix/rep1/native,2.0,751,18775.0,601.038733,15025.968325,40,3.17115000002914,"benchmark-user sdiag row, attributed by UID; valid for every backend including HyperQueue, Flux, and local"
phoenix,1,native,bench-WORKS26/dryrun-plots/synthetic-monitor-tree/phoenix/rep1/native,2.0833333333333335,782,19550.0,626.082013,15652.050324999998,40,3.17115000002914,"benchmark-user sdiag row, attributed by UID; valid for every backend including HyperQueue, Flux, and local"
phoenix,1,native,bench-WORKS26/dryrun-plots/synthetic-monitor-tree/phoenix/rep1/native,2.1666666666666665,813,20325.0,651.125294,16278.132350000002,40,3.17115000002914,"benchmark-user sdiag row, attributed by UID; valid for every backend including HyperQueue, Flux, and local"
phoenix,1,native,bench-WORKS26/dryrun-plots/synthetic-monitor-tree/phoenix/rep1/native,2.25,845,21125.0,676.168574,16904.214350000002,40,3.17115000002914,"benchmark-user sdiag row, attributed by UID; valid for every backend including HyperQueue, Flux, and local"
phoenix,1,native,bench-WORKS26/dryrun-plots/synthetic-monitor-tree/phoenix/rep1/native,2.3333333333333335,876,21900.0,701.211855,17530.296375,40,3.17115000002914,"benchmark-user sdiag row, attributed by UID; valid for every backend including HyperQueue, Flux, and local"
phoenix,1,native,bench-WORKS26/dryrun-plots/synthetic-monitor-tree/phoenix/rep1/native,2.4166666666666665,907,22675.0,726.255136,18156.3784,40,3.17115000002914,"benchmark-user sdiag row, attributed by UID; valid for every backend including HyperQueue, Flux, and local"
phoenix,1,native,bench-WORKS26/dryrun-plots/synthetic-monitor-tree/phoenix/rep1/native,2.5,938,23450.0,751.298416,18782.4604,40,3.17115000002914,"benchmark-user sdiag row, attributed by UID; valid for every backend including HyperQueue, Flux, and local"
phoenix,1,native,bench-WORKS26/dryrun-plots/synthetic-monitor-tree/phoenix/rep1/native,2.5833333333333335,970,24250.0,776.341697,19408.542425,40,3.17115000002914,"benchmark-user sdiag row, attributed by UID; valid for every backend including HyperQueue, Flux, and local"
phoenix,1,native,bench-WORKS26/dryrun-plots/synthetic-monitor-tree/phoenix/rep1/native,2.6666666666666665,1001,25025.0,801.384977,20034.624425,40,3.17115000002914,"benchmark-user sdiag row, attributed by UID; valid for every backend including HyperQueue, Flux, and local"
phoenix,1,native,bench-WORKS26/dryrun-plots/synthetic-monitor-tree/phoenix/rep1/native,2.75,1032,25800.0,826.428258,20660.70645,40,3.17115000002914,"benchmark-user sdiag row, attributed by UID; valid for every backend including HyperQueue, Flux, and local"
phoenix,1,native,bench-WORKS26/dryrun-plots/synthetic-monitor-tree/phoenix/rep1/native,2.8333333333333335,1064,26600.0,851.471538,21286.78845,40,3.17115000002914,"benchmark-user sdiag row, attributed by UID; valid for every backend including HyperQueue, Flux, and local"
phoenix,1,native,bench-WORKS26/dryrun-plots/synthetic-monitor-tree/phoenix/rep1/native,2.9166666666666665,1095,27375.0,876.514819,21912.870475,40,3.17115000002914,"benchmark-user sdiag row, attributed by UID; valid for every backend including HyperQueue, Flux, and local"
phoenix,1,native,bench-WORKS26/dryrun-plots/synthetic-monitor-tree/phoenix/rep1/native,3.0,1126,28150.0,901.558099,22538.952475,40,3.17115000002914,"benchmark-user sdiag row, attributed by UID; valid for every backend including HyperQueue, Flux, and local"
phoenix,1,native,bench-WORKS26/dryrun-plots/synthetic-monitor-tree/phoenix/rep1/native,3.0833333333333335,1158,28950.0,926.60138,23165.034499999998,40,3.17115000002914,"benchmark-user sdiag row, attributed by UID; valid for every backend including HyperQueue, Flux, and local"
phoenix,1,native,bench-WORKS26/dryrun-plots/synthetic-monitor-tree/phoenix/rep1/native,3.1666666666666665,1189,29725.0,951.644661,23791.116525,40,3.17115000002914,"benchmark-user sdiag row, attributed by UID; valid for every backend including HyperQueue, Flux, and local"
phoenix,1,native,bench-WORKS26/dryrun-plots/synthetic-monitor-tree/phoenix/rep1/native,3.193372233642472,1191,29775.0,952.991993,23824.799825,40,3.17115000002914,"benchmark-user sdiag row, attributed by UID; valid for every backend including HyperQueue, Flux, and local"
phoenix,1,jobarray,bench-WORKS26/dryrun-plots/synthetic-monitor-tree/phoenix/rep1/jobarray,-0.001388888955116272,0,0.0,0.0,0.0,40,2.760582210752699,"benchmark-user sdiag row, attributed by UID; valid for every backend including HyperQueue, Flux, and local"
phoenix,1,jobarray,bench-WORKS26/dryrun-plots/synthetic-monitor-tree/phoenix/rep1/jobarray,0.08329443295796712,9,225.0,7.387733,184.693325,40,2.760582210752699,"benchmark-user sdiag row, attributed by UID; valid for every backend including HyperQueue, Flux, and local"
phoenix,1,jobarray,bench-WORKS26/dryrun-plots/synthetic-monitor-tree/phoenix/rep1/jobarray,0.16662776629130047,18,450.0,14.775466,369.38665,40,2.760582210752699,"benchmark-user sdiag row, attributed by UID; valid for every backend including HyperQueue, Flux, and local"
phoenix,1,jobarray,bench-WORKS26/dryrun-plots/synthetic-monitor-tree/phoenix/rep1/jobarray,0.24996109962463378,27,675.0,22.163199,554.079975,40,2.760582210752699,"benchmark-user sdiag row, attributed by UID; valid for every backend including HyperQueue, Flux, and local"
phoenix,1,jobarray,bench-WORKS26/dryrun-plots/synthetic-monitor-tree/phoenix/rep1/jobarray,0.3332944329579671,36,900.0,29.550932,738.7733,40,2.760582210752699,"benchmark-user sdiag row, attributed by UID; valid for every backend including HyperQueue, Flux, and local"
phoenix,1,jobarray,bench-WORKS26/dryrun-plots/synthetic-monitor-tree/phoenix/rep1/jobarray,0.41662776629130044,46,1150.0,36.938665,923.466625,40,2.760582210752699,"benchmark-user sdiag row, attributed by UID; valid for every backend including HyperQueue, Flux, and local"
phoenix,1,jobarray,bench-WORKS26/dryrun-plots/synthetic-monitor-tree/phoenix/rep1/jobarray,0.4999610996246338,55,1375.0,44.326398,1108.15995,40,2.760582210752699,"benchmark-user sdiag row, attributed by UID; valid for every backend including HyperQueue, Flux, and local"
phoenix,1,jobarray,bench-WORKS26/dryrun-plots/synthetic-monitor-tree/phoenix/rep1/jobarray,0.5832944329579671,64,1600.0,51.714131,1292.853275,40,2.760582210752699,"benchmark-user sdiag row, attributed by UID; valid for every backend including HyperQueue, Flux, and local"
phoenix,1,jobarray,bench-WORKS26/dryrun-plots/synthetic-monitor-tree/phoenix/rep1/jobarray,0.6666277662913005,73,1825.0,59.101864,1477.5466,40,2.760582210752699,"benchmark-user sdiag row, attributed by UID; valid for every backend including HyperQueue, Flux, and local"
phoenix,1,jobarray,bench-WORKS26/dryrun-plots/synthetic-monitor-tree/phoenix/rep1/jobarray,0.7499610996246338,82,2050.0,66.489598,1662.2399500000001,40,2.760582210752699,"benchmark-user sdiag row, attributed by UID; valid for every backend including HyperQueue, Flux, and local"
phoenix,1,jobarray,bench-WORKS26/dryrun-plots/synthetic-monitor-tree/phoenix/rep1/jobarray,0.8332944329579671,92,2300.0,73.877331,1846.9332749999999,40,2.760582210752699,"benchmark-user sdiag row, attributed by UID; valid for every backend including HyperQueue, Flux, and local"
phoenix,1,jobarray,bench-WORKS26/dryrun-plots/synthetic-monitor-tree/phoenix/rep1/jobarray,0.9166277662913005,101,2525.0,81.265064,2031.6265999999998,40,2.760582210752699,"benchmark-user sdiag row, attributed by UID; valid for every backend including HyperQueue, Flux, and local"
phoenix,1,jobarray,bench-WORKS26/dryrun-plots/synthetic-monitor-tree/phoenix/rep1/jobarray,0.9999610996246338,110,2750.0,88.652797,2216.3199250000002,40,2.760582210752699,"benchmark-user sdiag row, attributed by UID; valid for every backend including HyperQueue, Flux, and local"
phoenix,1,jobarray,bench-WORKS26/dryrun-plots/synthetic-monitor-tree/phoenix/rep1/jobarray,1.083294432957967,119,2975.0,96.04053,2401.01325,40,2.760582210752699,"benchmark-user sdiag row, attributed by UID; valid for every backend including HyperQueue, Flux, and local"
phoenix,1,jobarray,bench-WORKS26/dryrun-plots/synthetic-monitor-tree/phoenix/rep1/jobarray,1.1666277662913005,128,3200.0,103.428263,2585.706575,40,2.760582210752699,"benchmark-user sdiag row, attributed by UID; valid for every backend including HyperQueue, Flux, and local"
phoenix,1,jobarray,bench-WORKS26/dryrun-plots/synthetic-monitor-tree/phoenix/rep1/jobarray,1.2499610996246338,138,3450.0,110.815996,2770.3999,40,2.760582210752699,"benchmark-user sdiag row, attributed by UID; valid for every backend including HyperQueue, Flux, and local"
phoenix,1,jobarray,bench-WORKS26/dryrun-plots/synthetic-monitor-tree/phoenix/rep1/jobarray,1.333294432957967,147,3675.0,118.203729,2955.093225,40,2.760582210752699,"benchmark-user sdiag row, attributed by UID; valid for every backend including HyperQueue, Flux, and local"
phoenix,1,jobarray,bench-WORKS26/dryrun-plots/synthetic-monitor-tree/phoenix/rep1/jobarray,1.4166277662913005,156,3900.0,125.591463,3139.786575,40,2.760582210752699,"benchmark-user sdiag row, attributed by UID; valid for every backend including HyperQueue, Flux, and local"
phoenix,1,jobarray,bench-WORKS26/dryrun-plots/synthetic-monitor-tree/phoenix/rep1/jobarray,1.4999610996246338,165,4125.0,132.979196,3324.4799000000003,40,2.760582210752699,"benchmark-user sdiag row, attributed by UID; valid for every backend including HyperQueue, Flux, and local"
phoenix,1,jobarray,bench-WORKS26/dryrun-plots/synthetic-monitor-tree/phoenix/rep1/jobarray,1.583294432957967,174,4350.0,140.366929,3509.173225,40,2.760582210752699,"benchmark-user sdiag row, attributed by UID; valid for every backend including HyperQueue, Flux, and local"
phoenix,1,jobarray,bench-WORKS26/dryrun-plots/synthetic-monitor-tree/phoenix/rep1/jobarray,1.6666277662913005,184,4600.0,147.754662,3693.8665499999997,40,2.760582210752699,"benchmark-user sdiag row, attributed by UID; valid for every backend including HyperQueue, Flux, and local"
phoenix,1,jobarray,bench-WORKS26/dryrun-plots/synthetic-monitor-tree/phoenix/rep1/jobarray,1.7499610996246338,193,4825.0,155.142395,3878.559875,40,2.760582210752699,"benchmark-user sdiag row, attributed by UID; valid for every backend including HyperQueue, Flux, and local"
phoenix,1,jobarray,bench-WORKS26/dryrun-plots/synthetic-monitor-tree/phoenix/rep1/jobarray,1.833294432957967,202,5050.0,162.530128,4063.2531999999997,40,2.760582210752699,"benchmark-user sdiag row, attributed by UID; valid for every backend including HyperQueue, Flux, and local"
phoenix,1,jobarray,bench-WORKS26/dryrun-plots/synthetic-monitor-tree/phoenix/rep1/jobarray,1.9166277662913005,211,5275.0,169.917861,4247.946524999999,40,2.760582210752699,"benchmark-user sdiag row, attributed by UID; valid for every backend including HyperQueue, Flux, and local"
phoenix,1,jobarray,bench-WORKS26/dryrun-plots/synthetic-monitor-tree/phoenix/rep1/jobarray,1.9999610996246338,220,5500.0,177.305594,4432.6398500000005,40,2.760582210752699,"benchmark-user sdiag row, attributed by UID; valid for every backend including HyperQueue, Flux, and local"
phoenix,1,jobarray,bench-WORKS26/dryrun-plots/synthetic-monitor-tree/phoenix/rep1/jobarray,2.0832944329579672,230,5750.0,184.693328,4617.3332,40,2.760582210752699,"benchmark-user sdiag row, attributed by UID; valid for every backend including HyperQueue, Flux, and local"
phoenix,1,jobarray,bench-WORKS26/dryrun-plots/synthetic-monitor-tree/phoenix/rep1/jobarray,2.1666277662913003,239,5975.0,192.081061,4802.026525,40,2.760582210752699,"benchmark-user sdiag row, attributed by UID; valid for every backend including HyperQueue, Flux, and local"
phoenix,1,jobarray,bench-WORKS26/dryrun-plots/synthetic-monitor-tree/phoenix/rep1/jobarray,2.2499610996246338,248,6200.0,199.468794,4986.71985,40,2.760582210752699,"benchmark-user sdiag row, attributed by UID; valid for every backend including HyperQueue, Flux, and local"
phoenix,1,jobarray,bench-WORKS26/dryrun-plots/synthetic-monitor-tree/phoenix/rep1/jobarray,2.3332944329579672,257,6425.0,206.856527,5171.413175,40,2.760582210752699,"benchmark-user sdiag row, attributed by UID; valid for every backend including HyperQueue, Flux, and local"
phoenix,1,jobarray,bench-WORKS26/dryrun-plots/synthetic-monitor-tree/phoenix/rep1/jobarray,2.4166277662913003,267,6675.0,214.24426,5356.1065,40,2.760582210752699,"benchmark-user sdiag row, attributed by UID; valid for every backend including HyperQueue, Flux, and local"
phoenix,1,jobarray,bench-WORKS26/dryrun-plots/synthetic-monitor-tree/phoenix/rep1/jobarray,2.4999610996246338,276,6900.0,221.631993,5540.799825,40,2.760582210752699,"benchmark-user sdiag row, attributed by UID; valid for every backend including HyperQueue, Flux, and local"
phoenix,1,jobarray,bench-WORKS26/dryrun-plots/synthetic-monitor-tree/phoenix/rep1/jobarray,2.5832944329579672,285,7125.0,229.019726,5725.49315,40,2.760582210752699,"benchmark-user sdiag row, attributed by UID; valid for every backend including HyperQueue, Flux, and local"
phoenix,1,jobarray,bench-WORKS26/dryrun-plots/synthetic-monitor-tree/phoenix/rep1/jobarray,2.6666277662913003,294,7350.0,236.407459,5910.1864749999995,40,2.760582210752699,"benchmark-user sdiag row, attributed by UID; valid for every backend including HyperQueue, Flux, and local"
phoenix,1,jobarray,bench-WORKS26/dryrun-plots/synthetic-monitor-tree/phoenix/rep1/jobarray,2.7499610996246338,303,7575.0,243.795193,6094.879825,40,2.760582210752699,"benchmark-user sdiag row, attributed by UID; valid for every backend including HyperQueue, Flux, and local"
phoenix,1,jobarray,bench-WORKS26/dryrun-plots/synthetic-monitor-tree/phoenix/rep1/jobarray,2.7828044488032657,305,7625.0,244.733337,6118.333425,40,2.760582210752699,"benchmark-user sdiag row, attributed by UID; valid for every backend including HyperQueue, Flux, and local"
phoenix,1,hyperqueue,bench-WORKS26/dryrun-plots/synthetic-monitor-tree/phoenix/rep1/hyperqueue,-0.0013888887564341228,0,0.0,0.0,0.0,40,2.0314508176512187,"benchmark-user sdiag row, attributed by UID; valid for every backend including HyperQueue, Flux, and local"
phoenix,1,hyperqueue,bench-WORKS26/dryrun-plots/synthetic-monitor-tree/phoenix/rep1/hyperqueue,0.08326776206493378,3,75.0,2.493472,62.336800000000004,40,2.0314508176512187,"benchmark-user sdiag row, attributed by UID; valid for every backend including HyperQueue, Flux, and local"
phoenix,1,hyperqueue,bench-WORKS26/dryrun-plots/synthetic-monitor-tree/phoenix/rep1/hyperqueue,0.16660109539826712,6,150.0,4.986944,124.67360000000001,40,2.0314508176512187,"benchmark-user sdiag row, attributed by UID; valid for every backend including HyperQueue, Flux, and local"
phoenix,1,hyperqueue,bench-WORKS26/dryrun-plots/synthetic-monitor-tree/phoenix/rep1/hyperqueue,0.24993442873160043,9,225.0,7.480416,187.0104,40,2.0314508176512187,"benchmark-user sdiag row, attributed by UID; valid for every backend including HyperQueue, Flux, and local"
phoenix,1,hyperqueue,bench-WORKS26/dryrun-plots/synthetic-monitor-tree/phoenix/rep1/hyperqueue,0.3332677620649338,12,300.0,9.973888,249.34720000000002,40,2.0314508176512187,"benchmark-user sdiag row, attributed by UID; valid for every backend including HyperQueue, Flux, and local"
phoenix,1,hyperqueue,bench-WORKS26/dryrun-plots/synthetic-monitor-tree/phoenix/rep1/hyperqueue,0.4166010953982671,15,375.0,12.46736,311.68399999999997,40,2.0314508176512187,"benchmark-user sdiag row, attributed by UID; valid for every backend including HyperQueue, Flux, and local"
phoenix,1,hyperqueue,bench-WORKS26/dryrun-plots/synthetic-monitor-tree/phoenix/rep1/hyperqueue,0.49993442873160043,18,450.0,14.960832,374.0208,40,2.0314508176512187,"benchmark-user sdiag row, attributed by UID; valid for every backend including HyperQueue, Flux, and local"
phoenix,1,hyperqueue,bench-WORKS26/dryrun-plots/synthetic-monitor-tree/phoenix/rep1/hyperqueue,0.5832677620649338,21,525.0,17.454305,436.35762500000004,40,2.0314508176512187,"benchmark-user sdiag row, attributed by UID; valid for every backend including HyperQueue, Flux, and local"
phoenix,1,hyperqueue,bench-WORKS26/dryrun-plots/synthetic-monitor-tree/phoenix/rep1/hyperqueue,0.6666010953982671,24,600.0,19.947777,498.69442499999997,40,2.0314508176512187,"benchmark-user sdiag row, attributed by UID; valid for every backend including HyperQueue, Flux, and local"
phoenix,1,hyperqueue,bench-WORKS26/dryrun-plots/synthetic-monitor-tree/phoenix/rep1/hyperqueue,0.7499344287316004,27,675.0,22.441249,561.031225,40,2.0314508176512187,"benchmark-user sdiag row, attributed by UID; valid for every backend including HyperQueue, Flux, and local"
phoenix,1,hyperqueue,bench-WORKS26/dryrun-plots/synthetic-monitor-tree/phoenix/rep1/hyperqueue,0.8332677620649338,30,750.0,24.934721,623.368025,40,2.0314508176512187,"benchmark-user sdiag row, attributed by UID; valid for every backend including HyperQueue, Flux, and local"
phoenix,1,hyperqueue,bench-WORKS26/dryrun-plots/synthetic-monitor-tree/phoenix/rep1/hyperqueue,0.9166010953982671,33,825.0,27.428193,685.704825,40,2.0314508176512187,"benchmark-user sdiag row, attributed by UID; valid for every backend including HyperQueue, Flux, and local"
phoenix,1,hyperqueue,bench-WORKS26/dryrun-plots/synthetic-monitor-tree/phoenix/rep1/hyperqueue,0.9999344287316004,36,900.0,29.921665,748.0416250000001,40,2.0314508176512187,"benchmark-user sdiag row, attributed by UID; valid for every backend including HyperQueue, Flux, and local"
phoenix,1,hyperqueue,bench-WORKS26/dryrun-plots/synthetic-monitor-tree/phoenix/rep1/hyperqueue,1.0832677620649338,39,975.0,32.415138,810.3784499999999,40,2.0314508176512187,"benchmark-user sdiag row, attributed by UID; valid for every backend including HyperQueue, Flux, and local"
phoenix,1,hyperqueue,bench-WORKS26/dryrun-plots/synthetic-monitor-tree/phoenix/rep1/hyperqueue,1.166601095398267,43,1075.0,34.90861,872.7152500000001,40,2.0314508176512187,"benchmark-user sdiag row, attributed by UID; valid for every backend including HyperQueue, Flux, and local"
phoenix,1,hyperqueue,bench-WORKS26/dryrun-plots/synthetic-monitor-tree/phoenix/rep1/hyperqueue,1.2499344287316005,46,1150.0,37.402082,935.05205,40,2.0314508176512187,"benchmark-user sdiag row, attributed by UID; valid for every backend including HyperQueue, Flux, and local"
phoenix,1,hyperqueue,bench-WORKS26/dryrun-plots/synthetic-monitor-tree/phoenix/rep1/hyperqueue,1.3332677620649338,49,1225.0,39.895554,997.3888499999999,40,2.0314508176512187,"benchmark-user sdiag row, attributed by UID; valid for every backend including HyperQueue, Flux, and local"
phoenix,1,hyperqueue,bench-WORKS26/dryrun-plots/synthetic-monitor-tree/phoenix/rep1/hyperqueue,1.416601095398267,52,1300.0,42.389026,1059.72565,40,2.0314508176512187,"benchmark-user sdiag row, attributed by UID; valid for every backend including HyperQueue, Flux, and local"
phoenix,1,hyperqueue,bench-WORKS26/dryrun-plots/synthetic-monitor-tree/phoenix/rep1/hyperqueue,1.4999344287316005,55,1375.0,44.882498,1122.06245,40,2.0314508176512187,"benchmark-user sdiag row, attributed by UID; valid for every backend including HyperQueue, Flux, and local"
phoenix,1,hyperqueue,bench-WORKS26/dryrun-plots/synthetic-monitor-tree/phoenix/rep1/hyperqueue,1.5832677620649338,58,1450.0,47.375971,1184.399275,40,2.0314508176512187,"benchmark-user sdiag row, attributed by UID; valid for every backend including HyperQueue, Flux, and local"
phoenix,1,hyperqueue,bench-WORKS26/dryrun-plots/synthetic-monitor-tree/phoenix/rep1/hyperqueue,1.666601095398267,61,1525.0,49.869443,1246.736075,40,2.0314508176512187,"benchmark-user sdiag row, attributed by UID; valid for every backend including HyperQueue, Flux, and local"
phoenix,1,hyperqueue,bench-WORKS26/dryrun-plots/synthetic-monitor-tree/phoenix/rep1/hyperqueue,1.7499344287316005,64,1600.0,52.362915,1309.072875,40,2.0314508176512187,"benchmark-user sdiag row, attributed by UID; valid for every backend including HyperQueue, Flux, and local"
phoenix,1,hyperqueue,bench-WORKS26/dryrun-plots/synthetic-monitor-tree/phoenix/rep1/hyperqueue,1.8332677620649338,67,1675.0,54.856387,1371.4096749999999,40,2.0314508176512187,"benchmark-user sdiag row, attributed by UID; valid for every backend including HyperQueue, Flux, and local"
phoenix,1,hyperqueue,bench-WORKS26/dryrun-plots/synthetic-monitor-tree/phoenix/rep1/hyperqueue,1.916601095398267,70,1750.0,57.349859,1433.7464750000001,40,2.0314508176512187,"benchmark-user sdiag row, attributed by UID; valid for every backend including HyperQueue, Flux, and local"
phoenix,1,hyperqueue,bench-WORKS26/dryrun-plots/synthetic-monitor-tree/phoenix/rep1/hyperqueue,1.9999344287316005,73,1825.0,59.843331,1496.083275,40,2.0314508176512187,"benchmark-user sdiag row, attributed by UID; valid for every backend including HyperQueue, Flux, and local"
phoenix,1,hyperqueue,bench-WORKS26/dryrun-plots/synthetic-monitor-tree/phoenix/rep1/hyperqueue,2.053673216501872,75,1875.0,60.784398,1519.60995,40,2.0314508176512187,"benchmark-user sdiag row, attributed by UID; valid for every backend including HyperQueue, Flux, and local"
phoenix,1,flux,bench-WORKS26/dryrun-plots/synthetic-monitor-tree/phoenix/rep1/flux,-0.001388888888888889,0,0.0,0.0,0.0,40,2.291817045542929,"benchmark-user sdiag row, attributed by UID; valid for every backend including HyperQueue, Flux, and local"
phoenix,1,flux,bench-WORKS26/dryrun-plots/synthetic-monitor-tree/phoenix/rep1/flux,0.08320565667417314,3,75.0,2.676145,66.903625,40,2.291817045542929,"benchmark-user sdiag row, attributed by UID; valid for every backend including HyperQueue, Flux, and local"
phoenix,1,flux,bench-WORKS26/dryrun-plots/synthetic-monitor-tree/phoenix/rep1/flux,0.16653899000750647,6,150.0,5.352291,133.807275,40,2.291817045542929,"benchmark-user sdiag row, attributed by UID; valid for every backend including HyperQueue, Flux, and local"
phoenix,1,flux,bench-WORKS26/dryrun-plots/synthetic-monitor-tree/phoenix/rep1/flux,0.2498723233408398,9,225.0,8.028437,200.710925,40,2.291817045542929,"benchmark-user sdiag row, attributed by UID; valid for every backend including HyperQueue, Flux, and local"
phoenix,1,flux,bench-WORKS26/dryrun-plots/synthetic-monitor-tree/phoenix/rep1/flux,0.3332056566741731,13,325.0,10.704583,267.614575,40,2.291817045542929,"benchmark-user sdiag row, attributed by UID; valid for every backend including HyperQueue, Flux, and local"
phoenix,1,flux,bench-WORKS26/dryrun-plots/synthetic-monitor-tree/phoenix/rep1/flux,0.4165389900075065,16,400.0,13.380729,334.51822500000003,40,2.291817045542929,"benchmark-user sdiag row, attributed by UID; valid for every backend including HyperQueue, Flux, and local"
phoenix,1,flux,bench-WORKS26/dryrun-plots/synthetic-monitor-tree/phoenix/rep1/flux,0.4998723233408398,19,475.0,16.056875,401.42187500000006,40,2.291817045542929,"benchmark-user sdiag row, attributed by UID; valid for every backend including HyperQueue, Flux, and local"
phoenix,1,flux,bench-WORKS26/dryrun-plots/synthetic-monitor-tree/phoenix/rep1/flux,0.5832056566741731,23,575.0,18.733021,468.325525,40,2.291817045542929,"benchmark-user sdiag row, attributed by UID; valid for every backend including HyperQueue, Flux, and local"
phoenix,1,flux,bench-WORKS26/dryrun-plots/synthetic-monitor-tree/phoenix/rep1/flux,0.6665389900075065,26,650.0,21.409167,535.229175,40,2.291817045542929,"benchmark-user sdiag row, attributed by UID; valid for every backend including HyperQueue, Flux, and local"
phoenix,1,flux,bench-WORKS26/dryrun-plots/synthetic-monitor-tree/phoenix/rep1/flux,0.7498723233408399,29,725.0,24.085313,602.132825,40,2.291817045542929,"benchmark-user sdiag row, attributed by UID; valid for every backend including HyperQueue, Flux, and local"
phoenix,1,flux,bench-WORKS26/dryrun-plots/synthetic-monitor-tree/phoenix/rep1/flux,0.8332056566741731,33,825.0,26.761459,669.036475,40,2.291817045542929,"benchmark-user sdiag row, attributed by UID; valid for every backend including HyperQueue, Flux, and local"
phoenix,1,flux,bench-WORKS26/dryrun-plots/synthetic-monitor-tree/phoenix/rep1/flux,0.9165389900075065,36,900.0,29.437605,735.9401250000001,40,2.291817045542929,"benchmark-user sdiag row, attributed by UID; valid for every backend including HyperQueue, Flux, and local"
phoenix,1,flux,bench-WORKS26/dryrun-plots/synthetic-monitor-tree/phoenix/rep1/flux,0.9998723233408399,39,975.0,32.113751,802.843775,40,2.291817045542929,"benchmark-user sdiag row, attributed by UID; valid for every backend including HyperQueue, Flux, and local"
phoenix,1,flux,bench-WORKS26/dryrun-plots/synthetic-monitor-tree/phoenix/rep1/flux,1.0832056566741732,43,1075.0,34.789897,869.7474250000001,40,2.291817045542929,"benchmark-user sdiag row, attributed by UID; valid for every backend including HyperQueue, Flux, and local"
phoenix,1,flux,bench-WORKS26/dryrun-plots/synthetic-monitor-tree/phoenix/rep1/flux,1.1665389900075065,46,1150.0,37.466043,936.651075,40,2.291817045542929,"benchmark-user sdiag row, attributed by UID; valid for every backend including HyperQueue, Flux, and local"
phoenix,1,flux,bench-WORKS26/dryrun-plots/synthetic-monitor-tree/phoenix/rep1/flux,1.2498723233408398,49,1225.0,40.142189,1003.5547250000001,40,2.291817045542929,"benchmark-user sdiag row, attributed by UID; valid for every backend including HyperQueue, Flux, and local"
phoenix,1,flux,bench-WORKS26/dryrun-plots/synthetic-monitor-tree/phoenix/rep1/flux,1.3332056566741732,52,1300.0,42.818335,1070.458375,40,2.291817045542929,"benchmark-user sdiag row, attributed by UID; valid for every backend including HyperQueue, Flux, and local"
phoenix,1,flux,bench-WORKS26/dryrun-plots/synthetic-monitor-tree/phoenix/rep1/flux,1.4165389900075065,56,1400.0,45.494481,1137.362025,40,2.291817045542929,"benchmark-user sdiag row, attributed by UID; valid for every backend including HyperQueue, Flux, and local"
phoenix,1,flux,bench-WORKS26/dryrun-plots/synthetic-monitor-tree/phoenix/rep1/flux,1.4998723233408398,59,1475.0,48.170627,1204.265675,40,2.291817045542929,"benchmark-user sdiag row, attributed by UID; valid for every backend including HyperQueue, Flux, and local"
phoenix,1,flux,bench-WORKS26/dryrun-plots/synthetic-monitor-tree/phoenix/rep1/flux,1.5832056566741732,62,1550.0,50.846773,1271.169325,40,2.291817045542929,"benchmark-user sdiag row, attributed by UID; valid for every backend including HyperQueue, Flux, and local"
phoenix,1,flux,bench-WORKS26/dryrun-plots/synthetic-monitor-tree/phoenix/rep1/flux,1.6665389900075065,66,1650.0,53.522919,1338.072975,40,2.291817045542929,"benchmark-user sdiag row, attributed by UID; valid for every backend including HyperQueue, Flux, and local"
phoenix,1,flux,bench-WORKS26/dryrun-plots/synthetic-monitor-tree/phoenix/rep1/flux,1.7498723233408398,69,1725.0,56.199065,1404.976625,40,2.291817045542929,"benchmark-user sdiag row, attributed by UID; valid for every backend including HyperQueue, Flux, and local"
phoenix,1,flux,bench-WORKS26/dryrun-plots/synthetic-monitor-tree/phoenix/rep1/flux,1.8332056566741732,72,1800.0,58.875211,1471.880275,40,2.291817045542929,"benchmark-user sdiag row, attributed by UID; valid for every backend including HyperQueue, Flux, and local"
phoenix,1,flux,bench-WORKS26/dryrun-plots/synthetic-monitor-tree/phoenix/rep1/flux,1.9165389900075065,76,1900.0,61.551356,1538.7839,40,2.291817045542929,"benchmark-user sdiag row, attributed by UID; valid for every backend including HyperQueue, Flux, and local"
phoenix,1,flux,bench-WORKS26/dryrun-plots/synthetic-monitor-tree/phoenix/rep1/flux,1.9998723233408398,79,1975.0,64.227502,1605.68755,40,2.291817045542929,"benchmark-user sdiag row, attributed by UID; valid for every backend including HyperQueue, Flux, and local"
phoenix,1,flux,bench-WORKS26/dryrun-plots/synthetic-monitor-tree/phoenix/rep1/flux,2.0832056566741732,82,2050.0,66.903648,1672.5912,40,2.291817045542929,"benchmark-user sdiag row, attributed by UID; valid for every backend including HyperQueue, Flux, and local"
phoenix,1,flux,bench-WORKS26/dryrun-plots/synthetic-monitor-tree/phoenix/rep1/flux,2.1665389900075063,86,2150.0,69.579794,1739.4948500000003,40,2.291817045542929,"benchmark-user sdiag row, attributed by UID; valid for every backend including HyperQueue, Flux, and local"
phoenix,1,flux,bench-WORKS26/dryrun-plots/synthetic-monitor-tree/phoenix/rep1/flux,2.2498723233408398,89,2225.0,72.25594,1806.3984999999998,40,2.291817045542929,"benchmark-user sdiag row, attributed by UID; valid for every backend including HyperQueue, Flux, and local"
phoenix,1,flux,bench-WORKS26/dryrun-plots/synthetic-monitor-tree/phoenix/rep1/flux,2.3140393305487104,91,2275.0,73.598845,1839.971125,40,2.291817045542929,"benchmark-user sdiag row, attributed by UID; valid for every backend including HyperQueue, Flux, and local"
phoenix,1,local,bench-WORKS26/dryrun-plots/synthetic-monitor-tree/phoenix/rep1/local,-0.001388888955116272,0,0.0,0.0,0.0,40,5.161557714939118,"benchmark-user sdiag row, attributed by UID; valid for every backend including HyperQueue, Flux, and local"
phoenix,1,local,bench-WORKS26/dryrun-plots/synthetic-monitor-tree/phoenix/rep1/local,0.08333299272590214,0,0.0,0.316919,7.922975,40,5.161557714939118,"benchmark-user sdiag row, attributed by UID; valid for every backend including HyperQueue, Flux, and local"
phoenix,1,local,bench-WORKS26/dryrun-plots/synthetic-monitor-tree/phoenix/rep1/local,0.16666632605923545,0,0.0,0.633838,15.84595,40,5.161557714939118,"benchmark-user sdiag row, attributed by UID; valid for every backend including HyperQueue, Flux, and local"
phoenix,1,local,bench-WORKS26/dryrun-plots/synthetic-monitor-tree/phoenix/rep1/local,0.2499996593925688,1,25.0,0.950757,23.768925,40,5.161557714939118,"benchmark-user sdiag row, attributed by UID; valid for every backend including HyperQueue, Flux, and local"
phoenix,1,local,bench-WORKS26/dryrun-plots/synthetic-monitor-tree/phoenix/rep1/local,0.3333329927259021,1,25.0,1.267676,31.6919,40,5.161557714939118,"benchmark-user sdiag row, attributed by UID; valid for every backend including HyperQueue, Flux, and local"
phoenix,1,local,bench-WORKS26/dryrun-plots/synthetic-monitor-tree/phoenix/rep1/local,0.4166663260592355,1,25.0,1.584595,39.614875,40,5.161557714939118,"benchmark-user sdiag row, attributed by UID; valid for every backend including HyperQueue, Flux, and local"
phoenix,1,local,bench-WORKS26/dryrun-plots/synthetic-monitor-tree/phoenix/rep1/local,0.4999996593925688,2,50.0,1.901514,47.53785,40,5.161557714939118,"benchmark-user sdiag row, attributed by UID; valid for every backend including HyperQueue, Flux, and local"
phoenix,1,local,bench-WORKS26/dryrun-plots/synthetic-monitor-tree/phoenix/rep1/local,0.5833329927259021,2,50.0,2.218433,55.460825,40,5.161557714939118,"benchmark-user sdiag row, attributed by UID; valid for every backend including HyperQueue, Flux, and local"
phoenix,1,local,bench-WORKS26/dryrun-plots/synthetic-monitor-tree/phoenix/rep1/local,0.6666663260592355,3,75.0,2.535352,63.3838,40,5.161557714939118,"benchmark-user sdiag row, attributed by UID; valid for every backend including HyperQueue, Flux, and local"
phoenix,1,local,bench-WORKS26/dryrun-plots/synthetic-monitor-tree/phoenix/rep1/local,0.7499996593925689,3,75.0,2.852271,71.306775,40,5.161557714939118,"benchmark-user sdiag row, attributed by UID; valid for every backend including HyperQueue, Flux, and local"
phoenix,1,local,bench-WORKS26/dryrun-plots/synthetic-monitor-tree/phoenix/rep1/local,0.8333329927259021,3,75.0,3.16919,79.22975,40,5.161557714939118,"benchmark-user sdiag row, attributed by UID; valid for every backend including HyperQueue, Flux, and local"
phoenix,1,local,bench-WORKS26/dryrun-plots/synthetic-monitor-tree/phoenix/rep1/local,0.9166663260592355,4,100.0,3.48611,87.15275,40,5.161557714939118,"benchmark-user sdiag row, attributed by UID; valid for every backend including HyperQueue, Flux, and local"
phoenix,1,local,bench-WORKS26/dryrun-plots/synthetic-monitor-tree/phoenix/rep1/local,0.9999996593925689,4,100.0,3.803029,95.075725,40,5.161557714939118,"benchmark-user sdiag row, attributed by UID; valid for every backend including HyperQueue, Flux, and local"
phoenix,1,local,bench-WORKS26/dryrun-plots/synthetic-monitor-tree/phoenix/rep1/local,1.083332992725902,5,125.0,4.119948,102.9987,40,5.161557714939118,"benchmark-user sdiag row, attributed by UID; valid for every backend including HyperQueue, Flux, and local"
phoenix,1,local,bench-WORKS26/dryrun-plots/synthetic-monitor-tree/phoenix/rep1/local,1.1666663260592354,5,125.0,4.436867,110.92167500000001,40,5.161557714939118,"benchmark-user sdiag row, attributed by UID; valid for every backend including HyperQueue, Flux, and local"
phoenix,1,local,bench-WORKS26/dryrun-plots/synthetic-monitor-tree/phoenix/rep1/local,1.2499996593925689,5,125.0,4.753786,118.84465,40,5.161557714939118,"benchmark-user sdiag row, attributed by UID; valid for every backend including HyperQueue, Flux, and local"
phoenix,1,local,bench-WORKS26/dryrun-plots/synthetic-monitor-tree/phoenix/rep1/local,1.333332992725902,6,150.0,5.070705,126.76762500000001,40,5.161557714939118,"benchmark-user sdiag row, attributed by UID; valid for every backend including HyperQueue, Flux, and local"
phoenix,1,local,bench-WORKS26/dryrun-plots/synthetic-monitor-tree/phoenix/rep1/local,1.4166663260592354,6,150.0,5.387624,134.6906,40,5.161557714939118,"benchmark-user sdiag row, attributed by UID; valid for every backend including HyperQueue, Flux, and local"
phoenix,1,local,bench-WORKS26/dryrun-plots/synthetic-monitor-tree/phoenix/rep1/local,1.4999996593925689,6,150.0,5.704543,142.613575,40,5.161557714939118,"benchmark-user sdiag row, attributed by UID; valid for every backend including HyperQueue, Flux, and local"
phoenix,1,local,bench-WORKS26/dryrun-plots/synthetic-monitor-tree/phoenix/rep1/local,1.583332992725902,7,175.0,6.021462,150.53654999999998,40,5.161557714939118,"benchmark-user sdiag row, attributed by UID; valid for every backend including HyperQueue, Flux, and local"
phoenix,1,local,bench-WORKS26/dryrun-plots/synthetic-monitor-tree/phoenix/rep1/local,1.6666663260592354,7,175.0,6.338381,158.459525,40,5.161557714939118,"benchmark-user sdiag row, attributed by UID; valid for every backend including HyperQueue, Flux, and local"
phoenix,1,local,bench-WORKS26/dryrun-plots/synthetic-monitor-tree/phoenix/rep1/local,1.7499996593925689,8,200.0,6.655301,166.382525,40,5.161557714939118,"benchmark-user sdiag row, attributed by UID; valid for every backend including HyperQueue, Flux, and local"
phoenix,1,local,bench-WORKS26/dryrun-plots/synthetic-monitor-tree/phoenix/rep1/local,1.833332992725902,8,200.0,6.97222,174.3055,40,5.161557714939118,"benchmark-user sdiag row, attributed by UID; valid for every backend including HyperQueue, Flux, and local"
phoenix,1,local,bench-WORKS26/dryrun-plots/synthetic-monitor-tree/phoenix/rep1/local,1.9166663260592354,8,200.0,7.289139,182.228475,40,5.161557714939118,"benchmark-user sdiag row, attributed by UID; valid for every backend including HyperQueue, Flux, and local"
phoenix,1,local,bench-WORKS26/dryrun-plots/synthetic-monitor-tree/phoenix/rep1/local,1.9999996593925689,9,225.0,7.606058,190.15145,40,5.161557714939118,"benchmark-user sdiag row, attributed by UID; valid for every backend including HyperQueue, Flux, and local"
phoenix,1,local,bench-WORKS26/dryrun-plots/synthetic-monitor-tree/phoenix/rep1/local,2.0833329927259023,9,225.0,7.922977,198.07442500000002,40,5.161557714939118,"benchmark-user sdiag row, attributed by UID; valid for every backend including HyperQueue, Flux, and local"
phoenix,1,local,bench-WORKS26/dryrun-plots/synthetic-monitor-tree/phoenix/rep1/local,2.1666663260592354,10,250.0,8.239896,205.9974,40,5.161557714939118,"benchmark-user sdiag row, attributed by UID; valid for every backend including HyperQueue, Flux, and local"
phoenix,1,local,bench-WORKS26/dryrun-plots/synthetic-monitor-tree/phoenix/rep1/local,2.249999659392569,10,250.0,8.556815,213.920375,40,5.161557714939118,"benchmark-user sdiag row, attributed by UID; valid for every backend including HyperQueue, Flux, and local"
phoenix,1,local,bench-WORKS26/dryrun-plots/synthetic-monitor-tree/phoenix/rep1/local,2.3333329927259023,10,250.0,8.873734,221.84335000000002,40,5.161557714939118,"benchmark-user sdiag row, attributed by UID; valid for every backend including HyperQueue, Flux, and local"
phoenix,1,local,bench-WORKS26/dryrun-plots/synthetic-monitor-tree/phoenix/rep1/local,2.4166663260592354,11,275.0,9.190653,229.766325,40,5.161557714939118,"benchmark-user sdiag row, attributed by UID; valid for every backend including HyperQueue, Flux, and local"
phoenix,1,local,bench-WORKS26/dryrun-plots/synthetic-monitor-tree/phoenix/rep1/local,2.499999659392569,11,275.0,9.507572,237.6893,40,5.161557714939118,"benchmark-user sdiag row, attributed by UID; valid for every backend including HyperQueue, Flux, and local"
phoenix,1,local,bench-WORKS26/dryrun-plots/synthetic-monitor-tree/phoenix/rep1/local,2.5833329927259023,12,300.0,9.824492,245.61229999999998,40,5.161557714939118,"benchmark-user sdiag row, attributed by UID; valid for every backend including HyperQueue, Flux, and local"
phoenix,1,local,bench-WORKS26/dryrun-plots/synthetic-monitor-tree/phoenix/rep1/local,2.6666663260592354,12,300.0,10.141411,253.53527499999998,40,5.161557714939118,"benchmark-user sdiag row, attributed by UID; valid for every backend including HyperQueue, Flux, and local"
phoenix,1,local,bench-WORKS26/dryrun-plots/synthetic-monitor-tree/phoenix/rep1/local,2.749999659392569,12,300.0,10.45833,261.45825,40,5.161557714939118,"benchmark-user sdiag row, attributed by UID; valid for every backend including HyperQueue, Flux, and local"
phoenix,1,local,bench-WORKS26/dryrun-plots/synthetic-monitor-tree/phoenix/rep1/local,2.8333329927259023,13,325.0,10.775249,269.38122500000003,40,5.161557714939118,"benchmark-user sdiag row, attributed by UID; valid for every backend including HyperQueue, Flux, and local"
phoenix,1,local,bench-WORKS26/dryrun-plots/synthetic-monitor-tree/phoenix/rep1/local,2.9166663260592354,13,325.0,11.092168,277.3042,40,5.161557714939118,"benchmark-user sdiag row, attributed by UID; valid for every backend including HyperQueue, Flux, and local"
phoenix,1,local,bench-WORKS26/dryrun-plots/synthetic-monitor-tree/phoenix/rep1/local,2.999999659392569,13,325.0,11.409087,285.227175,40,5.161557714939118,"benchmark-user sdiag row, attributed by UID; valid for every backend including HyperQueue, Flux, and local"
phoenix,1,local,bench-WORKS26/dryrun-plots/synthetic-monitor-tree/phoenix/rep1/local,3.0833329927259023,14,350.0,11.726006,293.15015,40,5.161557714939118,"benchmark-user sdiag row, attributed by UID; valid for every backend including HyperQueue, Flux, and local"
phoenix,1,local,bench-WORKS26/dryrun-plots/synthetic-monitor-tree/phoenix/rep1/local,3.1666663260592354,14,350.0,12.042925,301.073125,40,5.161557714939118,"benchmark-user sdiag row, attributed by UID; valid for every backend including HyperQueue, Flux, and local"
phoenix,1,local,bench-WORKS26/dryrun-plots/synthetic-monitor-tree/phoenix/rep1/local,3.249999659392569,15,375.0,12.359844,308.9961,40,5.161557714939118,"benchmark-user sdiag row, attributed by UID; valid for every backend including HyperQueue, Flux, and local"
phoenix,1,local,bench-WORKS26/dryrun-plots/synthetic-monitor-tree/phoenix/rep1/local,3.3333329927259023,15,375.0,12.676763,316.91907499999996,40,5.161557714939118,"benchmark-user sdiag row, attributed by UID; valid for every backend including HyperQueue, Flux, and local"
phoenix,1,local,bench-WORKS26/dryrun-plots/synthetic-monitor-tree/phoenix/rep1/local,3.4166663260592354,15,375.0,12.993683,324.842075,40,5.161557714939118,"benchmark-user sdiag row, attributed by UID; valid for every backend including HyperQueue, Flux, and local"
phoenix,1,local,bench-WORKS26/dryrun-plots/synthetic-monitor-tree/phoenix/rep1/local,3.499999659392569,16,400.0,13.310602,332.76505,40,5.161557714939118,"benchmark-user sdiag row, attributed by UID; valid for every backend including HyperQueue, Flux, and local"
phoenix,1,local,bench-WORKS26/dryrun-plots/synthetic-monitor-tree/phoenix/rep1/local,3.5833329927259023,16,400.0,13.627521,340.688025,40,5.161557714939118,"benchmark-user sdiag row, attributed by UID; valid for every backend including HyperQueue, Flux, and local"
phoenix,1,local,bench-WORKS26/dryrun-plots/synthetic-monitor-tree/phoenix/rep1/local,3.6666663260592354,17,425.0,13.94444,348.611,40,5.161557714939118,"benchmark-user sdiag row, attributed by UID; valid for every backend including HyperQueue, Flux, and local"
phoenix,1,local,bench-WORKS26/dryrun-plots/synthetic-monitor-tree/phoenix/rep1/local,3.749999659392569,17,425.0,14.261359,356.533975,40,5.161557714939118,"benchmark-user sdiag row, attributed by UID; valid for every backend including HyperQueue, Flux, and local"
phoenix,1,local,bench-WORKS26/dryrun-plots/synthetic-monitor-tree/phoenix/rep1/local,3.8333329927259023,17,425.0,14.578278,364.45695,40,5.161557714939118,"benchmark-user sdiag row, attributed by UID; valid for every backend including HyperQueue, Flux, and local"
phoenix,1,local,bench-WORKS26/dryrun-plots/synthetic-monitor-tree/phoenix/rep1/local,3.9166663260592354,18,450.0,14.895197,372.379925,40,5.161557714939118,"benchmark-user sdiag row, attributed by UID; valid for every backend including HyperQueue, Flux, and local"
phoenix,1,local,bench-WORKS26/dryrun-plots/synthetic-monitor-tree/phoenix/rep1/local,3.999999659392569,18,450.0,15.212116,380.3029,40,5.161557714939118,"benchmark-user sdiag row, attributed by UID; valid for every backend including HyperQueue, Flux, and local"
phoenix,1,local,bench-WORKS26/dryrun-plots/synthetic-monitor-tree/phoenix/rep1/local,4.083332992725902,18,450.0,15.529035,388.22587500000003,40,5.161557714939118,"benchmark-user sdiag row, attributed by UID; valid for every backend including HyperQueue, Flux, and local"
phoenix,1,local,bench-WORKS26/dryrun-plots/synthetic-monitor-tree/phoenix/rep1/local,4.166666326059236,19,475.0,15.845954,396.14885000000004,40,5.161557714939118,"benchmark-user sdiag row, attributed by UID; valid for every backend including HyperQueue, Flux, and local"
phoenix,1,local,bench-WORKS26/dryrun-plots/synthetic-monitor-tree/phoenix/rep1/local,4.249999659392569,19,475.0,16.162874,404.07185,40,5.161557714939118,"benchmark-user sdiag row, attributed by UID; valid for every backend including HyperQueue, Flux, and local"
phoenix,1,local,bench-WORKS26/dryrun-plots/synthetic-monitor-tree/phoenix/rep1/local,4.333332992725902,20,500.0,16.479793,411.994825,40,5.161557714939118,"benchmark-user sdiag row, attributed by UID; valid for every backend including HyperQueue, Flux, and local"
phoenix,1,local,bench-WORKS26/dryrun-plots/synthetic-monitor-tree/phoenix/rep1/local,4.416666326059236,20,500.0,16.796712,419.9178,40,5.161557714939118,"benchmark-user sdiag row, attributed by UID; valid for every backend including HyperQueue, Flux, and local"
phoenix,1,local,bench-WORKS26/dryrun-plots/synthetic-monitor-tree/phoenix/rep1/local,4.499999659392569,20,500.0,17.113631,427.84077500000006,40,5.161557714939118,"benchmark-user sdiag row, attributed by UID; valid for every backend including HyperQueue, Flux, and local"
phoenix,1,local,bench-WORKS26/dryrun-plots/synthetic-monitor-tree/phoenix/rep1/local,4.583332992725902,21,525.0,17.43055,435.76375,40,5.161557714939118,"benchmark-user sdiag row, attributed by UID; valid for every backend including HyperQueue, Flux, and local"
phoenix,1,local,bench-WORKS26/dryrun-plots/synthetic-monitor-tree/phoenix/rep1/local,4.666666326059236,21,525.0,17.747469,443.68672499999997,40,5.161557714939118,"benchmark-user sdiag row, attributed by UID; valid for every backend including HyperQueue, Flux, and local"
phoenix,1,local,bench-WORKS26/dryrun-plots/synthetic-monitor-tree/phoenix/rep1/local,4.749999659392569,22,550.0,18.064388,451.60970000000003,40,5.161557714939118,"benchmark-user sdiag row, attributed by UID; valid for every backend including HyperQueue, Flux, and local"
phoenix,1,local,bench-WORKS26/dryrun-plots/synthetic-monitor-tree/phoenix/rep1/local,4.833332992725902,22,550.0,18.381307,459.532675,40,5.161557714939118,"benchmark-user sdiag row, attributed by UID; valid for every backend including HyperQueue, Flux, and local"
phoenix,1,local,bench-WORKS26/dryrun-plots/synthetic-monitor-tree/phoenix/rep1/local,4.916666326059236,22,550.0,18.698226,467.45564999999993,40,5.161557714939118,"benchmark-user sdiag row, attributed by UID; valid for every backend including HyperQueue, Flux, and local"
phoenix,1,local,bench-WORKS26/dryrun-plots/synthetic-monitor-tree/phoenix/rep1/local,4.999999659392569,23,575.0,19.015145,475.378625,40,5.161557714939118,"benchmark-user sdiag row, attributed by UID; valid for every backend including HyperQueue, Flux, and local"
phoenix,1,local,bench-WORKS26/dryrun-plots/synthetic-monitor-tree/phoenix/rep1/local,5.083332992725902,23,575.0,19.332064,483.30159999999995,40,5.161557714939118,"benchmark-user sdiag row, attributed by UID; valid for every backend including HyperQueue, Flux, and local"
phoenix,1,local,bench-WORKS26/dryrun-plots/synthetic-monitor-tree/phoenix/rep1/local,5.166666326059236,24,600.0,19.629555,490.738875,40,5.161557714939118,"benchmark-user sdiag row, attributed by UID; valid for every backend including HyperQueue, Flux, and local"
phoenix,1,local,bench-WORKS26/dryrun-plots/synthetic-monitor-tree/phoenix/rep1/local,5.183780043588745,24,600.0,19.629555,490.738875,40,5.161557714939118,"benchmark-user sdiag row, attributed by UID; valid for every backend including HyperQueue, Flux, and local"
