venue,replicate,backend,run_dir,hours_from_clean_start,rpc_count_since_t0,rpc_count_per_1000_endpoint_tasks_since_t0,rpc_processing_s_since_t0,rpc_processing_s_per_1000_endpoint_tasks_since_t0,expected_endpoint_tasks,walltime_h,interpretation
dev,1,native,dryrun-plots/synthetic-monitor-tree/dev/rep1/native,-0.001388888888888889,0,0.0,0.0,0.0,40,3.206873055564033,"benchmark-user sdiag row, attributed by UID; valid for every backend including HyperQueue, Flux, and local"
dev,1,native,dryrun-plots/synthetic-monitor-tree/dev/rep1/native,0.08333333333333333,31,775.0,25.286236,632.1559,40,3.206873055564033,"benchmark-user sdiag row, attributed by UID; valid for every backend including HyperQueue, Flux, and local"
dev,1,native,dryrun-plots/synthetic-monitor-tree/dev/rep1/native,0.16666666666666666,63,1575.0,50.572473,1264.311825,40,3.206873055564033,"benchmark-user sdiag row, attributed by UID; valid for every backend including HyperQueue, Flux, and local"
dev,1,native,dryrun-plots/synthetic-monitor-tree/dev/rep1/native,0.25,94,2350.0,75.85871,1896.46775,40,3.206873055564033,"benchmark-user sdiag row, attributed by UID; valid for every backend including HyperQueue, Flux, and local"
dev,1,native,dryrun-plots/synthetic-monitor-tree/dev/rep1/native,0.3333333333333333,126,3150.0,101.144947,2528.623675,40,3.206873055564033,"benchmark-user sdiag row, attributed by UID; valid for every backend including HyperQueue, Flux, and local"
dev,1,native,dryrun-plots/synthetic-monitor-tree/dev/rep1/native,0.4166666666666667,157,3925.0,126.431183,3160.779575,40,3.206873055564033,"benchmark-user sdiag row, attributed by UID; valid for every backend including HyperQueue, Flux, and local"
dev,1,native,dryrun-plots/synthetic-monitor-tree/dev/rep1/native,0.5,189,4725.0,151.71742,3792.9355,40,3.206873055564033,"benchmark-user sdiag row, attributed by UID; valid for every backend including HyperQueue, Flux, and local"
dev,1,native,dryrun-plots/synthetic-monitor-tree/dev/rep1/native,0.5833333333333334,221,5525.0,177.003657,4425.0914250000005,40,3.206873055564033,"benchmark-user sdiag row, attributed by UID; valid for every backend including HyperQueue, Flux, and local"
dev,1,native,dryrun-plots/synthetic-monitor-tree/dev/rep1/native,0.6666666666666666,252,6300.0,202.289894,5057.24735,40,3.206873055564033,"benchmark-user sdiag row, attributed by UID; valid for every backend including HyperQueue, Flux, and local"
dev,1,native,dryrun-plots/synthetic-monitor-tree/dev/rep1/native,0.75,284,7100.0,227.57613,5689.40325,40,3.206873055564033,"benchmark-user sdiag row, attributed by UID; valid for every backend including HyperQueue, Flux, and local"
dev,1,native,dryrun-plots/synthetic-monitor-tree/dev/rep1/native,0.8333333333333334,315,7875.0,252.862367,6321.559175,40,3.206873055564033,"benchmark-user sdiag row, attributed by UID; valid for every backend including HyperQueue, Flux, and local"
dev,1,native,dryrun-plots/synthetic-monitor-tree/dev/rep1/native,0.9166666666666666,347,8675.0,278.148604,6953.715099999999,40,3.206873055564033,"benchmark-user sdiag row, attributed by UID; valid for every backend including HyperQueue, Flux, and local"
dev,1,native,dryrun-plots/synthetic-monitor-tree/dev/rep1/native,1.0,379,9475.0,303.434841,7585.871025,40,3.206873055564033,"benchmark-user sdiag row, attributed by UID; valid for every backend including HyperQueue, Flux, and local"
dev,1,native,dryrun-plots/synthetic-monitor-tree/dev/rep1/native,1.0833333333333333,410,10250.0,328.721077,8218.026925,40,3.206873055564033,"benchmark-user sdiag row, attributed by UID; valid for every backend including HyperQueue, Flux, and local"
dev,1,native,dryrun-plots/synthetic-monitor-tree/dev/rep1/native,1.1666666666666667,442,11050.0,354.007314,8850.182850000001,40,3.206873055564033,"benchmark-user sdiag row, attributed by UID; valid for every backend including HyperQueue, Flux, and local"
dev,1,native,dryrun-plots/synthetic-monitor-tree/dev/rep1/native,1.25,473,11825.0,379.293551,9482.338775,40,3.206873055564033,"benchmark-user sdiag row, attributed by UID; valid for every backend including HyperQueue, Flux, and local"
dev,1,native,dryrun-plots/synthetic-monitor-tree/dev/rep1/native,1.3333333333333333,505,12625.0,404.579788,10114.4947,40,3.206873055564033,"benchmark-user sdiag row, attributed by UID; valid for every backend including HyperQueue, Flux, and local"
dev,1,native,dryrun-plots/synthetic-monitor-tree/dev/rep1/native,1.4166666666666667,537,13425.0,429.866024,10746.650599999999,40,3.206873055564033,"benchmark-user sdiag row, attributed by UID; valid for every backend including HyperQueue, Flux, and local"
dev,1,native,dryrun-plots/synthetic-monitor-tree/dev/rep1/native,1.5,568,14200.0,455.152261,11378.806525,40,3.206873055564033,"benchmark-user sdiag row, attributed by UID; valid for every backend including HyperQueue, Flux, and local"
dev,1,native,dryrun-plots/synthetic-monitor-tree/dev/rep1/native,1.5833333333333333,600,15000.0,480.438498,12010.962449999999,40,3.206873055564033,"benchmark-user sdiag row, attributed by UID; valid for every backend including HyperQueue, Flux, and local"
dev,1,native,dryrun-plots/synthetic-monitor-tree/dev/rep1/native,1.6666666666666667,631,15775.0,505.724735,12643.118375,40,3.206873055564033,"benchmark-user sdiag row, attributed by UID; valid for every backend including HyperQueue, Flux, and local"
dev,1,native,dryrun-plots/synthetic-monitor-tree/dev/rep1/native,1.75,663,16575.0,531.010971,13275.274275000002,40,3.206873055564033,"benchmark-user sdiag row, attributed by UID; valid for every backend including HyperQueue, Flux, and local"
dev,1,native,dryrun-plots/synthetic-monitor-tree/dev/rep1/native,1.8333333333333333,695,17375.0,556.297208,13907.430199999999,40,3.206873055564033,"benchmark-user sdiag row, attributed by UID; valid for every backend including HyperQueue, Flux, and local"
dev,1,native,dryrun-plots/synthetic-monitor-tree/dev/rep1/native,1.9166666666666667,726,18150.0,581.583445,14539.586125,40,3.206873055564033,"benchmark-user sdiag row, attributed by UID; valid for every backend including HyperQueue, Flux, and local"
dev,1,native,dryrun-plots/synthetic-monitor-tree/dev/rep1/native,2.0,758,18950.0,606.869682,15171.74205,40,3.206873055564033,"benchmark-user sdiag row, attributed by UID; valid for every backend including HyperQueue, Flux, and local"
dev,1,native,dryrun-plots/synthetic-monitor-tree/dev/rep1/native,2.0833333333333335,789,19725.0,632.155918,15803.89795,40,3.206873055564033,"benchmark-user sdiag row, attributed by UID; valid for every backend including HyperQueue, Flux, and local"
dev,1,native,dryrun-plots/synthetic-monitor-tree/dev/rep1/native,2.1666666666666665,821,20525.0,657.442155,16436.053874999998,40,3.206873055564033,"benchmark-user sdiag row, attributed by UID; valid for every backend including HyperQueue, Flux, and local"
dev,1,native,dryrun-plots/synthetic-monitor-tree/dev/rep1/native,2.25,853,21325.0,682.728392,17068.2098,40,3.206873055564033,"benchmark-user sdiag row, attributed by UID; valid for every backend including HyperQueue, Flux, and local"
dev,1,native,dryrun-plots/synthetic-monitor-tree/dev/rep1/native,2.3333333333333335,884,22100.0,708.014629,17700.365725,40,3.206873055564033,"benchmark-user sdiag row, attributed by UID; valid for every backend including HyperQueue, Flux, and local"
dev,1,native,dryrun-plots/synthetic-monitor-tree/dev/rep1/native,2.4166666666666665,916,22900.0,733.300865,18332.521625,40,3.206873055564033,"benchmark-user sdiag row, attributed by UID; valid for every backend including HyperQueue, Flux, and local"
dev,1,native,dryrun-plots/synthetic-monitor-tree/dev/rep1/native,2.5,947,23675.0,758.587102,18964.67755,40,3.206873055564033,"benchmark-user sdiag row, attributed by UID; valid for every backend including HyperQueue, Flux, and local"
dev,1,native,dryrun-plots/synthetic-monitor-tree/dev/rep1/native,2.5833333333333335,979,24475.0,783.873339,19596.833475,40,3.206873055564033,"benchmark-user sdiag row, attributed by UID; valid for every backend including HyperQueue, Flux, and local"
dev,1,native,dryrun-plots/synthetic-monitor-tree/dev/rep1/native,2.6666666666666665,1011,25275.0,809.159576,20228.9894,40,3.206873055564033,"benchmark-user sdiag row, attributed by UID; valid for every backend including HyperQueue, Flux, and local"
dev,1,native,dryrun-plots/synthetic-monitor-tree/dev/rep1/native,2.75,1042,26050.0,834.445812,20861.1453,40,3.206873055564033,"benchmark-user sdiag row, attributed by UID; valid for every backend including HyperQueue, Flux, and local"
dev,1,native,dryrun-plots/synthetic-monitor-tree/dev/rep1/native,2.8333333333333335,1074,26850.0,859.732049,21493.301225,40,3.206873055564033,"benchmark-user sdiag row, attributed by UID; valid for every backend including HyperQueue, Flux, and local"
dev,1,native,dryrun-plots/synthetic-monitor-tree/dev/rep1/native,2.9166666666666665,1105,27625.0,885.018286,22125.45715,40,3.206873055564033,"benchmark-user sdiag row, attributed by UID; valid for every backend including HyperQueue, Flux, and local"
dev,1,native,dryrun-plots/synthetic-monitor-tree/dev/rep1/native,3.0,1137,28425.0,910.304523,22757.613075,40,3.206873055564033,"benchmark-user sdiag row, attributed by UID; valid for every backend including HyperQueue, Flux, and local"
dev,1,native,dryrun-plots/synthetic-monitor-tree/dev/rep1/native,3.0833333333333335,1169,29225.0,935.590759,23389.768975000003,40,3.206873055564033,"benchmark-user sdiag row, attributed by UID; valid for every backend including HyperQueue, Flux, and local"
dev,1,native,dryrun-plots/synthetic-monitor-tree/dev/rep1/native,3.1666666666666665,1200,30000.0,960.876996,24021.924899999998,40,3.206873055564033,"benchmark-user sdiag row, attributed by UID; valid for every backend including HyperQueue, Flux, and local"
dev,1,native,dryrun-plots/synthetic-monitor-tree/dev/rep1/native,3.229095317787594,1216,30400.0,973.077028,24326.9257,40,3.206873055564033,"benchmark-user sdiag row, attributed by UID; valid for every backend including HyperQueue, Flux, and local"
dev,1,jobarray,dryrun-plots/synthetic-monitor-tree/dev/rep1/jobarray,-0.0013888887564341228,0,0.0,0.0,0.0,40,2.4465349601374733,"benchmark-user sdiag row, attributed by UID; valid for every backend including HyperQueue, Flux, and local"
dev,1,jobarray,dryrun-plots/synthetic-monitor-tree/dev/rep1/jobarray,0.08312690456708273,11,275.0,8.883902,222.09755,40,2.4465349601374733,"benchmark-user sdiag row, attributed by UID; valid for every backend including HyperQueue, Flux, and local"
dev,1,jobarray,dryrun-plots/synthetic-monitor-tree/dev/rep1/jobarray,0.16646023790041606,22,550.0,17.767805,444.19512499999996,40,2.4465349601374733,"benchmark-user sdiag row, attributed by UID; valid for every backend including HyperQueue, Flux, and local"
dev,1,jobarray,dryrun-plots/synthetic-monitor-tree/dev/rep1/jobarray,0.2497935712337494,33,825.0,26.651707,666.2926749999999,40,2.4465349601374733,"benchmark-user sdiag row, attributed by UID; valid for every backend including HyperQueue, Flux, and local"
dev,1,jobarray,dryrun-plots/synthetic-monitor-tree/dev/rep1/jobarray,0.3331269045670827,44,1100.0,35.53561,888.3902499999999,40,2.4465349601374733,"benchmark-user sdiag row, attributed by UID; valid for every backend including HyperQueue, Flux, and local"
dev,1,jobarray,dryrun-plots/synthetic-monitor-tree/dev/rep1/jobarray,0.41646023790041603,55,1375.0,44.419513,1110.4878250000002,40,2.4465349601374733,"benchmark-user sdiag row, attributed by UID; valid for every backend including HyperQueue, Flux, and local"
dev,1,jobarray,dryrun-plots/synthetic-monitor-tree/dev/rep1/jobarray,0.4997935712337494,66,1650.0,53.303415,1332.585375,40,2.4465349601374733,"benchmark-user sdiag row, attributed by UID; valid for every backend including HyperQueue, Flux, and local"
dev,1,jobarray,dryrun-plots/synthetic-monitor-tree/dev/rep1/jobarray,0.5831269045670827,77,1925.0,62.187318,1554.68295,40,2.4465349601374733,"benchmark-user sdiag row, attributed by UID; valid for every backend including HyperQueue, Flux, and local"
dev,1,jobarray,dryrun-plots/synthetic-monitor-tree/dev/rep1/jobarray,0.6664602379004161,88,2200.0,71.07122,1776.7804999999998,40,2.4465349601374733,"benchmark-user sdiag row, attributed by UID; valid for every backend including HyperQueue, Flux, and local"
dev,1,jobarray,dryrun-plots/synthetic-monitor-tree/dev/rep1/jobarray,0.7497935712337493,99,2475.0,79.955123,1998.878075,40,2.4465349601374733,"benchmark-user sdiag row, attributed by UID; valid for every backend including HyperQueue, Flux, and local"
dev,1,jobarray,dryrun-plots/synthetic-monitor-tree/dev/rep1/jobarray,0.8331269045670827,111,2775.0,88.839026,2220.9756500000003,40,2.4465349601374733,"benchmark-user sdiag row, attributed by UID; valid for every backend including HyperQueue, Flux, and local"
dev,1,jobarray,dryrun-plots/synthetic-monitor-tree/dev/rep1/jobarray,0.9164602379004161,122,3050.0,97.722928,2443.0732,40,2.4465349601374733,"benchmark-user sdiag row, attributed by UID; valid for every backend including HyperQueue, Flux, and local"
dev,1,jobarray,dryrun-plots/synthetic-monitor-tree/dev/rep1/jobarray,0.9997935712337493,133,3325.0,106.606831,2665.170775,40,2.4465349601374733,"benchmark-user sdiag row, attributed by UID; valid for every backend including HyperQueue, Flux, and local"
dev,1,jobarray,dryrun-plots/synthetic-monitor-tree/dev/rep1/jobarray,1.0831269045670828,144,3600.0,115.490733,2887.268325,40,2.4465349601374733,"benchmark-user sdiag row, attributed by UID; valid for every backend including HyperQueue, Flux, and local"
dev,1,jobarray,dryrun-plots/synthetic-monitor-tree/dev/rep1/jobarray,1.166460237900416,155,3875.0,124.374636,3109.3659,40,2.4465349601374733,"benchmark-user sdiag row, attributed by UID; valid for every backend including HyperQueue, Flux, and local"
dev,1,jobarray,dryrun-plots/synthetic-monitor-tree/dev/rep1/jobarray,1.2497935712337493,166,4150.0,133.258539,3331.4634750000005,40,2.4465349601374733,"benchmark-user sdiag row, attributed by UID; valid for every backend including HyperQueue, Flux, and local"
dev,1,jobarray,dryrun-plots/synthetic-monitor-tree/dev/rep1/jobarray,1.3331269045670828,177,4425.0,142.142441,3553.561025,40,2.4465349601374733,"benchmark-user sdiag row, attributed by UID; valid for every backend including HyperQueue, Flux, and local"
dev,1,jobarray,dryrun-plots/synthetic-monitor-tree/dev/rep1/jobarray,1.416460237900416,188,4700.0,151.026344,3775.6585999999998,40,2.4465349601374733,"benchmark-user sdiag row, attributed by UID; valid for every backend including HyperQueue, Flux, and local"
dev,1,jobarray,dryrun-plots/synthetic-monitor-tree/dev/rep1/jobarray,1.4997935712337493,199,4975.0,159.910246,3997.75615,40,2.4465349601374733,"benchmark-user sdiag row, attributed by UID; valid for every backend including HyperQueue, Flux, and local"
dev,1,jobarray,dryrun-plots/synthetic-monitor-tree/dev/rep1/jobarray,1.5831269045670828,210,5250.0,168.794149,4219.853725,40,2.4465349601374733,"benchmark-user sdiag row, attributed by UID; valid for every backend including HyperQueue, Flux, and local"
dev,1,jobarray,dryrun-plots/synthetic-monitor-tree/dev/rep1/jobarray,1.666460237900416,222,5550.0,177.678052,4441.951300000001,40,2.4465349601374733,"benchmark-user sdiag row, attributed by UID; valid for every backend including HyperQueue, Flux, and local"
dev,1,jobarray,dryrun-plots/synthetic-monitor-tree/dev/rep1/jobarray,1.7497935712337493,233,5825.0,186.561954,4664.048849999999,40,2.4465349601374733,"benchmark-user sdiag row, attributed by UID; valid for every backend including HyperQueue, Flux, and local"
dev,1,jobarray,dryrun-plots/synthetic-monitor-tree/dev/rep1/jobarray,1.8331269045670828,244,6100.0,195.445857,4886.146425,40,2.4465349601374733,"benchmark-user sdiag row, attributed by UID; valid for every backend including HyperQueue, Flux, and local"
dev,1,jobarray,dryrun-plots/synthetic-monitor-tree/dev/rep1/jobarray,1.916460237900416,255,6375.0,204.329759,5108.243975,40,2.4465349601374733,"benchmark-user sdiag row, attributed by UID; valid for every backend including HyperQueue, Flux, and local"
dev,1,jobarray,dryrun-plots/synthetic-monitor-tree/dev/rep1/jobarray,1.9997935712337493,266,6650.0,213.213662,5330.34155,40,2.4465349601374733,"benchmark-user sdiag row, attributed by UID; valid for every backend including HyperQueue, Flux, and local"
dev,1,jobarray,dryrun-plots/synthetic-monitor-tree/dev/rep1/jobarray,2.0831269045670826,277,6925.0,222.097565,5552.439125,40,2.4465349601374733,"benchmark-user sdiag row, attributed by UID; valid for every backend including HyperQueue, Flux, and local"
dev,1,jobarray,dryrun-plots/synthetic-monitor-tree/dev/rep1/jobarray,2.166460237900416,288,7200.0,230.981467,5774.536675,40,2.4465349601374733,"benchmark-user sdiag row, attributed by UID; valid for every backend including HyperQueue, Flux, and local"
dev,1,jobarray,dryrun-plots/synthetic-monitor-tree/dev/rep1/jobarray,2.2497935712337496,299,7475.0,239.86537,5996.63425,40,2.4465349601374733,"benchmark-user sdiag row, attributed by UID; valid for every backend including HyperQueue, Flux, and local"
dev,1,jobarray,dryrun-plots/synthetic-monitor-tree/dev/rep1/jobarray,2.3331269045670826,310,7750.0,248.749272,6218.7318,40,2.4465349601374733,"benchmark-user sdiag row, attributed by UID; valid for every backend including HyperQueue, Flux, and local"
dev,1,jobarray,dryrun-plots/synthetic-monitor-tree/dev/rep1/jobarray,2.416460237900416,322,8050.0,257.633175,6440.829375,40,2.4465349601374733,"benchmark-user sdiag row, attributed by UID; valid for every backend including HyperQueue, Flux, and local"
dev,1,jobarray,dryrun-plots/synthetic-monitor-tree/dev/rep1/jobarray,2.468757242626614,326,8150.0,260.817346,6520.43365,40,2.4465349601374733,"benchmark-user sdiag row, attributed by UID; valid for every backend including HyperQueue, Flux, and local"
dev,1,hyperqueue,dryrun-plots/synthetic-monitor-tree/dev/rep1/hyperqueue,-0.0013888887564341228,0,0.0,0.0,0.0,40,2.0826285509930718,"benchmark-user sdiag row, attributed by UID; valid for every backend including HyperQueue, Flux, and local"
dev,1,hyperqueue,dryrun-plots/synthetic-monitor-tree/dev/rep1/hyperqueue,0.08325855096181234,2,50.0,2.377197,59.429925,40,2.0826285509930718,"benchmark-user sdiag row, attributed by UID; valid for every backend including HyperQueue, Flux, and local"
dev,1,hyperqueue,dryrun-plots/synthetic-monitor-tree/dev/rep1/hyperqueue,0.16659188429514568,5,125.0,4.754394,118.85985,40,2.0826285509930718,"benchmark-user sdiag row, attributed by UID; valid for every backend including HyperQueue, Flux, and local"
dev,1,hyperqueue,dryrun-plots/synthetic-monitor-tree/dev/rep1/hyperqueue,0.249925217628479,8,200.0,7.131592,178.2898,40,2.0826285509930718,"benchmark-user sdiag row, attributed by UID; valid for every backend including HyperQueue, Flux, and local"
dev,1,hyperqueue,dryrun-plots/synthetic-monitor-tree/dev/rep1/hyperqueue,0.33325855096181234,11,275.0,9.508789,237.719725,40,2.0826285509930718,"benchmark-user sdiag row, attributed by UID; valid for every backend including HyperQueue, Flux, and local"
dev,1,hyperqueue,dryrun-plots/synthetic-monitor-tree/dev/rep1/hyperqueue,0.41659188429514565,14,350.0,11.885986,297.14965,40,2.0826285509930718,"benchmark-user sdiag row, attributed by UID; valid for every backend including HyperQueue, Flux, and local"
dev,1,hyperqueue,dryrun-plots/synthetic-monitor-tree/dev/rep1/hyperqueue,0.499925217628479,17,425.0,14.263184,356.5796,40,2.0826285509930718,"benchmark-user sdiag row, attributed by UID; valid for every backend including HyperQueue, Flux, and local"
dev,1,hyperqueue,dryrun-plots/synthetic-monitor-tree/dev/rep1/hyperqueue,0.5832585509618123,20,500.0,16.640381,416.00952500000005,40,2.0826285509930718,"benchmark-user sdiag row, attributed by UID; valid for every backend including HyperQueue, Flux, and local"
dev,1,hyperqueue,dryrun-plots/synthetic-monitor-tree/dev/rep1/hyperqueue,0.6665918842951457,23,575.0,19.017579,475.439475,40,2.0826285509930718,"benchmark-user sdiag row, attributed by UID; valid for every backend including HyperQueue, Flux, and local"
dev,1,hyperqueue,dryrun-plots/synthetic-monitor-tree/dev/rep1/hyperqueue,0.749925217628479,26,650.0,21.394776,534.8694,40,2.0826285509930718,"benchmark-user sdiag row, attributed by UID; valid for every backend including HyperQueue, Flux, and local"
dev,1,hyperqueue,dryrun-plots/synthetic-monitor-tree/dev/rep1/hyperqueue,0.8332585509618123,29,725.0,23.771973,594.299325,40,2.0826285509930718,"benchmark-user sdiag row, attributed by UID; valid for every backend including HyperQueue, Flux, and local"
dev,1,hyperqueue,dryrun-plots/synthetic-monitor-tree/dev/rep1/hyperqueue,0.9165918842951457,32,800.0,26.149171,653.729275,40,2.0826285509930718,"benchmark-user sdiag row, attributed by UID; valid for every backend including HyperQueue, Flux, and local"
dev,1,hyperqueue,dryrun-plots/synthetic-monitor-tree/dev/rep1/hyperqueue,0.999925217628479,35,875.0,28.526368,713.1592,40,2.0826285509930718,"benchmark-user sdiag row, attributed by UID; valid for every backend including HyperQueue, Flux, and local"
dev,1,hyperqueue,dryrun-plots/synthetic-monitor-tree/dev/rep1/hyperqueue,1.0832585509618122,38,950.0,30.903566,772.58915,40,2.0826285509930718,"benchmark-user sdiag row, attributed by UID; valid for every backend including HyperQueue, Flux, and local"
dev,1,hyperqueue,dryrun-plots/synthetic-monitor-tree/dev/rep1/hyperqueue,1.1665918842951457,41,1025.0,33.280763,832.019075,40,2.0826285509930718,"benchmark-user sdiag row, attributed by UID; valid for every backend including HyperQueue, Flux, and local"
dev,1,hyperqueue,dryrun-plots/synthetic-monitor-tree/dev/rep1/hyperqueue,1.249925217628479,44,1100.0,35.65796,891.4490000000001,40,2.0826285509930718,"benchmark-user sdiag row, attributed by UID; valid for every backend including HyperQueue, Flux, and local"
dev,1,hyperqueue,dryrun-plots/synthetic-monitor-tree/dev/rep1/hyperqueue,1.3332585509618122,47,1175.0,38.035158,950.87895,40,2.0826285509930718,"benchmark-user sdiag row, attributed by UID; valid for every backend including HyperQueue, Flux, and local"
dev,1,hyperqueue,dryrun-plots/synthetic-monitor-tree/dev/rep1/hyperqueue,1.4165918842951457,50,1250.0,40.412355,1010.308875,40,2.0826285509930718,"benchmark-user sdiag row, attributed by UID; valid for every backend including HyperQueue, Flux, and local"
dev,1,hyperqueue,dryrun-plots/synthetic-monitor-tree/dev/rep1/hyperqueue,1.499925217628479,53,1325.0,42.789553,1069.738825,40,2.0826285509930718,"benchmark-user sdiag row, attributed by UID; valid for every backend including HyperQueue, Flux, and local"
dev,1,hyperqueue,dryrun-plots/synthetic-monitor-tree/dev/rep1/hyperqueue,1.5832585509618122,56,1400.0,45.16675,1129.16875,40,2.0826285509930718,"benchmark-user sdiag row, attributed by UID; valid for every backend including HyperQueue, Flux, and local"
dev,1,hyperqueue,dryrun-plots/synthetic-monitor-tree/dev/rep1/hyperqueue,1.6665918842951457,59,1475.0,47.543947,1188.5986750000002,40,2.0826285509930718,"benchmark-user sdiag row, attributed by UID; valid for every backend including HyperQueue, Flux, and local"
dev,1,hyperqueue,dryrun-plots/synthetic-monitor-tree/dev/rep1/hyperqueue,1.749925217628479,62,1550.0,49.921145,1248.0286250000001,40,2.0826285509930718,"benchmark-user sdiag row, attributed by UID; valid for every backend including HyperQueue, Flux, and local"
dev,1,hyperqueue,dryrun-plots/synthetic-monitor-tree/dev/rep1/hyperqueue,1.8332585509618122,65,1625.0,52.298342,1307.45855,40,2.0826285509930718,"benchmark-user sdiag row, attributed by UID; valid for every backend including HyperQueue, Flux, and local"
dev,1,hyperqueue,dryrun-plots/synthetic-monitor-tree/dev/rep1/hyperqueue,1.9165918842951457,68,1700.0,54.67554,1366.8885,40,2.0826285509930718,"benchmark-user sdiag row, attributed by UID; valid for every backend including HyperQueue, Flux, and local"
dev,1,hyperqueue,dryrun-plots/synthetic-monitor-tree/dev/rep1/hyperqueue,1.999925217628479,71,1775.0,57.052737,1426.318425,40,2.0826285509930718,"benchmark-user sdiag row, attributed by UID; valid for every backend including HyperQueue, Flux, and local"
dev,1,hyperqueue,dryrun-plots/synthetic-monitor-tree/dev/rep1/hyperqueue,2.0832585509618124,74,1850.0,59.409837,1485.2459250000002,40,2.0826285509930718,"benchmark-user sdiag row, attributed by UID; valid for every backend including HyperQueue, Flux, and local"
dev,1,hyperqueue,dryrun-plots/synthetic-monitor-tree/dev/rep1/hyperqueue,2.1048510165346994,74,1850.0,59.409837,1485.2459250000002,40,2.0826285509930718,"benchmark-user sdiag row, attributed by UID; valid for every backend including HyperQueue, Flux, and local"
dev,1,flux,dryrun-plots/synthetic-monitor-tree/dev/rep1/flux,-0.0013888887564341228,0,0.0,0.0,0.0,40,2.319047812355889,"benchmark-user sdiag row, attributed by UID; valid for every backend including HyperQueue, Flux, and local"
dev,1,flux,dryrun-plots/synthetic-monitor-tree/dev/rep1/flux,0.08312975678178999,3,75.0,2.693424,67.3356,40,2.319047812355889,"benchmark-user sdiag row, attributed by UID; valid for every backend including HyperQueue, Flux, and local"
dev,1,flux,dryrun-plots/synthetic-monitor-tree/dev/rep1/flux,0.16646309011512334,6,150.0,5.386849,134.671225,40,2.319047812355889,"benchmark-user sdiag row, attributed by UID; valid for every backend including HyperQueue, Flux, and local"
dev,1,flux,dryrun-plots/synthetic-monitor-tree/dev/rep1/flux,0.24979642344845665,10,250.0,8.080273,202.006825,40,2.319047812355889,"benchmark-user sdiag row, attributed by UID; valid for every backend including HyperQueue, Flux, and local"
dev,1,flux,dryrun-plots/synthetic-monitor-tree/dev/rep1/flux,0.33312975678178997,13,325.0,10.773698,269.34245,40,2.319047812355889,"benchmark-user sdiag row, attributed by UID; valid for every backend including HyperQueue, Flux, and local"
dev,1,flux,dryrun-plots/synthetic-monitor-tree/dev/rep1/flux,0.41646309011512334,16,400.0,13.467123,336.67807500000004,40,2.319047812355889,"benchmark-user sdiag row, attributed by UID; valid for every backend including HyperQueue, Flux, and local"
dev,1,flux,dryrun-plots/synthetic-monitor-tree/dev/rep1/flux,0.49979642344845665,20,500.0,16.160547,404.01367500000003,40,2.319047812355889,"benchmark-user sdiag row, attributed by UID; valid for every backend including HyperQueue, Flux, and local"
dev,1,flux,dryrun-plots/synthetic-monitor-tree/dev/rep1/flux,0.58312975678179,23,575.0,18.853972,471.34929999999997,40,2.319047812355889,"benchmark-user sdiag row, attributed by UID; valid for every backend including HyperQueue, Flux, and local"
dev,1,flux,dryrun-plots/synthetic-monitor-tree/dev/rep1/flux,0.6664630901151233,26,650.0,21.547397,538.684925,40,2.319047812355889,"benchmark-user sdiag row, attributed by UID; valid for every backend including HyperQueue, Flux, and local"
dev,1,flux,dryrun-plots/synthetic-monitor-tree/dev/rep1/flux,0.7497964234484567,30,750.0,24.240821,606.020525,40,2.319047812355889,"benchmark-user sdiag row, attributed by UID; valid for every backend including HyperQueue, Flux, and local"
dev,1,flux,dryrun-plots/synthetic-monitor-tree/dev/rep1/flux,0.83312975678179,33,825.0,26.934246,673.3561500000001,40,2.319047812355889,"benchmark-user sdiag row, attributed by UID; valid for every backend including HyperQueue, Flux, and local"
dev,1,flux,dryrun-plots/synthetic-monitor-tree/dev/rep1/flux,0.9164630901151233,36,900.0,29.627671,740.691775,40,2.319047812355889,"benchmark-user sdiag row, attributed by UID; valid for every backend including HyperQueue, Flux, and local"
dev,1,flux,dryrun-plots/synthetic-monitor-tree/dev/rep1/flux,0.9997964234484567,40,1000.0,32.321095,808.027375,40,2.319047812355889,"benchmark-user sdiag row, attributed by UID; valid for every backend including HyperQueue, Flux, and local"
dev,1,flux,dryrun-plots/synthetic-monitor-tree/dev/rep1/flux,1.08312975678179,43,1075.0,35.01452,875.3629999999999,40,2.319047812355889,"benchmark-user sdiag row, attributed by UID; valid for every backend including HyperQueue, Flux, and local"
dev,1,flux,dryrun-plots/synthetic-monitor-tree/dev/rep1/flux,1.1664630901151234,46,1150.0,37.707945,942.6986250000001,40,2.319047812355889,"benchmark-user sdiag row, attributed by UID; valid for every backend including HyperQueue, Flux, and local"
dev,1,flux,dryrun-plots/synthetic-monitor-tree/dev/rep1/flux,1.2497964234484567,50,1250.0,40.401369,1010.0342250000001,40,2.319047812355889,"benchmark-user sdiag row, attributed by UID; valid for every backend including HyperQueue, Flux, and local"
dev,1,flux,dryrun-plots/synthetic-monitor-tree/dev/rep1/flux,1.33312975678179,53,1325.0,43.094794,1077.36985,40,2.319047812355889,"benchmark-user sdiag row, attributed by UID; valid for every backend including HyperQueue, Flux, and local"
dev,1,flux,dryrun-plots/synthetic-monitor-tree/dev/rep1/flux,1.4164630901151234,56,1400.0,45.788219,1144.705475,40,2.319047812355889,"benchmark-user sdiag row, attributed by UID; valid for every backend including HyperQueue, Flux, and local"
dev,1,flux,dryrun-plots/synthetic-monitor-tree/dev/rep1/flux,1.4997964234484567,60,1500.0,48.481643,1212.0410749999999,40,2.319047812355889,"benchmark-user sdiag row, attributed by UID; valid for every backend including HyperQueue, Flux, and local"
dev,1,flux,dryrun-plots/synthetic-monitor-tree/dev/rep1/flux,1.58312975678179,63,1575.0,51.175068,1279.3767,40,2.319047812355889,"benchmark-user sdiag row, attributed by UID; valid for every backend including HyperQueue, Flux, and local"
dev,1,flux,dryrun-plots/synthetic-monitor-tree/dev/rep1/flux,1.6664630901151234,66,1650.0,53.868493,1346.712325,40,2.319047812355889,"benchmark-user sdiag row, attributed by UID; valid for every backend including HyperQueue, Flux, and local"
dev,1,flux,dryrun-plots/synthetic-monitor-tree/dev/rep1/flux,1.7497964234484567,70,1750.0,56.561917,1414.047925,40,2.319047812355889,"benchmark-user sdiag row, attributed by UID; valid for every backend including HyperQueue, Flux, and local"
dev,1,flux,dryrun-plots/synthetic-monitor-tree/dev/rep1/flux,1.83312975678179,73,1825.0,59.255342,1481.38355,40,2.319047812355889,"benchmark-user sdiag row, attributed by UID; valid for every backend including HyperQueue, Flux, and local"
dev,1,flux,dryrun-plots/synthetic-monitor-tree/dev/rep1/flux,1.9164630901151234,76,1900.0,61.948767,1548.719175,40,2.319047812355889,"benchmark-user sdiag row, attributed by UID; valid for every backend including HyperQueue, Flux, and local"
dev,1,flux,dryrun-plots/synthetic-monitor-tree/dev/rep1/flux,1.9997964234484567,80,2000.0,64.642191,1616.0547749999998,40,2.319047812355889,"benchmark-user sdiag row, attributed by UID; valid for every backend including HyperQueue, Flux, and local"
dev,1,flux,dryrun-plots/synthetic-monitor-tree/dev/rep1/flux,2.08312975678179,83,2075.0,67.335616,1683.3904,40,2.319047812355889,"benchmark-user sdiag row, attributed by UID; valid for every backend including HyperQueue, Flux, and local"
dev,1,flux,dryrun-plots/synthetic-monitor-tree/dev/rep1/flux,2.166463090115123,86,2150.0,70.029041,1750.7260250000002,40,2.319047812355889,"benchmark-user sdiag row, attributed by UID; valid for every backend including HyperQueue, Flux, and local"
dev,1,flux,dryrun-plots/synthetic-monitor-tree/dev/rep1/flux,2.2497964234484567,90,2250.0,72.722465,1818.061625,40,2.319047812355889,"benchmark-user sdiag row, attributed by UID; valid for every backend including HyperQueue, Flux, and local"
dev,1,flux,dryrun-plots/synthetic-monitor-tree/dev/rep1/flux,2.341270255115297,93,2325.0,74.954174,1873.8543499999998,40,2.319047812355889,"benchmark-user sdiag row, attributed by UID; valid for every backend including HyperQueue, Flux, and local"
dev,1,local,dryrun-plots/synthetic-monitor-tree/dev/rep1/local,-0.001388888888888889,0,0.0,0.0,0.0,40,4.9541683905654486,"benchmark-user sdiag row, attributed by UID; valid for every backend including HyperQueue, Flux, and local"
dev,1,local,dryrun-plots/synthetic-monitor-tree/dev/rep1/local,0.08324839055538177,0,0.0,0.341633,8.540825,40,4.9541683905654486,"benchmark-user sdiag row, attributed by UID; valid for every backend including HyperQueue, Flux, and local"
dev,1,local,dryrun-plots/synthetic-monitor-tree/dev/rep1/local,0.16658172388871512,0,0.0,0.683266,17.08165,40,4.9541683905654486,"benchmark-user sdiag row, attributed by UID; valid for every backend including HyperQueue, Flux, and local"
dev,1,local,dryrun-plots/synthetic-monitor-tree/dev/rep1/local,0.24991505722204843,1,25.0,1.024899,25.622475,40,4.9541683905654486,"benchmark-user sdiag row, attributed by UID; valid for every backend including HyperQueue, Flux, and local"
dev,1,local,dryrun-plots/synthetic-monitor-tree/dev/rep1/local,0.3332483905553818,1,25.0,1.366533,34.163325,40,4.9541683905654486,"benchmark-user sdiag row, attributed by UID; valid for every backend including HyperQueue, Flux, and local"
dev,1,local,dryrun-plots/synthetic-monitor-tree/dev/rep1/local,0.4165817238887151,2,50.0,1.708166,42.70415,40,4.9541683905654486,"benchmark-user sdiag row, attributed by UID; valid for every backend including HyperQueue, Flux, and local"
dev,1,local,dryrun-plots/synthetic-monitor-tree/dev/rep1/local,0.49991505722204843,2,50.0,2.049799,51.244975000000004,40,4.9541683905654486,"benchmark-user sdiag row, attributed by UID; valid for every backend including HyperQueue, Flux, and local"
dev,1,local,dryrun-plots/synthetic-monitor-tree/dev/rep1/local,0.5832483905553818,2,50.0,2.391432,59.7858,40,4.9541683905654486,"benchmark-user sdiag row, attributed by UID; valid for every backend including HyperQueue, Flux, and local"
dev,1,local,dryrun-plots/synthetic-monitor-tree/dev/rep1/local,0.6665817238887151,3,75.0,2.733066,68.32665,40,4.9541683905654486,"benchmark-user sdiag row, attributed by UID; valid for every backend including HyperQueue, Flux, and local"
dev,1,local,dryrun-plots/synthetic-monitor-tree/dev/rep1/local,0.7499150572220484,3,75.0,3.074699,76.867475,40,4.9541683905654486,"benchmark-user sdiag row, attributed by UID; valid for every backend including HyperQueue, Flux, and local"
dev,1,local,dryrun-plots/synthetic-monitor-tree/dev/rep1/local,0.8332483905553818,4,100.0,3.416332,85.4083,40,4.9541683905654486,"benchmark-user sdiag row, attributed by UID; valid for every backend including HyperQueue, Flux, and local"
dev,1,local,dryrun-plots/synthetic-monitor-tree/dev/rep1/local,0.9165817238887151,4,100.0,3.757965,93.949125,40,4.9541683905654486,"benchmark-user sdiag row, attributed by UID; valid for every backend including HyperQueue, Flux, and local"
dev,1,local,dryrun-plots/synthetic-monitor-tree/dev/rep1/local,0.9999150572220484,5,125.0,4.099599,102.48997500000002,40,4.9541683905654486,"benchmark-user sdiag row, attributed by UID; valid for every backend including HyperQueue, Flux, and local"
dev,1,local,dryrun-plots/synthetic-monitor-tree/dev/rep1/local,1.0832483905553818,5,125.0,4.441232,111.03080000000001,40,4.9541683905654486,"benchmark-user sdiag row, attributed by UID; valid for every backend including HyperQueue, Flux, and local"
dev,1,local,dryrun-plots/synthetic-monitor-tree/dev/rep1/local,1.166581723888715,5,125.0,4.782865,119.571625,40,4.9541683905654486,"benchmark-user sdiag row, attributed by UID; valid for every backend including HyperQueue, Flux, and local"
dev,1,local,dryrun-plots/synthetic-monitor-tree/dev/rep1/local,1.2499150572220485,6,150.0,5.124498,128.11245,40,4.9541683905654486,"benchmark-user sdiag row, attributed by UID; valid for every backend including HyperQueue, Flux, and local"
dev,1,local,dryrun-plots/synthetic-monitor-tree/dev/rep1/local,1.3332483905553818,6,150.0,5.466132,136.6533,40,4.9541683905654486,"benchmark-user sdiag row, attributed by UID; valid for every backend including HyperQueue, Flux, and local"
dev,1,local,dryrun-plots/synthetic-monitor-tree/dev/rep1/local,1.416581723888715,7,175.0,5.807765,145.19412499999999,40,4.9541683905654486,"benchmark-user sdiag row, attributed by UID; valid for every backend including HyperQueue, Flux, and local"
dev,1,local,dryrun-plots/synthetic-monitor-tree/dev/rep1/local,1.4999150572220485,7,175.0,6.149398,153.73495,40,4.9541683905654486,"benchmark-user sdiag row, attributed by UID; valid for every backend including HyperQueue, Flux, and local"
dev,1,local,dryrun-plots/synthetic-monitor-tree/dev/rep1/local,1.5832483905553818,7,175.0,6.491031,162.275775,40,4.9541683905654486,"benchmark-user sdiag row, attributed by UID; valid for every backend including HyperQueue, Flux, and local"
dev,1,local,dryrun-plots/synthetic-monitor-tree/dev/rep1/local,1.666581723888715,8,200.0,6.832665,170.81662500000002,40,4.9541683905654486,"benchmark-user sdiag row, attributed by UID; valid for every backend including HyperQueue, Flux, and local"
dev,1,local,dryrun-plots/synthetic-monitor-tree/dev/rep1/local,1.7499150572220485,8,200.0,7.174298,179.35745,40,4.9541683905654486,"benchmark-user sdiag row, attributed by UID; valid for every backend including HyperQueue, Flux, and local"
dev,1,local,dryrun-plots/synthetic-monitor-tree/dev/rep1/local,1.8332483905553818,9,225.0,7.515931,187.898275,40,4.9541683905654486,"benchmark-user sdiag row, attributed by UID; valid for every backend including HyperQueue, Flux, and local"
dev,1,local,dryrun-plots/synthetic-monitor-tree/dev/rep1/local,1.916581723888715,9,225.0,7.857564,196.4391,40,4.9541683905654486,"benchmark-user sdiag row, attributed by UID; valid for every backend including HyperQueue, Flux, and local"
dev,1,local,dryrun-plots/synthetic-monitor-tree/dev/rep1/local,1.9999150572220485,10,250.0,8.199198,204.97995000000003,40,4.9541683905654486,"benchmark-user sdiag row, attributed by UID; valid for every backend including HyperQueue, Flux, and local"
dev,1,local,dryrun-plots/synthetic-monitor-tree/dev/rep1/local,2.0832483905553816,10,250.0,8.540831,213.52077500000001,40,4.9541683905654486,"benchmark-user sdiag row, attributed by UID; valid for every backend including HyperQueue, Flux, and local"
dev,1,local,dryrun-plots/synthetic-monitor-tree/dev/rep1/local,2.166581723888715,10,250.0,8.882464,222.06160000000003,40,4.9541683905654486,"benchmark-user sdiag row, attributed by UID; valid for every backend including HyperQueue, Flux, and local"
dev,1,local,dryrun-plots/synthetic-monitor-tree/dev/rep1/local,2.2499150572220485,11,275.0,9.224097,230.602425,40,4.9541683905654486,"benchmark-user sdiag row, attributed by UID; valid for every backend including HyperQueue, Flux, and local"
dev,1,local,dryrun-plots/synthetic-monitor-tree/dev/rep1/local,2.3332483905553816,11,275.0,9.565731,239.143275,40,4.9541683905654486,"benchmark-user sdiag row, attributed by UID; valid for every backend including HyperQueue, Flux, and local"
dev,1,local,dryrun-plots/synthetic-monitor-tree/dev/rep1/local,2.416581723888715,12,300.0,9.907364,247.68409999999997,40,4.9541683905654486,"benchmark-user sdiag row, attributed by UID; valid for every backend including HyperQueue, Flux, and local"
dev,1,local,dryrun-plots/synthetic-monitor-tree/dev/rep1/local,2.4999150572220485,12,300.0,10.248997,256.224925,40,4.9541683905654486,"benchmark-user sdiag row, attributed by UID; valid for every backend including HyperQueue, Flux, and local"
dev,1,local,dryrun-plots/synthetic-monitor-tree/dev/rep1/local,2.5832483905553816,13,325.0,10.59063,264.76575,40,4.9541683905654486,"benchmark-user sdiag row, attributed by UID; valid for every backend including HyperQueue, Flux, and local"
dev,1,local,dryrun-plots/synthetic-monitor-tree/dev/rep1/local,2.666581723888715,13,325.0,10.932264,273.3066,40,4.9541683905654486,"benchmark-user sdiag row, attributed by UID; valid for every backend including HyperQueue, Flux, and local"
dev,1,local,dryrun-plots/synthetic-monitor-tree/dev/rep1/local,2.7499150572220485,13,325.0,11.273897,281.847425,40,4.9541683905654486,"benchmark-user sdiag row, attributed by UID; valid for every backend including HyperQueue, Flux, and local"
dev,1,local,dryrun-plots/synthetic-monitor-tree/dev/rep1/local,2.8332483905553816,14,350.0,11.61553,290.38824999999997,40,4.9541683905654486,"benchmark-user sdiag row, attributed by UID; valid for every backend including HyperQueue, Flux, and local"
dev,1,local,dryrun-plots/synthetic-monitor-tree/dev/rep1/local,2.916581723888715,14,350.0,11.957163,298.929075,40,4.9541683905654486,"benchmark-user sdiag row, attributed by UID; valid for every backend including HyperQueue, Flux, and local"
dev,1,local,dryrun-plots/synthetic-monitor-tree/dev/rep1/local,2.9999150572220485,15,375.0,12.298797,307.469925,40,4.9541683905654486,"benchmark-user sdiag row, attributed by UID; valid for every backend including HyperQueue, Flux, and local"
dev,1,local,dryrun-plots/synthetic-monitor-tree/dev/rep1/local,3.0832483905553816,15,375.0,12.64043,316.01075000000003,40,4.9541683905654486,"benchmark-user sdiag row, attributed by UID; valid for every backend including HyperQueue, Flux, and local"
dev,1,local,dryrun-plots/synthetic-monitor-tree/dev/rep1/local,3.166581723888715,15,375.0,12.982063,324.551575,40,4.9541683905654486,"benchmark-user sdiag row, attributed by UID; valid for every backend including HyperQueue, Flux, and local"
dev,1,local,dryrun-plots/synthetic-monitor-tree/dev/rep1/local,3.2499150572220485,16,400.0,13.323696,333.0924,40,4.9541683905654486,"benchmark-user sdiag row, attributed by UID; valid for every backend including HyperQueue, Flux, and local"
dev,1,local,dryrun-plots/synthetic-monitor-tree/dev/rep1/local,3.3332483905553816,16,400.0,13.66533,341.63325000000003,40,4.9541683905654486,"benchmark-user sdiag row, attributed by UID; valid for every backend including HyperQueue, Flux, and local"
dev,1,local,dryrun-plots/synthetic-monitor-tree/dev/rep1/local,3.416581723888715,17,425.0,14.006963,350.174075,40,4.9541683905654486,"benchmark-user sdiag row, attributed by UID; valid for every backend including HyperQueue, Flux, and local"
dev,1,local,dryrun-plots/synthetic-monitor-tree/dev/rep1/local,3.4999150572220485,17,425.0,14.348596,358.7149,40,4.9541683905654486,"benchmark-user sdiag row, attributed by UID; valid for every backend including HyperQueue, Flux, and local"
dev,1,local,dryrun-plots/synthetic-monitor-tree/dev/rep1/local,3.5832483905553816,18,450.0,14.690229,367.255725,40,4.9541683905654486,"benchmark-user sdiag row, attributed by UID; valid for every backend including HyperQueue, Flux, and local"
dev,1,local,dryrun-plots/synthetic-monitor-tree/dev/rep1/local,3.666581723888715,18,450.0,15.031863,375.79657499999996,40,4.9541683905654486,"benchmark-user sdiag row, attributed by UID; valid for every backend including HyperQueue, Flux, and local"
dev,1,local,dryrun-plots/synthetic-monitor-tree/dev/rep1/local,3.7499150572220485,18,450.0,15.373496,384.3374,40,4.9541683905654486,"benchmark-user sdiag row, attributed by UID; valid for every backend including HyperQueue, Flux, and local"
dev,1,local,dryrun-plots/synthetic-monitor-tree/dev/rep1/local,3.8332483905553816,19,475.0,15.715129,392.878225,40,4.9541683905654486,"benchmark-user sdiag row, attributed by UID; valid for every backend including HyperQueue, Flux, and local"
dev,1,local,dryrun-plots/synthetic-monitor-tree/dev/rep1/local,3.916581723888715,19,475.0,16.056762,401.41904999999997,40,4.9541683905654486,"benchmark-user sdiag row, attributed by UID; valid for every backend including HyperQueue, Flux, and local"
dev,1,local,dryrun-plots/synthetic-monitor-tree/dev/rep1/local,3.9999150572220485,20,500.0,16.398396,409.95990000000006,40,4.9541683905654486,"benchmark-user sdiag row, attributed by UID; valid for every backend including HyperQueue, Flux, and local"
dev,1,local,dryrun-plots/synthetic-monitor-tree/dev/rep1/local,4.083248390555382,20,500.0,16.740029,418.500725,40,4.9541683905654486,"benchmark-user sdiag row, attributed by UID; valid for every backend including HyperQueue, Flux, and local"
dev,1,local,dryrun-plots/synthetic-monitor-tree/dev/rep1/local,4.166581723888715,21,525.0,17.081662,427.04155000000003,40,4.9541683905654486,"benchmark-user sdiag row, attributed by UID; valid for every backend including HyperQueue, Flux, and local"
dev,1,local,dryrun-plots/synthetic-monitor-tree/dev/rep1/local,4.249915057222048,21,525.0,17.423295,435.582375,40,4.9541683905654486,"benchmark-user sdiag row, attributed by UID; valid for every backend including HyperQueue, Flux, and local"
dev,1,local,dryrun-plots/synthetic-monitor-tree/dev/rep1/local,4.333248390555382,21,525.0,17.764929,444.123225,40,4.9541683905654486,"benchmark-user sdiag row, attributed by UID; valid for every backend including HyperQueue, Flux, and local"
dev,1,local,dryrun-plots/synthetic-monitor-tree/dev/rep1/local,4.416581723888715,22,550.0,18.106562,452.66405000000003,40,4.9541683905654486,"benchmark-user sdiag row, attributed by UID; valid for every backend including HyperQueue, Flux, and local"
dev,1,local,dryrun-plots/synthetic-monitor-tree/dev/rep1/local,4.499915057222048,22,550.0,18.448195,461.20487499999996,40,4.9541683905654486,"benchmark-user sdiag row, attributed by UID; valid for every backend including HyperQueue, Flux, and local"
dev,1,local,dryrun-plots/synthetic-monitor-tree/dev/rep1/local,4.583248390555382,23,575.0,18.789828,469.7457,40,4.9541683905654486,"benchmark-user sdiag row, attributed by UID; valid for every backend including HyperQueue, Flux, and local"
dev,1,local,dryrun-plots/synthetic-monitor-tree/dev/rep1/local,4.666581723888715,23,575.0,19.131462,478.28655,40,4.9541683905654486,"benchmark-user sdiag row, attributed by UID; valid for every backend including HyperQueue, Flux, and local"
dev,1,local,dryrun-plots/synthetic-monitor-tree/dev/rep1/local,4.749915057222048,23,575.0,19.473095,486.827375,40,4.9541683905654486,"benchmark-user sdiag row, attributed by UID; valid for every backend including HyperQueue, Flux, and local"
dev,1,local,dryrun-plots/synthetic-monitor-tree/dev/rep1/local,4.833248390555382,24,600.0,19.814728,495.36819999999994,40,4.9541683905654486,"benchmark-user sdiag row, attributed by UID; valid for every backend including HyperQueue, Flux, and local"
dev,1,local,dryrun-plots/synthetic-monitor-tree/dev/rep1/local,4.916581723888715,24,600.0,20.156361,503.909025,40,4.9541683905654486,"benchmark-user sdiag row, attributed by UID; valid for every backend including HyperQueue, Flux, and local"
dev,1,local,dryrun-plots/synthetic-monitor-tree/dev/rep1/local,4.97639063000679,25,625.0,20.310104,507.7526,40,4.9541683905654486,"benchmark-user sdiag row, attributed by UID; valid for every backend including HyperQueue, Flux, and local"
dev,2,jobarray,dryrun-plots/synthetic-monitor-tree/dev/rep2/jobarray,-0.001388888955116272,0,0.0,0.0,0.0,40,2.577827204929458,"benchmark-user sdiag row, attributed by UID; valid for every backend including HyperQueue, Flux, and local"
dev,2,jobarray,dryrun-plots/synthetic-monitor-tree/dev/rep2/jobarray,0.08324664937125312,10,250.0,8.44131,211.03275,40,2.577827204929458,"benchmark-user sdiag row, attributed by UID; valid for every backend including HyperQueue, Flux, and local"
dev,2,jobarray,dryrun-plots/synthetic-monitor-tree/dev/rep2/jobarray,0.16657998270458646,21,525.0,16.882621,422.065525,40,2.577827204929458,"benchmark-user sdiag row, attributed by UID; valid for every backend including HyperQueue, Flux, and local"
dev,2,jobarray,dryrun-plots/synthetic-monitor-tree/dev/rep2/jobarray,0.24991331603791977,31,775.0,25.323932,633.0983,40,2.577827204929458,"benchmark-user sdiag row, attributed by UID; valid for every backend including HyperQueue, Flux, and local"
dev,2,jobarray,dryrun-plots/synthetic-monitor-tree/dev/rep2/jobarray,0.33324664937125315,42,1050.0,33.765243,844.131075,40,2.577827204929458,"benchmark-user sdiag row, attributed by UID; valid for every backend including HyperQueue, Flux, and local"
dev,2,jobarray,dryrun-plots/synthetic-monitor-tree/dev/rep2/jobarray,0.41657998270458646,52,1300.0,42.206554,1055.16385,40,2.577827204929458,"benchmark-user sdiag row, attributed by UID; valid for every backend including HyperQueue, Flux, and local"
dev,2,jobarray,dryrun-plots/synthetic-monitor-tree/dev/rep2/jobarray,0.4999133160379198,63,1575.0,50.647865,1266.196625,40,2.577827204929458,"benchmark-user sdiag row, attributed by UID; valid for every backend including HyperQueue, Flux, and local"
dev,2,jobarray,dryrun-plots/synthetic-monitor-tree/dev/rep2/jobarray,0.5832466493712531,73,1825.0,59.089176,1477.2294,40,2.577827204929458,"benchmark-user sdiag row, attributed by UID; valid for every backend including HyperQueue, Flux, and local"
dev,2,jobarray,dryrun-plots/synthetic-monitor-tree/dev/rep2/jobarray,0.6665799827045864,84,2100.0,67.530487,1688.2621749999998,40,2.577827204929458,"benchmark-user sdiag row, attributed by UID; valid for every backend including HyperQueue, Flux, and local"
dev,2,jobarray,dryrun-plots/synthetic-monitor-tree/dev/rep2/jobarray,0.7499133160379198,94,2350.0,75.971798,1899.2949500000002,40,2.577827204929458,"benchmark-user sdiag row, attributed by UID; valid for every backend including HyperQueue, Flux, and local"
dev,2,jobarray,dryrun-plots/synthetic-monitor-tree/dev/rep2/jobarray,0.8332466493712531,105,2625.0,84.413108,2110.3277,40,2.577827204929458,"benchmark-user sdiag row, attributed by UID; valid for every backend including HyperQueue, Flux, and local"
dev,2,jobarray,dryrun-plots/synthetic-monitor-tree/dev/rep2/jobarray,0.9165799827045864,115,2875.0,92.854419,2321.360475,40,2.577827204929458,"benchmark-user sdiag row, attributed by UID; valid for every backend including HyperQueue, Flux, and local"
dev,2,jobarray,dryrun-plots/synthetic-monitor-tree/dev/rep2/jobarray,0.9999133160379198,126,3150.0,101.29573,2532.39325,40,2.577827204929458,"benchmark-user sdiag row, attributed by UID; valid for every backend including HyperQueue, Flux, and local"
dev,2,jobarray,dryrun-plots/synthetic-monitor-tree/dev/rep2/jobarray,1.0832466493712531,137,3425.0,109.737041,2743.426025,40,2.577827204929458,"benchmark-user sdiag row, attributed by UID; valid for every backend including HyperQueue, Flux, and local"
dev,2,jobarray,dryrun-plots/synthetic-monitor-tree/dev/rep2/jobarray,1.1665799827045864,147,3675.0,118.178352,2954.4588,40,2.577827204929458,"benchmark-user sdiag row, attributed by UID; valid for every backend including HyperQueue, Flux, and local"
dev,2,jobarray,dryrun-plots/synthetic-monitor-tree/dev/rep2/jobarray,1.2499133160379199,158,3950.0,126.619663,3165.491575,40,2.577827204929458,"benchmark-user sdiag row, attributed by UID; valid for every backend including HyperQueue, Flux, and local"
dev,2,jobarray,dryrun-plots/synthetic-monitor-tree/dev/rep2/jobarray,1.3332466493712531,168,4200.0,135.060974,3376.5243499999997,40,2.577827204929458,"benchmark-user sdiag row, attributed by UID; valid for every backend including HyperQueue, Flux, and local"
dev,2,jobarray,dryrun-plots/synthetic-monitor-tree/dev/rep2/jobarray,1.4165799827045864,179,4475.0,143.502285,3587.557125,40,2.577827204929458,"benchmark-user sdiag row, attributed by UID; valid for every backend including HyperQueue, Flux, and local"
dev,2,jobarray,dryrun-plots/synthetic-monitor-tree/dev/rep2/jobarray,1.4999133160379199,189,4725.0,151.943596,3798.5899000000004,40,2.577827204929458,"benchmark-user sdiag row, attributed by UID; valid for every backend including HyperQueue, Flux, and local"
dev,2,jobarray,dryrun-plots/synthetic-monitor-tree/dev/rep2/jobarray,1.5832466493712531,200,5000.0,160.384907,4009.622675,40,2.577827204929458,"benchmark-user sdiag row, attributed by UID; valid for every backend including HyperQueue, Flux, and local"
dev,2,jobarray,dryrun-plots/synthetic-monitor-tree/dev/rep2/jobarray,1.6665799827045864,210,5250.0,168.826217,4220.655425,40,2.577827204929458,"benchmark-user sdiag row, attributed by UID; valid for every backend including HyperQueue, Flux, and local"
dev,2,jobarray,dryrun-plots/synthetic-monitor-tree/dev/rep2/jobarray,1.7499133160379199,221,5525.0,177.267528,4431.6882,40,2.577827204929458,"benchmark-user sdiag row, attributed by UID; valid for every backend including HyperQueue, Flux, and local"
dev,2,jobarray,dryrun-plots/synthetic-monitor-tree/dev/rep2/jobarray,1.8332466493712531,231,5775.0,185.708839,4642.720975,40,2.577827204929458,"benchmark-user sdiag row, attributed by UID; valid for every backend including HyperQueue, Flux, and local"
dev,2,jobarray,dryrun-plots/synthetic-monitor-tree/dev/rep2/jobarray,1.9165799827045864,242,6050.0,194.15015,4853.75375,40,2.577827204929458,"benchmark-user sdiag row, attributed by UID; valid for every backend including HyperQueue, Flux, and local"
dev,2,jobarray,dryrun-plots/synthetic-monitor-tree/dev/rep2/jobarray,1.9999133160379199,252,6300.0,202.591461,5064.786525,40,2.577827204929458,"benchmark-user sdiag row, attributed by UID; valid for every backend including HyperQueue, Flux, and local"
dev,2,jobarray,dryrun-plots/synthetic-monitor-tree/dev/rep2/jobarray,2.083246649371253,263,6575.0,211.032772,5275.8193,40,2.577827204929458,"benchmark-user sdiag row, attributed by UID; valid for every backend including HyperQueue, Flux, and local"
dev,2,jobarray,dryrun-plots/synthetic-monitor-tree/dev/rep2/jobarray,2.1665799827045866,274,6850.0,219.474083,5486.852075,40,2.577827204929458,"benchmark-user sdiag row, attributed by UID; valid for every backend including HyperQueue, Flux, and local"
dev,2,jobarray,dryrun-plots/synthetic-monitor-tree/dev/rep2/jobarray,2.2499133160379197,284,7100.0,227.915394,5697.8848499999995,40,2.577827204929458,"benchmark-user sdiag row, attributed by UID; valid for every backend including HyperQueue, Flux, and local"
dev,2,jobarray,dryrun-plots/synthetic-monitor-tree/dev/rep2/jobarray,2.333246649371253,295,7375.0,236.356705,5908.917625,40,2.577827204929458,"benchmark-user sdiag row, attributed by UID; valid for every backend including HyperQueue, Flux, and local"
dev,2,jobarray,dryrun-plots/synthetic-monitor-tree/dev/rep2/jobarray,2.4165799827045866,305,7625.0,244.798016,6119.9504,40,2.577827204929458,"benchmark-user sdiag row, attributed by UID; valid for every backend including HyperQueue, Flux, and local"
dev,2,jobarray,dryrun-plots/synthetic-monitor-tree/dev/rep2/jobarray,2.4999133160379197,316,7900.0,253.239326,6330.98315,40,2.577827204929458,"benchmark-user sdiag row, attributed by UID; valid for every backend including HyperQueue, Flux, and local"
dev,2,jobarray,dryrun-plots/synthetic-monitor-tree/dev/rep2/jobarray,2.583246649371253,326,8150.0,261.12291,6528.072749999999,40,2.577827204929458,"benchmark-user sdiag row, attributed by UID; valid for every backend including HyperQueue, Flux, and local"
dev,2,jobarray,dryrun-plots/synthetic-monitor-tree/dev/rep2/jobarray,2.6000496196746825,326,8150.0,261.12291,6528.072749999999,40,2.577827204929458,"benchmark-user sdiag row, attributed by UID; valid for every backend including HyperQueue, Flux, and local"
dev,2,hyperqueue,dryrun-plots/synthetic-monitor-tree/dev/rep2/hyperqueue,-0.001388888888888889,0,0.0,0.0,0.0,40,2.2388125852743785,"benchmark-user sdiag row, attributed by UID; valid for every backend including HyperQueue, Flux, and local"
dev,2,hyperqueue,dryrun-plots/synthetic-monitor-tree/dev/rep2/hyperqueue,0.0831970296965705,2,50.0,2.188277,54.706925,40,2.2388125852743785,"benchmark-user sdiag row, attributed by UID; valid for every backend including HyperQueue, Flux, and local"
dev,2,hyperqueue,dryrun-plots/synthetic-monitor-tree/dev/rep2/hyperqueue,0.16653036302990384,5,125.0,4.376555,109.41387499999999,40,2.2388125852743785,"benchmark-user sdiag row, attributed by UID; valid for every backend including HyperQueue, Flux, and local"
dev,2,hyperqueue,dryrun-plots/synthetic-monitor-tree/dev/rep2/hyperqueue,0.24986369636323716,8,200.0,6.564833,164.120825,40,2.2388125852743785,"benchmark-user sdiag row, attributed by UID; valid for every backend including HyperQueue, Flux, and local"
dev,2,hyperqueue,dryrun-plots/synthetic-monitor-tree/dev/rep2/hyperqueue,0.3331970296965705,10,250.0,8.753111,218.827775,40,2.2388125852743785,"benchmark-user sdiag row, attributed by UID; valid for every backend including HyperQueue, Flux, and local"
dev,2,hyperqueue,dryrun-plots/synthetic-monitor-tree/dev/rep2/hyperqueue,0.4165303630299038,13,325.0,10.941388,273.5347,40,2.2388125852743785,"benchmark-user sdiag row, attributed by UID; valid for every backend including HyperQueue, Flux, and local"
dev,2,hyperqueue,dryrun-plots/synthetic-monitor-tree/dev/rep2/hyperqueue,0.4998636963632372,16,400.0,13.129666,328.24165,40,2.2388125852743785,"benchmark-user sdiag row, attributed by UID; valid for every backend including HyperQueue, Flux, and local"
dev,2,hyperqueue,dryrun-plots/synthetic-monitor-tree/dev/rep2/hyperqueue,0.5831970296965705,19,475.0,15.317944,382.9486,40,2.2388125852743785,"benchmark-user sdiag row, attributed by UID; valid for every backend including HyperQueue, Flux, and local"
dev,2,hyperqueue,dryrun-plots/synthetic-monitor-tree/dev/rep2/hyperqueue,0.6665303630299039,21,525.0,17.506222,437.65555,40,2.2388125852743785,"benchmark-user sdiag row, attributed by UID; valid for every backend including HyperQueue, Flux, and local"
dev,2,hyperqueue,dryrun-plots/synthetic-monitor-tree/dev/rep2/hyperqueue,0.7498636963632371,24,600.0,19.6945,492.3625,40,2.2388125852743785,"benchmark-user sdiag row, attributed by UID; valid for every backend including HyperQueue, Flux, and local"
dev,2,hyperqueue,dryrun-plots/synthetic-monitor-tree/dev/rep2/hyperqueue,0.8331970296965705,27,675.0,21.882777,547.069425,40,2.2388125852743785,"benchmark-user sdiag row, attributed by UID; valid for every backend including HyperQueue, Flux, and local"
dev,2,hyperqueue,dryrun-plots/synthetic-monitor-tree/dev/rep2/hyperqueue,0.9165303630299039,29,725.0,24.071055,601.776375,40,2.2388125852743785,"benchmark-user sdiag row, attributed by UID; valid for every backend including HyperQueue, Flux, and local"
dev,2,hyperqueue,dryrun-plots/synthetic-monitor-tree/dev/rep2/hyperqueue,0.9998636963632371,32,800.0,26.259333,656.483325,40,2.2388125852743785,"benchmark-user sdiag row, attributed by UID; valid for every backend including HyperQueue, Flux, and local"
dev,2,hyperqueue,dryrun-plots/synthetic-monitor-tree/dev/rep2/hyperqueue,1.0831970296965705,35,875.0,28.447611,711.1902749999999,40,2.2388125852743785,"benchmark-user sdiag row, attributed by UID; valid for every backend including HyperQueue, Flux, and local"
dev,2,hyperqueue,dryrun-plots/synthetic-monitor-tree/dev/rep2/hyperqueue,1.1665303630299038,38,950.0,30.635889,765.8972249999999,40,2.2388125852743785,"benchmark-user sdiag row, attributed by UID; valid for every backend including HyperQueue, Flux, and local"
dev,2,hyperqueue,dryrun-plots/synthetic-monitor-tree/dev/rep2/hyperqueue,1.2498636963632372,40,1000.0,32.824166,820.60415,40,2.2388125852743785,"benchmark-user sdiag row, attributed by UID; valid for every backend including HyperQueue, Flux, and local"
dev,2,hyperqueue,dryrun-plots/synthetic-monitor-tree/dev/rep2/hyperqueue,1.3331970296965705,43,1075.0,35.012444,875.3111,40,2.2388125852743785,"benchmark-user sdiag row, attributed by UID; valid for every backend including HyperQueue, Flux, and local"
dev,2,hyperqueue,dryrun-plots/synthetic-monitor-tree/dev/rep2/hyperqueue,1.4165303630299038,46,1150.0,37.200722,930.01805,40,2.2388125852743785,"benchmark-user sdiag row, attributed by UID; valid for every backend including HyperQueue, Flux, and local"
dev,2,hyperqueue,dryrun-plots/synthetic-monitor-tree/dev/rep2/hyperqueue,1.4998636963632372,48,1200.0,39.389,984.725,40,2.2388125852743785,"benchmark-user sdiag row, attributed by UID; valid for every backend including HyperQueue, Flux, and local"
dev,2,hyperqueue,dryrun-plots/synthetic-monitor-tree/dev/rep2/hyperqueue,1.5831970296965705,51,1275.0,41.577278,1039.43195,40,2.2388125852743785,"benchmark-user sdiag row, attributed by UID; valid for every backend including HyperQueue, Flux, and local"
dev,2,hyperqueue,dryrun-plots/synthetic-monitor-tree/dev/rep2/hyperqueue,1.6665303630299038,54,1350.0,43.765555,1094.1388749999999,40,2.2388125852743785,"benchmark-user sdiag row, attributed by UID; valid for every backend including HyperQueue, Flux, and local"
dev,2,hyperqueue,dryrun-plots/synthetic-monitor-tree/dev/rep2/hyperqueue,1.7498636963632372,57,1425.0,45.953833,1148.845825,40,2.2388125852743785,"benchmark-user sdiag row, attributed by UID; valid for every backend including HyperQueue, Flux, and local"
dev,2,hyperqueue,dryrun-plots/synthetic-monitor-tree/dev/rep2/hyperqueue,1.8331970296965705,59,1475.0,48.142111,1203.552775,40,2.2388125852743785,"benchmark-user sdiag row, attributed by UID; valid for every backend including HyperQueue, Flux, and local"
dev,2,hyperqueue,dryrun-plots/synthetic-monitor-tree/dev/rep2/hyperqueue,1.9165303630299038,62,1550.0,50.330389,1258.259725,40,2.2388125852743785,"benchmark-user sdiag row, attributed by UID; valid for every backend including HyperQueue, Flux, and local"
dev,2,hyperqueue,dryrun-plots/synthetic-monitor-tree/dev/rep2/hyperqueue,1.9998636963632372,65,1625.0,52.518667,1312.9666750000001,40,2.2388125852743785,"benchmark-user sdiag row, attributed by UID; valid for every backend including HyperQueue, Flux, and local"
dev,2,hyperqueue,dryrun-plots/synthetic-monitor-tree/dev/rep2/hyperqueue,2.0831970296965707,67,1675.0,54.706944,1367.6736,40,2.2388125852743785,"benchmark-user sdiag row, attributed by UID; valid for every backend including HyperQueue, Flux, and local"
dev,2,hyperqueue,dryrun-plots/synthetic-monitor-tree/dev/rep2/hyperqueue,2.1665303630299038,70,1750.0,56.895222,1422.3805499999999,40,2.2388125852743785,"benchmark-user sdiag row, attributed by UID; valid for every backend including HyperQueue, Flux, and local"
dev,2,hyperqueue,dryrun-plots/synthetic-monitor-tree/dev/rep2/hyperqueue,2.2498636963632372,73,1825.0,58.789727,1469.743175,40,2.2388125852743785,"benchmark-user sdiag row, attributed by UID; valid for every backend including HyperQueue, Flux, and local"
dev,2,hyperqueue,dryrun-plots/synthetic-monitor-tree/dev/rep2/hyperqueue,2.2610348308086397,73,1825.0,58.789727,1469.743175,40,2.2388125852743785,"benchmark-user sdiag row, attributed by UID; valid for every backend including HyperQueue, Flux, and local"
dev,2,flux,dryrun-plots/synthetic-monitor-tree/dev/rep2/flux,-0.0013888887564341228,0,0.0,0.0,0.0,40,2.2181746990150875,"benchmark-user sdiag row, attributed by UID; valid for every backend including HyperQueue, Flux, and local"
dev,2,flux,dryrun-plots/synthetic-monitor-tree/dev/rep2/flux,0.08327331013149686,3,75.0,2.832021,70.80052500000001,40,2.2181746990150875,"benchmark-user sdiag row, attributed by UID; valid for every backend including HyperQueue, Flux, and local"
dev,2,flux,dryrun-plots/synthetic-monitor-tree/dev/rep2/flux,0.16660664346483017,7,175.0,5.664043,141.601075,40,2.2181746990150875,"benchmark-user sdiag row, attributed by UID; valid for every backend including HyperQueue, Flux, and local"
dev,2,flux,dryrun-plots/synthetic-monitor-tree/dev/rep2/flux,0.24993997679816352,10,250.0,8.496065,212.401625,40,2.2181746990150875,"benchmark-user sdiag row, attributed by UID; valid for every backend including HyperQueue, Flux, and local"
dev,2,flux,dryrun-plots/synthetic-monitor-tree/dev/rep2/flux,0.33327331013149686,14,350.0,11.328086,283.20215,40,2.2181746990150875,"benchmark-user sdiag row, attributed by UID; valid for every backend including HyperQueue, Flux, and local"
dev,2,flux,dryrun-plots/synthetic-monitor-tree/dev/rep2/flux,0.4166066434648302,17,425.0,14.160108,354.0027,40,2.2181746990150875,"benchmark-user sdiag row, attributed by UID; valid for every backend including HyperQueue, Flux, and local"
dev,2,flux,dryrun-plots/synthetic-monitor-tree/dev/rep2/flux,0.49993997679816354,21,525.0,16.99213,424.80325,40,2.2181746990150875,"benchmark-user sdiag row, attributed by UID; valid for every backend including HyperQueue, Flux, and local"
dev,2,flux,dryrun-plots/synthetic-monitor-tree/dev/rep2/flux,0.5832733101314969,24,600.0,19.824152,495.60380000000004,40,2.2181746990150875,"benchmark-user sdiag row, attributed by UID; valid for every backend including HyperQueue, Flux, and local"
dev,2,flux,dryrun-plots/synthetic-monitor-tree/dev/rep2/flux,0.6666066434648302,28,700.0,22.656173,566.404325,40,2.2181746990150875,"benchmark-user sdiag row, attributed by UID; valid for every backend including HyperQueue, Flux, and local"
dev,2,flux,dryrun-plots/synthetic-monitor-tree/dev/rep2/flux,0.7499399767981635,31,775.0,25.488195,637.204875,40,2.2181746990150875,"benchmark-user sdiag row, attributed by UID; valid for every backend including HyperQueue, Flux, and local"
dev,2,flux,dryrun-plots/synthetic-monitor-tree/dev/rep2/flux,0.8332733101314969,35,875.0,28.320217,708.005425,40,2.2181746990150875,"benchmark-user sdiag row, attributed by UID; valid for every backend including HyperQueue, Flux, and local"
dev,2,flux,dryrun-plots/synthetic-monitor-tree/dev/rep2/flux,0.9166066434648302,38,950.0,31.152238,778.80595,40,2.2181746990150875,"benchmark-user sdiag row, attributed by UID; valid for every backend including HyperQueue, Flux, and local"
dev,2,flux,dryrun-plots/synthetic-monitor-tree/dev/rep2/flux,0.9999399767981635,42,1050.0,33.98426,849.6065,40,2.2181746990150875,"benchmark-user sdiag row, attributed by UID; valid for every backend including HyperQueue, Flux, and local"
dev,2,flux,dryrun-plots/synthetic-monitor-tree/dev/rep2/flux,1.0832733101314969,45,1125.0,36.816282,920.40705,40,2.2181746990150875,"benchmark-user sdiag row, attributed by UID; valid for every backend including HyperQueue, Flux, and local"
dev,2,flux,dryrun-plots/synthetic-monitor-tree/dev/rep2/flux,1.1666066434648301,49,1225.0,39.648304,991.2076000000001,40,2.2181746990150875,"benchmark-user sdiag row, attributed by UID; valid for every backend including HyperQueue, Flux, and local"
dev,2,flux,dryrun-plots/synthetic-monitor-tree/dev/rep2/flux,1.2499399767981636,52,1300.0,42.480325,1062.008125,40,2.2181746990150875,"benchmark-user sdiag row, attributed by UID; valid for every backend including HyperQueue, Flux, and local"
dev,2,flux,dryrun-plots/synthetic-monitor-tree/dev/rep2/flux,1.3332733101314969,56,1400.0,45.312347,1132.808675,40,2.2181746990150875,"benchmark-user sdiag row, attributed by UID; valid for every backend including HyperQueue, Flux, and local"
dev,2,flux,dryrun-plots/synthetic-monitor-tree/dev/rep2/flux,1.4166066434648301,60,1500.0,48.144369,1203.609225,40,2.2181746990150875,"benchmark-user sdiag row, attributed by UID; valid for every backend including HyperQueue, Flux, and local"
dev,2,flux,dryrun-plots/synthetic-monitor-tree/dev/rep2/flux,1.4999399767981636,63,1575.0,50.97639,1274.40975,40,2.2181746990150875,"benchmark-user sdiag row, attributed by UID; valid for every backend including HyperQueue, Flux, and local"
dev,2,flux,dryrun-plots/synthetic-monitor-tree/dev/rep2/flux,1.5832733101314969,67,1675.0,53.808412,1345.2103,40,2.2181746990150875,"benchmark-user sdiag row, attributed by UID; valid for every backend including HyperQueue, Flux, and local"
dev,2,flux,dryrun-plots/synthetic-monitor-tree/dev/rep2/flux,1.6666066434648301,70,1750.0,56.640434,1416.01085,40,2.2181746990150875,"benchmark-user sdiag row, attributed by UID; valid for every backend including HyperQueue, Flux, and local"
dev,2,flux,dryrun-plots/synthetic-monitor-tree/dev/rep2/flux,1.7499399767981636,74,1850.0,59.472456,1486.8114,40,2.2181746990150875,"benchmark-user sdiag row, attributed by UID; valid for every backend including HyperQueue, Flux, and local"
dev,2,flux,dryrun-plots/synthetic-monitor-tree/dev/rep2/flux,1.8332733101314969,77,1925.0,62.304477,1557.611925,40,2.2181746990150875,"benchmark-user sdiag row, attributed by UID; valid for every backend including HyperQueue, Flux, and local"
dev,2,flux,dryrun-plots/synthetic-monitor-tree/dev/rep2/flux,1.9166066434648301,81,2025.0,65.136499,1628.412475,40,2.2181746990150875,"benchmark-user sdiag row, attributed by UID; valid for every backend including HyperQueue, Flux, and local"
dev,2,flux,dryrun-plots/synthetic-monitor-tree/dev/rep2/flux,1.9999399767981636,84,2100.0,67.968521,1699.2130249999998,40,2.2181746990150875,"benchmark-user sdiag row, attributed by UID; valid for every backend including HyperQueue, Flux, and local"
dev,2,flux,dryrun-plots/synthetic-monitor-tree/dev/rep2/flux,2.0832733101314966,88,2200.0,70.800542,1770.01355,40,2.2181746990150875,"benchmark-user sdiag row, attributed by UID; valid for every backend including HyperQueue, Flux, and local"
dev,2,flux,dryrun-plots/synthetic-monitor-tree/dev/rep2/flux,2.16660664346483,91,2275.0,73.632564,1840.8141,40,2.2181746990150875,"benchmark-user sdiag row, attributed by UID; valid for every backend including HyperQueue, Flux, and local"
dev,2,flux,dryrun-plots/synthetic-monitor-tree/dev/rep2/flux,2.2403970084587734,94,2350.0,75.38303,1884.5757500000002,40,2.2181746990150875,"benchmark-user sdiag row, attributed by UID; valid for every backend including HyperQueue, Flux, and local"
dev,2,local,dryrun-plots/synthetic-monitor-tree/dev/rep2/local,-0.001388888955116272,0,0.0,0.0,0.0,40,4.673296579387453,"benchmark-user sdiag row, attributed by UID; valid for every backend including HyperQueue, Flux, and local"
dev,2,local,dryrun-plots/synthetic-monitor-tree/dev/rep2/local,0.08315407938427395,0,0.0,0.343469,8.586725000000001,40,4.673296579387453,"benchmark-user sdiag row, attributed by UID; valid for every backend including HyperQueue, Flux, and local"
dev,2,local,dryrun-plots/synthetic-monitor-tree/dev/rep2/local,0.16648741271760728,0,0.0,0.686938,17.173450000000003,40,4.673296579387453,"benchmark-user sdiag row, attributed by UID; valid for every backend including HyperQueue, Flux, and local"
dev,2,local,dryrun-plots/synthetic-monitor-tree/dev/rep2/local,0.24982074605094062,1,25.0,1.030408,25.7602,40,4.673296579387453,"benchmark-user sdiag row, attributed by UID; valid for every backend including HyperQueue, Flux, and local"
dev,2,local,dryrun-plots/synthetic-monitor-tree/dev/rep2/local,0.33315407938427394,1,25.0,1.373877,34.346925,40,4.673296579387453,"benchmark-user sdiag row, attributed by UID; valid for every backend including HyperQueue, Flux, and local"
dev,2,local,dryrun-plots/synthetic-monitor-tree/dev/rep2/local,0.4164874127176073,2,50.0,1.717346,42.93365,40,4.673296579387453,"benchmark-user sdiag row, attributed by UID; valid for every backend including HyperQueue, Flux, and local"
dev,2,local,dryrun-plots/synthetic-monitor-tree/dev/rep2/local,0.4998207460509406,2,50.0,2.060816,51.5204,40,4.673296579387453,"benchmark-user sdiag row, attributed by UID; valid for every backend including HyperQueue, Flux, and local"
dev,2,local,dryrun-plots/synthetic-monitor-tree/dev/rep2/local,0.583154079384274,2,50.0,2.404285,60.107124999999996,40,4.673296579387453,"benchmark-user sdiag row, attributed by UID; valid for every backend including HyperQueue, Flux, and local"
dev,2,local,dryrun-plots/synthetic-monitor-tree/dev/rep2/local,0.6664874127176073,3,75.0,2.747754,68.69385,40,4.673296579387453,"benchmark-user sdiag row, attributed by UID; valid for every backend including HyperQueue, Flux, and local"
dev,2,local,dryrun-plots/synthetic-monitor-tree/dev/rep2/local,0.7498207460509406,3,75.0,3.091224,77.28059999999999,40,4.673296579387453,"benchmark-user sdiag row, attributed by UID; valid for every backend including HyperQueue, Flux, and local"
dev,2,local,dryrun-plots/synthetic-monitor-tree/dev/rep2/local,0.833154079384274,4,100.0,3.434693,85.86732500000001,40,4.673296579387453,"benchmark-user sdiag row, attributed by UID; valid for every backend including HyperQueue, Flux, and local"
dev,2,local,dryrun-plots/synthetic-monitor-tree/dev/rep2/local,0.9164874127176073,4,100.0,3.778162,94.45405,40,4.673296579387453,"benchmark-user sdiag row, attributed by UID; valid for every backend including HyperQueue, Flux, and local"
dev,2,local,dryrun-plots/synthetic-monitor-tree/dev/rep2/local,0.9998207460509406,5,125.0,4.121632,103.0408,40,4.673296579387453,"benchmark-user sdiag row, attributed by UID; valid for every backend including HyperQueue, Flux, and local"
dev,2,local,dryrun-plots/synthetic-monitor-tree/dev/rep2/local,1.083154079384274,5,125.0,4.465101,111.62752499999999,40,4.673296579387453,"benchmark-user sdiag row, attributed by UID; valid for every backend including HyperQueue, Flux, and local"
dev,2,local,dryrun-plots/synthetic-monitor-tree/dev/rep2/local,1.1664874127176073,5,125.0,4.80857,120.21424999999999,40,4.673296579387453,"benchmark-user sdiag row, attributed by UID; valid for every backend including HyperQueue, Flux, and local"
dev,2,local,dryrun-plots/synthetic-monitor-tree/dev/rep2/local,1.2498207460509405,6,150.0,5.15204,128.80100000000002,40,4.673296579387453,"benchmark-user sdiag row, attributed by UID; valid for every backend including HyperQueue, Flux, and local"
dev,2,local,dryrun-plots/synthetic-monitor-tree/dev/rep2/local,1.333154079384274,6,150.0,5.495509,137.38772500000002,40,4.673296579387453,"benchmark-user sdiag row, attributed by UID; valid for every backend including HyperQueue, Flux, and local"
dev,2,local,dryrun-plots/synthetic-monitor-tree/dev/rep2/local,1.4164874127176073,7,175.0,5.838978,145.97445,40,4.673296579387453,"benchmark-user sdiag row, attributed by UID; valid for every backend including HyperQueue, Flux, and local"
dev,2,local,dryrun-plots/synthetic-monitor-tree/dev/rep2/local,1.4998207460509405,7,175.0,6.182448,154.56119999999999,40,4.673296579387453,"benchmark-user sdiag row, attributed by UID; valid for every backend including HyperQueue, Flux, and local"
dev,2,local,dryrun-plots/synthetic-monitor-tree/dev/rep2/local,1.583154079384274,8,200.0,6.525917,163.147925,40,4.673296579387453,"benchmark-user sdiag row, attributed by UID; valid for every backend including HyperQueue, Flux, and local"
dev,2,local,dryrun-plots/synthetic-monitor-tree/dev/rep2/local,1.6664874127176073,8,200.0,6.869387,171.73467499999998,40,4.673296579387453,"benchmark-user sdiag row, attributed by UID; valid for every backend including HyperQueue, Flux, and local"
dev,2,local,dryrun-plots/synthetic-monitor-tree/dev/rep2/local,1.7498207460509405,8,200.0,7.212856,180.3214,40,4.673296579387453,"benchmark-user sdiag row, attributed by UID; valid for every backend including HyperQueue, Flux, and local"
dev,2,local,dryrun-plots/synthetic-monitor-tree/dev/rep2/local,1.833154079384274,9,225.0,7.556325,188.908125,40,4.673296579387453,"benchmark-user sdiag row, attributed by UID; valid for every backend including HyperQueue, Flux, and local"
dev,2,local,dryrun-plots/synthetic-monitor-tree/dev/rep2/local,1.9164874127176073,9,225.0,7.899795,197.494875,40,4.673296579387453,"benchmark-user sdiag row, attributed by UID; valid for every backend including HyperQueue, Flux, and local"
dev,2,local,dryrun-plots/synthetic-monitor-tree/dev/rep2/local,1.9998207460509405,10,250.0,8.243264,206.0816,40,4.673296579387453,"benchmark-user sdiag row, attributed by UID; valid for every backend including HyperQueue, Flux, and local"
dev,2,local,dryrun-plots/synthetic-monitor-tree/dev/rep2/local,2.0831540793842738,10,250.0,8.586733,214.668325,40,4.673296579387453,"benchmark-user sdiag row, attributed by UID; valid for every backend including HyperQueue, Flux, and local"
dev,2,local,dryrun-plots/synthetic-monitor-tree/dev/rep2/local,2.1664874127176073,11,275.0,8.930203,223.255075,40,4.673296579387453,"benchmark-user sdiag row, attributed by UID; valid for every backend including HyperQueue, Flux, and local"
dev,2,local,dryrun-plots/synthetic-monitor-tree/dev/rep2/local,2.2498207460509407,11,275.0,9.273672,231.84179999999998,40,4.673296579387453,"benchmark-user sdiag row, attributed by UID; valid for every backend including HyperQueue, Flux, and local"
dev,2,local,dryrun-plots/synthetic-monitor-tree/dev/rep2/local,2.3331540793842738,11,275.0,9.617141,240.428525,40,4.673296579387453,"benchmark-user sdiag row, attributed by UID; valid for every backend including HyperQueue, Flux, and local"
dev,2,local,dryrun-plots/synthetic-monitor-tree/dev/rep2/local,2.4164874127176073,12,300.0,9.960611,249.015275,40,4.673296579387453,"benchmark-user sdiag row, attributed by UID; valid for every backend including HyperQueue, Flux, and local"
dev,2,local,dryrun-plots/synthetic-monitor-tree/dev/rep2/local,2.4998207460509407,12,300.0,10.30408,257.60200000000003,40,4.673296579387453,"benchmark-user sdiag row, attributed by UID; valid for every backend including HyperQueue, Flux, and local"
dev,2,local,dryrun-plots/synthetic-monitor-tree/dev/rep2/local,2.5831540793842738,13,325.0,10.647549,266.188725,40,4.673296579387453,"benchmark-user sdiag row, attributed by UID; valid for every backend including HyperQueue, Flux, and local"
dev,2,local,dryrun-plots/synthetic-monitor-tree/dev/rep2/local,2.6664874127176073,13,325.0,10.991019,274.775475,40,4.673296579387453,"benchmark-user sdiag row, attributed by UID; valid for every backend including HyperQueue, Flux, and local"
dev,2,local,dryrun-plots/synthetic-monitor-tree/dev/rep2/local,2.7498207460509407,14,350.0,11.334488,283.36220000000003,40,4.673296579387453,"benchmark-user sdiag row, attributed by UID; valid for every backend including HyperQueue, Flux, and local"
dev,2,local,dryrun-plots/synthetic-monitor-tree/dev/rep2/local,2.8331540793842738,14,350.0,11.677957,291.948925,40,4.673296579387453,"benchmark-user sdiag row, attributed by UID; valid for every backend including HyperQueue, Flux, and local"
dev,2,local,dryrun-plots/synthetic-monitor-tree/dev/rep2/local,2.9164874127176073,14,350.0,12.021427,300.53567499999997,40,4.673296579387453,"benchmark-user sdiag row, attributed by UID; valid for every backend including HyperQueue, Flux, and local"
dev,2,local,dryrun-plots/synthetic-monitor-tree/dev/rep2/local,2.9998207460509407,15,375.0,12.364896,309.12239999999997,40,4.673296579387453,"benchmark-user sdiag row, attributed by UID; valid for every backend including HyperQueue, Flux, and local"
dev,2,local,dryrun-plots/synthetic-monitor-tree/dev/rep2/local,3.0831540793842738,15,375.0,12.708365,317.70912500000003,40,4.673296579387453,"benchmark-user sdiag row, attributed by UID; valid for every backend including HyperQueue, Flux, and local"
dev,2,local,dryrun-plots/synthetic-monitor-tree/dev/rep2/local,3.1664874127176073,16,400.0,13.051835,326.295875,40,4.673296579387453,"benchmark-user sdiag row, attributed by UID; valid for every backend including HyperQueue, Flux, and local"
dev,2,local,dryrun-plots/synthetic-monitor-tree/dev/rep2/local,3.2498207460509407,16,400.0,13.395304,334.88259999999997,40,4.673296579387453,"benchmark-user sdiag row, attributed by UID; valid for every backend including HyperQueue, Flux, and local"
dev,2,local,dryrun-plots/synthetic-monitor-tree/dev/rep2/local,3.3331540793842738,17,425.0,13.738774,343.46934999999996,40,4.673296579387453,"benchmark-user sdiag row, attributed by UID; valid for every backend including HyperQueue, Flux, and local"
dev,2,local,dryrun-plots/synthetic-monitor-tree/dev/rep2/local,3.4164874127176073,17,425.0,14.082243,352.056075,40,4.673296579387453,"benchmark-user sdiag row, attributed by UID; valid for every backend including HyperQueue, Flux, and local"
dev,2,local,dryrun-plots/synthetic-monitor-tree/dev/rep2/local,3.4998207460509407,17,425.0,14.425712,360.6428,40,4.673296579387453,"benchmark-user sdiag row, attributed by UID; valid for every backend including HyperQueue, Flux, and local"
dev,2,local,dryrun-plots/synthetic-monitor-tree/dev/rep2/local,3.5831540793842738,18,450.0,14.769182,369.22955,40,4.673296579387453,"benchmark-user sdiag row, attributed by UID; valid for every backend including HyperQueue, Flux, and local"
dev,2,local,dryrun-plots/synthetic-monitor-tree/dev/rep2/local,3.6664874127176073,18,450.0,15.112651,377.816275,40,4.673296579387453,"benchmark-user sdiag row, attributed by UID; valid for every backend including HyperQueue, Flux, and local"
dev,2,local,dryrun-plots/synthetic-monitor-tree/dev/rep2/local,3.7498207460509407,19,475.0,15.45612,386.403,40,4.673296579387453,"benchmark-user sdiag row, attributed by UID; valid for every backend including HyperQueue, Flux, and local"
dev,2,local,dryrun-plots/synthetic-monitor-tree/dev/rep2/local,3.8331540793842738,19,475.0,15.79959,394.98975,40,4.673296579387453,"benchmark-user sdiag row, attributed by UID; valid for every backend including HyperQueue, Flux, and local"
dev,2,local,dryrun-plots/synthetic-monitor-tree/dev/rep2/local,3.9164874127176073,20,500.0,16.143059,403.576475,40,4.673296579387453,"benchmark-user sdiag row, attributed by UID; valid for every backend including HyperQueue, Flux, and local"
dev,2,local,dryrun-plots/synthetic-monitor-tree/dev/rep2/local,3.9998207460509407,20,500.0,16.486528,412.1632,40,4.673296579387453,"benchmark-user sdiag row, attributed by UID; valid for every backend including HyperQueue, Flux, and local"
dev,2,local,dryrun-plots/synthetic-monitor-tree/dev/rep2/local,4.083154079384274,20,500.0,16.829998,420.74995,40,4.673296579387453,"benchmark-user sdiag row, attributed by UID; valid for every backend including HyperQueue, Flux, and local"
dev,2,local,dryrun-plots/synthetic-monitor-tree/dev/rep2/local,4.166487412717608,21,525.0,17.173467,429.33667499999996,40,4.673296579387453,"benchmark-user sdiag row, attributed by UID; valid for every backend including HyperQueue, Flux, and local"
dev,2,local,dryrun-plots/synthetic-monitor-tree/dev/rep2/local,4.249820746050941,21,525.0,17.516936,437.9234,40,4.673296579387453,"benchmark-user sdiag row, attributed by UID; valid for every backend including HyperQueue, Flux, and local"
dev,2,local,dryrun-plots/synthetic-monitor-tree/dev/rep2/local,4.333154079384274,22,550.0,17.860406,446.51015,40,4.673296579387453,"benchmark-user sdiag row, attributed by UID; valid for every backend including HyperQueue, Flux, and local"
dev,2,local,dryrun-plots/synthetic-monitor-tree/dev/rep2/local,4.416487412717608,22,550.0,18.203875,455.096875,40,4.673296579387453,"benchmark-user sdiag row, attributed by UID; valid for every backend including HyperQueue, Flux, and local"
dev,2,local,dryrun-plots/synthetic-monitor-tree/dev/rep2/local,4.499820746050941,23,575.0,18.547344,463.68359999999996,40,4.673296579387453,"benchmark-user sdiag row, attributed by UID; valid for every backend including HyperQueue, Flux, and local"
dev,2,local,dryrun-plots/synthetic-monitor-tree/dev/rep2/local,4.583154079384274,23,575.0,18.890814,472.27034999999995,40,4.673296579387453,"benchmark-user sdiag row, attributed by UID; valid for every backend including HyperQueue, Flux, and local"
dev,2,local,dryrun-plots/synthetic-monitor-tree/dev/rep2/local,4.666487412717608,23,575.0,19.234283,480.857075,40,4.673296579387453,"benchmark-user sdiag row, attributed by UID; valid for every backend including HyperQueue, Flux, and local"
dev,2,local,dryrun-plots/synthetic-monitor-tree/dev/rep2/local,4.6955188665787375,24,600.0,19.26161,481.54025,40,4.673296579387453,"benchmark-user sdiag row, attributed by UID; valid for every backend including HyperQueue, Flux, and local"
dev,2,native,dryrun-plots/synthetic-monitor-tree/dev/rep2/native,-0.0013888888226615058,0,0.0,0.0,0.0,40,3.295048823952675,"benchmark-user sdiag row, attributed by UID; valid for every backend including HyperQueue, Flux, and local"
dev,2,native,dryrun-plots/synthetic-monitor-tree/dev/rep2/native,0.083190768427319,28,700.0,22.75074,568.7685,40,3.295048823952675,"benchmark-user sdiag row, attributed by UID; valid for every backend including HyperQueue, Flux, and local"
dev,2,native,dryrun-plots/synthetic-monitor-tree/dev/rep2/native,0.16652410176065233,56,1400.0,45.50148,1137.537,40,3.295048823952675,"benchmark-user sdiag row, attributed by UID; valid for every backend including HyperQueue, Flux, and local"
dev,2,native,dryrun-plots/synthetic-monitor-tree/dev/rep2/native,0.24985743509398567,85,2125.0,68.252221,1706.3055250000002,40,3.295048823952675,"benchmark-user sdiag row, attributed by UID; valid for every backend including HyperQueue, Flux, and local"
dev,2,native,dryrun-plots/synthetic-monitor-tree/dev/rep2/native,0.333190768427319,113,2825.0,91.002961,2275.074025,40,3.295048823952675,"benchmark-user sdiag row, attributed by UID; valid for every backend including HyperQueue, Flux, and local"
dev,2,native,dryrun-plots/synthetic-monitor-tree/dev/rep2/native,0.41652410176065235,142,3550.0,113.753702,2843.8425500000003,40,3.295048823952675,"benchmark-user sdiag row, attributed by UID; valid for every backend including HyperQueue, Flux, and local"
dev,2,native,dryrun-plots/synthetic-monitor-tree/dev/rep2/native,0.49985743509398567,170,4250.0,136.504442,3412.6110500000004,40,3.295048823952675,"benchmark-user sdiag row, attributed by UID; valid for every backend including HyperQueue, Flux, and local"
dev,2,native,dryrun-plots/synthetic-monitor-tree/dev/rep2/native,0.583190768427319,198,4950.0,159.255182,3981.3795499999997,40,3.295048823952675,"benchmark-user sdiag row, attributed by UID; valid for every backend including HyperQueue, Flux, and local"
dev,2,native,dryrun-plots/synthetic-monitor-tree/dev/rep2/native,0.6665241017606524,227,5675.0,182.005923,4550.148075,40,3.295048823952675,"benchmark-user sdiag row, attributed by UID; valid for every backend including HyperQueue, Flux, and local"
dev,2,native,dryrun-plots/synthetic-monitor-tree/dev/rep2/native,0.7498574350939856,255,6375.0,204.756663,5118.916575,40,3.295048823952675,"benchmark-user sdiag row, attributed by UID; valid for every backend including HyperQueue, Flux, and local"
dev,2,native,dryrun-plots/synthetic-monitor-tree/dev/rep2/native,0.833190768427319,284,7100.0,227.507404,5687.685100000001,40,3.295048823952675,"benchmark-user sdiag row, attributed by UID; valid for every backend including HyperQueue, Flux, and local"
dev,2,native,dryrun-plots/synthetic-monitor-tree/dev/rep2/native,0.9165241017606524,312,7800.0,250.258144,6256.4536,40,3.295048823952675,"benchmark-user sdiag row, attributed by UID; valid for every backend including HyperQueue, Flux, and local"
dev,2,native,dryrun-plots/synthetic-monitor-tree/dev/rep2/native,0.9998574350939856,341,8525.0,273.008885,6825.222125,40,3.295048823952675,"benchmark-user sdiag row, attributed by UID; valid for every backend including HyperQueue, Flux, and local"
dev,2,native,dryrun-plots/synthetic-monitor-tree/dev/rep2/native,1.083190768427319,369,9225.0,295.759625,7393.990625,40,3.295048823952675,"benchmark-user sdiag row, attributed by UID; valid for every backend including HyperQueue, Flux, and local"
dev,2,native,dryrun-plots/synthetic-monitor-tree/dev/rep2/native,1.1665241017606522,397,9925.0,318.510365,7962.759125,40,3.295048823952675,"benchmark-user sdiag row, attributed by UID; valid for every backend including HyperQueue, Flux, and local"
dev,2,native,dryrun-plots/synthetic-monitor-tree/dev/rep2/native,1.2498574350939857,426,10650.0,341.261106,8531.52765,40,3.295048823952675,"benchmark-user sdiag row, attributed by UID; valid for every backend including HyperQueue, Flux, and local"
dev,2,native,dryrun-plots/synthetic-monitor-tree/dev/rep2/native,1.333190768427319,454,11350.0,364.011846,9100.29615,40,3.295048823952675,"benchmark-user sdiag row, attributed by UID; valid for every backend including HyperQueue, Flux, and local"
dev,2,native,dryrun-plots/synthetic-monitor-tree/dev/rep2/native,1.4165241017606522,483,12075.0,386.762587,9669.064675,40,3.295048823952675,"benchmark-user sdiag row, attributed by UID; valid for every backend including HyperQueue, Flux, and local"
dev,2,native,dryrun-plots/synthetic-monitor-tree/dev/rep2/native,1.4998574350939857,511,12775.0,409.513327,10237.833175,40,3.295048823952675,"benchmark-user sdiag row, attributed by UID; valid for every backend including HyperQueue, Flux, and local"
dev,2,native,dryrun-plots/synthetic-monitor-tree/dev/rep2/native,1.583190768427319,540,13500.0,432.264067,10806.601675,40,3.295048823952675,"benchmark-user sdiag row, attributed by UID; valid for every backend including HyperQueue, Flux, and local"
dev,2,native,dryrun-plots/synthetic-monitor-tree/dev/rep2/native,1.6665241017606522,568,14200.0,455.014808,11375.370200000001,40,3.295048823952675,"benchmark-user sdiag row, attributed by UID; valid for every backend including HyperQueue, Flux, and local"
dev,2,native,dryrun-plots/synthetic-monitor-tree/dev/rep2/native,1.7498574350939857,596,14900.0,477.765548,11944.138700000001,40,3.295048823952675,"benchmark-user sdiag row, attributed by UID; valid for every backend including HyperQueue, Flux, and local"
dev,2,native,dryrun-plots/synthetic-monitor-tree/dev/rep2/native,1.833190768427319,625,15625.0,500.516289,12512.907224999999,40,3.295048823952675,"benchmark-user sdiag row, attributed by UID; valid for every backend including HyperQueue, Flux, and local"
dev,2,native,dryrun-plots/synthetic-monitor-tree/dev/rep2/native,1.9165241017606522,653,16325.0,523.267029,13081.675725,40,3.295048823952675,"benchmark-user sdiag row, attributed by UID; valid for every backend including HyperQueue, Flux, and local"
dev,2,native,dryrun-plots/synthetic-monitor-tree/dev/rep2/native,1.9998574350939857,682,17050.0,546.01777,13650.44425,40,3.295048823952675,"benchmark-user sdiag row, attributed by UID; valid for every backend including HyperQueue, Flux, and local"
dev,2,native,dryrun-plots/synthetic-monitor-tree/dev/rep2/native,2.083190768427319,710,17750.0,568.76851,14219.21275,40,3.295048823952675,"benchmark-user sdiag row, attributed by UID; valid for every backend including HyperQueue, Flux, and local"
dev,2,native,dryrun-plots/synthetic-monitor-tree/dev/rep2/native,2.1665241017606522,739,18475.0,591.51925,14787.98125,40,3.295048823952675,"benchmark-user sdiag row, attributed by UID; valid for every backend including HyperQueue, Flux, and local"
dev,2,native,dryrun-plots/synthetic-monitor-tree/dev/rep2/native,2.2498574350939857,767,19175.0,614.269991,15356.749775,40,3.295048823952675,"benchmark-user sdiag row, attributed by UID; valid for every backend including HyperQueue, Flux, and local"
dev,2,native,dryrun-plots/synthetic-monitor-tree/dev/rep2/native,2.333190768427319,795,19875.0,637.020731,15925.518274999999,40,3.295048823952675,"benchmark-user sdiag row, attributed by UID; valid for every backend including HyperQueue, Flux, and local"
dev,2,native,dryrun-plots/synthetic-monitor-tree/dev/rep2/native,2.4165241017606522,824,20600.0,659.771472,16494.2868,40,3.295048823952675,"benchmark-user sdiag row, attributed by UID; valid for every backend including HyperQueue, Flux, and local"
dev,2,native,dryrun-plots/synthetic-monitor-tree/dev/rep2/native,2.4998574350939857,852,21300.0,682.522212,17063.0553,40,3.295048823952675,"benchmark-user sdiag row, attributed by UID; valid for every backend including HyperQueue, Flux, and local"
dev,2,native,dryrun-plots/synthetic-monitor-tree/dev/rep2/native,2.583190768427319,881,22025.0,705.272953,17631.823825,40,3.295048823952675,"benchmark-user sdiag row, attributed by UID; valid for every backend including HyperQueue, Flux, and local"
dev,2,native,dryrun-plots/synthetic-monitor-tree/dev/rep2/native,2.6665241017606522,909,22725.0,728.023693,18200.592324999998,40,3.295048823952675,"benchmark-user sdiag row, attributed by UID; valid for every backend including HyperQueue, Flux, and local"
dev,2,native,dryrun-plots/synthetic-monitor-tree/dev/rep2/native,2.7498574350939857,938,23450.0,750.774433,18769.360825,40,3.295048823952675,"benchmark-user sdiag row, attributed by UID; valid for every backend including HyperQueue, Flux, and local"
dev,2,native,dryrun-plots/synthetic-monitor-tree/dev/rep2/native,2.833190768427319,966,24150.0,773.525174,19338.12935,40,3.295048823952675,"benchmark-user sdiag row, attributed by UID; valid for every backend including HyperQueue, Flux, and local"
dev,2,native,dryrun-plots/synthetic-monitor-tree/dev/rep2/native,2.9165241017606522,994,24850.0,796.275914,19906.897849999998,40,3.295048823952675,"benchmark-user sdiag row, attributed by UID; valid for every backend including HyperQueue, Flux, and local"
dev,2,native,dryrun-plots/synthetic-monitor-tree/dev/rep2/native,2.9998574350939857,1023,25575.0,819.026655,20475.666375,40,3.295048823952675,"benchmark-user sdiag row, attributed by UID; valid for every backend including HyperQueue, Flux, and local"
dev,2,native,dryrun-plots/synthetic-monitor-tree/dev/rep2/native,3.083190768427319,1051,26275.0,841.777395,21044.434875,40,3.295048823952675,"benchmark-user sdiag row, attributed by UID; valid for every backend including HyperQueue, Flux, and local"
dev,2,native,dryrun-plots/synthetic-monitor-tree/dev/rep2/native,3.1665241017606522,1080,27000.0,864.528135,21613.203375,40,3.295048823952675,"benchmark-user sdiag row, attributed by UID; valid for every backend including HyperQueue, Flux, and local"
dev,2,native,dryrun-plots/synthetic-monitor-tree/dev/rep2/native,3.2498574350939857,1108,27700.0,887.278876,22181.9719,40,3.295048823952675,"benchmark-user sdiag row, attributed by UID; valid for every backend including HyperQueue, Flux, and local"
dev,2,native,dryrun-plots/synthetic-monitor-tree/dev/rep2/native,3.3172710842556423,1124,28100.0,899.577616,22489.4404,40,3.295048823952675,"benchmark-user sdiag row, attributed by UID; valid for every backend including HyperQueue, Flux, and local"
dev,3,hyperqueue,dryrun-plots/synthetic-monitor-tree/dev/rep3/hyperqueue,-0.001388888955116272,0,0.0,0.0,0.0,40,2.3700635729895696,"benchmark-user sdiag row, attributed by UID; valid for every backend including HyperQueue, Flux, and local"
dev,3,hyperqueue,dryrun-plots/synthetic-monitor-tree/dev/rep3/hyperqueue,0.08314190632767147,2,50.0,2.181989,54.549725,40,2.3700635729895696,"benchmark-user sdiag row, attributed by UID; valid for every backend including HyperQueue, Flux, and local"
dev,3,hyperqueue,dryrun-plots/synthetic-monitor-tree/dev/rep3/hyperqueue,0.1664752396610048,5,125.0,4.363978,109.09945,40,2.3700635729895696,"benchmark-user sdiag row, attributed by UID; valid for every backend including HyperQueue, Flux, and local"
dev,3,hyperqueue,dryrun-plots/synthetic-monitor-tree/dev/rep3/hyperqueue,0.24980857299433815,8,200.0,6.545968,163.6492,40,2.3700635729895696,"benchmark-user sdiag row, attributed by UID; valid for every backend including HyperQueue, Flux, and local"
dev,3,hyperqueue,dryrun-plots/synthetic-monitor-tree/dev/rep3/hyperqueue,0.3331419063276715,10,250.0,8.727957,218.198925,40,2.3700635729895696,"benchmark-user sdiag row, attributed by UID; valid for every backend including HyperQueue, Flux, and local"
dev,3,hyperqueue,dryrun-plots/synthetic-monitor-tree/dev/rep3/hyperqueue,0.4164752396610048,13,325.0,10.909946,272.74865,40,2.3700635729895696,"benchmark-user sdiag row, attributed by UID; valid for every backend including HyperQueue, Flux, and local"
dev,3,hyperqueue,dryrun-plots/synthetic-monitor-tree/dev/rep3/hyperqueue,0.4998085729943381,16,400.0,13.091936,327.2984,40,2.3700635729895696,"benchmark-user sdiag row, attributed by UID; valid for every backend including HyperQueue, Flux, and local"
dev,3,hyperqueue,dryrun-plots/synthetic-monitor-tree/dev/rep3/hyperqueue,0.5831419063276715,18,450.0,15.273925,381.848125,40,2.3700635729895696,"benchmark-user sdiag row, attributed by UID; valid for every backend including HyperQueue, Flux, and local"
dev,3,hyperqueue,dryrun-plots/synthetic-monitor-tree/dev/rep3/hyperqueue,0.6664752396610049,21,525.0,17.455914,436.39785,40,2.3700635729895696,"benchmark-user sdiag row, attributed by UID; valid for every backend including HyperQueue, Flux, and local"
dev,3,hyperqueue,dryrun-plots/synthetic-monitor-tree/dev/rep3/hyperqueue,0.7498085729943381,24,600.0,19.637904,490.94759999999997,40,2.3700635729895696,"benchmark-user sdiag row, attributed by UID; valid for every backend including HyperQueue, Flux, and local"
dev,3,hyperqueue,dryrun-plots/synthetic-monitor-tree/dev/rep3/hyperqueue,0.8331419063276715,27,675.0,21.819893,545.497325,40,2.3700635729895696,"benchmark-user sdiag row, attributed by UID; valid for every backend including HyperQueue, Flux, and local"
dev,3,hyperqueue,dryrun-plots/synthetic-monitor-tree/dev/rep3/hyperqueue,0.9164752396610049,29,725.0,24.001882,600.04705,40,2.3700635729895696,"benchmark-user sdiag row, attributed by UID; valid for every backend including HyperQueue, Flux, and local"
dev,3,hyperqueue,dryrun-plots/synthetic-monitor-tree/dev/rep3/hyperqueue,0.9998085729943381,32,800.0,26.183872,654.5968,40,2.3700635729895696,"benchmark-user sdiag row, attributed by UID; valid for every backend including HyperQueue, Flux, and local"
dev,3,hyperqueue,dryrun-plots/synthetic-monitor-tree/dev/rep3/hyperqueue,1.0831419063276715,35,875.0,28.365861,709.146525,40,2.3700635729895696,"benchmark-user sdiag row, attributed by UID; valid for every backend including HyperQueue, Flux, and local"
dev,3,hyperqueue,dryrun-plots/synthetic-monitor-tree/dev/rep3/hyperqueue,1.1664752396610047,37,925.0,30.54785,763.69625,40,2.3700635729895696,"benchmark-user sdiag row, attributed by UID; valid for every backend including HyperQueue, Flux, and local"
dev,3,hyperqueue,dryrun-plots/synthetic-monitor-tree/dev/rep3/hyperqueue,1.2498085729943382,40,1000.0,32.72984,818.2460000000001,40,2.3700635729895696,"benchmark-user sdiag row, attributed by UID; valid for every backend including HyperQueue, Flux, and local"
dev,3,hyperqueue,dryrun-plots/synthetic-monitor-tree/dev/rep3/hyperqueue,1.3331419063276715,43,1075.0,34.911829,872.795725,40,2.3700635729895696,"benchmark-user sdiag row, attributed by UID; valid for every backend including HyperQueue, Flux, and local"
dev,3,hyperqueue,dryrun-plots/synthetic-monitor-tree/dev/rep3/hyperqueue,1.4164752396610047,46,1150.0,37.093818,927.34545,40,2.3700635729895696,"benchmark-user sdiag row, attributed by UID; valid for every backend including HyperQueue, Flux, and local"
dev,3,hyperqueue,dryrun-plots/synthetic-monitor-tree/dev/rep3/hyperqueue,1.4998085729943382,48,1200.0,39.275808,981.8951999999999,40,2.3700635729895696,"benchmark-user sdiag row, attributed by UID; valid for every backend including HyperQueue, Flux, and local"
dev,3,hyperqueue,dryrun-plots/synthetic-monitor-tree/dev/rep3/hyperqueue,1.5831419063276715,51,1275.0,41.457797,1036.444925,40,2.3700635729895696,"benchmark-user sdiag row, attributed by UID; valid for every backend including HyperQueue, Flux, and local"
dev,3,hyperqueue,dryrun-plots/synthetic-monitor-tree/dev/rep3/hyperqueue,1.6664752396610047,54,1350.0,43.639786,1090.99465,40,2.3700635729895696,"benchmark-user sdiag row, attributed by UID; valid for every backend including HyperQueue, Flux, and local"
dev,3,hyperqueue,dryrun-plots/synthetic-monitor-tree/dev/rep3/hyperqueue,1.7498085729943382,56,1400.0,45.821776,1145.5444,40,2.3700635729895696,"benchmark-user sdiag row, attributed by UID; valid for every backend including HyperQueue, Flux, and local"
dev,3,hyperqueue,dryrun-plots/synthetic-monitor-tree/dev/rep3/hyperqueue,1.8331419063276715,59,1475.0,48.003765,1200.094125,40,2.3700635729895696,"benchmark-user sdiag row, attributed by UID; valid for every backend including HyperQueue, Flux, and local"
dev,3,hyperqueue,dryrun-plots/synthetic-monitor-tree/dev/rep3/hyperqueue,1.9164752396610047,62,1550.0,50.185754,1254.6438500000002,40,2.3700635729895696,"benchmark-user sdiag row, attributed by UID; valid for every backend including HyperQueue, Flux, and local"
dev,3,hyperqueue,dryrun-plots/synthetic-monitor-tree/dev/rep3/hyperqueue,1.9998085729943382,64,1600.0,52.367744,1309.1936,40,2.3700635729895696,"benchmark-user sdiag row, attributed by UID; valid for every backend including HyperQueue, Flux, and local"
dev,3,hyperqueue,dryrun-plots/synthetic-monitor-tree/dev/rep3/hyperqueue,2.0831419063276715,67,1675.0,54.549733,1363.7433250000001,40,2.3700635729895696,"benchmark-user sdiag row, attributed by UID; valid for every backend including HyperQueue, Flux, and local"
dev,3,hyperqueue,dryrun-plots/synthetic-monitor-tree/dev/rep3/hyperqueue,2.166475239661005,70,1750.0,56.731722,1418.29305,40,2.3700635729895696,"benchmark-user sdiag row, attributed by UID; valid for every backend including HyperQueue, Flux, and local"
dev,3,hyperqueue,dryrun-plots/synthetic-monitor-tree/dev/rep3/hyperqueue,2.249808572994338,73,1825.0,58.913712,1472.8428,40,2.3700635729895696,"benchmark-user sdiag row, attributed by UID; valid for every backend including HyperQueue, Flux, and local"
dev,3,hyperqueue,dryrun-plots/synthetic-monitor-tree/dev/rep3/hyperqueue,2.3331419063276715,75,1875.0,61.095701,1527.392525,40,2.3700635729895696,"benchmark-user sdiag row, attributed by UID; valid for every backend including HyperQueue, Flux, and local"
dev,3,hyperqueue,dryrun-plots/synthetic-monitor-tree/dev/rep3/hyperqueue,2.3922858605119917,77,1925.0,62.057443,1551.436075,40,2.3700635729895696,"benchmark-user sdiag row, attributed by UID; valid for every backend including HyperQueue, Flux, and local"
dev,3,flux,dryrun-plots/synthetic-monitor-tree/dev/rep3/flux,-0.0013888888226615058,0,0.0,0.0,0.0,40,2.537211045887735,"benchmark-user sdiag row, attributed by UID; valid for every backend including HyperQueue, Flux, and local"
dev,3,flux,dryrun-plots/synthetic-monitor-tree/dev/rep3/flux,0.08307826810412937,3,75.0,2.441749,61.043725,40,2.537211045887735,"benchmark-user sdiag row, attributed by UID; valid for every backend including HyperQueue, Flux, and local"
dev,3,flux,dryrun-plots/synthetic-monitor-tree/dev/rep3/flux,0.1664116014374627,6,150.0,4.883499,122.08747499999998,40,2.537211045887735,"benchmark-user sdiag row, attributed by UID; valid for every backend including HyperQueue, Flux, and local"
dev,3,flux,dryrun-plots/synthetic-monitor-tree/dev/rep3/flux,0.24974493477079604,9,225.0,7.325248,183.1312,40,2.537211045887735,"benchmark-user sdiag row, attributed by UID; valid for every backend including HyperQueue, Flux, and local"
dev,3,flux,dryrun-plots/synthetic-monitor-tree/dev/rep3/flux,0.3330782681041294,12,300.0,9.766998,244.17494999999997,40,2.537211045887735,"benchmark-user sdiag row, attributed by UID; valid for every backend including HyperQueue, Flux, and local"
dev,3,flux,dryrun-plots/synthetic-monitor-tree/dev/rep3/flux,0.4164116014374627,15,375.0,12.208747,305.218675,40,2.537211045887735,"benchmark-user sdiag row, attributed by UID; valid for every backend including HyperQueue, Flux, and local"
dev,3,flux,dryrun-plots/synthetic-monitor-tree/dev/rep3/flux,0.499744934770796,18,450.0,14.650497,366.262425,40,2.537211045887735,"benchmark-user sdiag row, attributed by UID; valid for every backend including HyperQueue, Flux, and local"
dev,3,flux,dryrun-plots/synthetic-monitor-tree/dev/rep3/flux,0.5830782681041293,21,525.0,17.092246,427.30615,40,2.537211045887735,"benchmark-user sdiag row, attributed by UID; valid for every backend including HyperQueue, Flux, and local"
dev,3,flux,dryrun-plots/synthetic-monitor-tree/dev/rep3/flux,0.6664116014374627,24,600.0,19.533996,488.34989999999993,40,2.537211045887735,"benchmark-user sdiag row, attributed by UID; valid for every backend including HyperQueue, Flux, and local"
dev,3,flux,dryrun-plots/synthetic-monitor-tree/dev/rep3/flux,0.7497449347707961,27,675.0,21.975746,549.39365,40,2.537211045887735,"benchmark-user sdiag row, attributed by UID; valid for every backend including HyperQueue, Flux, and local"
dev,3,flux,dryrun-plots/synthetic-monitor-tree/dev/rep3/flux,0.8330782681041293,30,750.0,24.417495,610.437375,40,2.537211045887735,"benchmark-user sdiag row, attributed by UID; valid for every backend including HyperQueue, Flux, and local"
dev,3,flux,dryrun-plots/synthetic-monitor-tree/dev/rep3/flux,0.9164116014374627,33,825.0,26.859245,671.481125,40,2.537211045887735,"benchmark-user sdiag row, attributed by UID; valid for every backend including HyperQueue, Flux, and local"
dev,3,flux,dryrun-plots/synthetic-monitor-tree/dev/rep3/flux,0.9997449347707961,36,900.0,29.300994,732.52485,40,2.537211045887735,"benchmark-user sdiag row, attributed by UID; valid for every backend including HyperQueue, Flux, and local"
dev,3,flux,dryrun-plots/synthetic-monitor-tree/dev/rep3/flux,1.0830782681041293,39,975.0,31.742744,793.5686,40,2.537211045887735,"benchmark-user sdiag row, attributed by UID; valid for every backend including HyperQueue, Flux, and local"
dev,3,flux,dryrun-plots/synthetic-monitor-tree/dev/rep3/flux,1.1664116014374628,42,1050.0,34.184493,854.612325,40,2.537211045887735,"benchmark-user sdiag row, attributed by UID; valid for every backend including HyperQueue, Flux, and local"
dev,3,flux,dryrun-plots/synthetic-monitor-tree/dev/rep3/flux,1.249744934770796,45,1125.0,36.626243,915.6560750000001,40,2.537211045887735,"benchmark-user sdiag row, attributed by UID; valid for every backend including HyperQueue, Flux, and local"
dev,3,flux,dryrun-plots/synthetic-monitor-tree/dev/rep3/flux,1.3330782681041293,48,1200.0,39.067992,976.6997999999999,40,2.537211045887735,"benchmark-user sdiag row, attributed by UID; valid for every backend including HyperQueue, Flux, and local"
dev,3,flux,dryrun-plots/synthetic-monitor-tree/dev/rep3/flux,1.4164116014374628,51,1275.0,41.509742,1037.7435500000001,40,2.537211045887735,"benchmark-user sdiag row, attributed by UID; valid for every backend including HyperQueue, Flux, and local"
dev,3,flux,dryrun-plots/synthetic-monitor-tree/dev/rep3/flux,1.499744934770796,54,1350.0,43.951492,1098.7873,40,2.537211045887735,"benchmark-user sdiag row, attributed by UID; valid for every backend including HyperQueue, Flux, and local"
dev,3,flux,dryrun-plots/synthetic-monitor-tree/dev/rep3/flux,1.5830782681041293,57,1425.0,46.393241,1159.8310250000002,40,2.537211045887735,"benchmark-user sdiag row, attributed by UID; valid for every backend including HyperQueue, Flux, and local"
dev,3,flux,dryrun-plots/synthetic-monitor-tree/dev/rep3/flux,1.6664116014374628,60,1500.0,48.834991,1220.874775,40,2.537211045887735,"benchmark-user sdiag row, attributed by UID; valid for every backend including HyperQueue, Flux, and local"
dev,3,flux,dryrun-plots/synthetic-monitor-tree/dev/rep3/flux,1.749744934770796,63,1575.0,51.27674,1281.9185,40,2.537211045887735,"benchmark-user sdiag row, attributed by UID; valid for every backend including HyperQueue, Flux, and local"
dev,3,flux,dryrun-plots/synthetic-monitor-tree/dev/rep3/flux,1.8330782681041293,66,1650.0,53.71849,1342.96225,40,2.537211045887735,"benchmark-user sdiag row, attributed by UID; valid for every backend including HyperQueue, Flux, and local"
dev,3,flux,dryrun-plots/synthetic-monitor-tree/dev/rep3/flux,1.9164116014374628,69,1725.0,56.160239,1404.005975,40,2.537211045887735,"benchmark-user sdiag row, attributed by UID; valid for every backend including HyperQueue, Flux, and local"
dev,3,flux,dryrun-plots/synthetic-monitor-tree/dev/rep3/flux,1.999744934770796,72,1800.0,58.601989,1465.049725,40,2.537211045887735,"benchmark-user sdiag row, attributed by UID; valid for every backend including HyperQueue, Flux, and local"
dev,3,flux,dryrun-plots/synthetic-monitor-tree/dev/rep3/flux,2.0830782681041295,75,1875.0,61.043738,1526.0934499999998,40,2.537211045887735,"benchmark-user sdiag row, attributed by UID; valid for every backend including HyperQueue, Flux, and local"
dev,3,flux,dryrun-plots/synthetic-monitor-tree/dev/rep3/flux,2.1664116014374626,78,1950.0,63.485488,1587.1372,40,2.537211045887735,"benchmark-user sdiag row, attributed by UID; valid for every backend including HyperQueue, Flux, and local"
dev,3,flux,dryrun-plots/synthetic-monitor-tree/dev/rep3/flux,2.249744934770796,81,2025.0,65.927238,1648.1809500000002,40,2.537211045887735,"benchmark-user sdiag row, attributed by UID; valid for every backend including HyperQueue, Flux, and local"
dev,3,flux,dryrun-plots/synthetic-monitor-tree/dev/rep3/flux,2.3330782681041295,84,2100.0,68.368987,1709.2246750000002,40,2.537211045887735,"benchmark-user sdiag row, attributed by UID; valid for every backend including HyperQueue, Flux, and local"
dev,3,flux,dryrun-plots/synthetic-monitor-tree/dev/rep3/flux,2.4164116014374626,87,2175.0,70.810737,1770.268425,40,2.537211045887735,"benchmark-user sdiag row, attributed by UID; valid for every backend including HyperQueue, Flux, and local"
dev,3,flux,dryrun-plots/synthetic-monitor-tree/dev/rep3/flux,2.499744934770796,90,2250.0,73.252486,1831.3121500000002,40,2.537211045887735,"benchmark-user sdiag row, attributed by UID; valid for every backend including HyperQueue, Flux, and local"
dev,3,flux,dryrun-plots/synthetic-monitor-tree/dev/rep3/flux,2.559433290031221,92,2300.0,74.342808,1858.5702,40,2.537211045887735,"benchmark-user sdiag row, attributed by UID; valid for every backend including HyperQueue, Flux, and local"
dev,3,local,dryrun-plots/synthetic-monitor-tree/dev/rep3/local,-0.001388889021343655,0,0.0,0.0,0.0,40,4.848387477927738,"benchmark-user sdiag row, attributed by UID; valid for every backend including HyperQueue, Flux, and local"
dev,3,local,dryrun-plots/synthetic-monitor-tree/dev/rep3/local,0.08308942238489787,0,0.0,0.368057,9.201425,40,4.848387477927738,"benchmark-user sdiag row, attributed by UID; valid for every backend including HyperQueue, Flux, and local"
dev,3,local,dryrun-plots/synthetic-monitor-tree/dev/rep3/local,0.1664227557182312,0,0.0,0.736114,18.40285,40,4.848387477927738,"benchmark-user sdiag row, attributed by UID; valid for every backend including HyperQueue, Flux, and local"
dev,3,local,dryrun-plots/synthetic-monitor-tree/dev/rep3/local,0.24975608905156454,1,25.0,1.104171,27.604275,40,4.848387477927738,"benchmark-user sdiag row, attributed by UID; valid for every backend including HyperQueue, Flux, and local"
dev,3,local,dryrun-plots/synthetic-monitor-tree/dev/rep3/local,0.33308942238489786,1,25.0,1.472228,36.8057,40,4.848387477927738,"benchmark-user sdiag row, attributed by UID; valid for every backend including HyperQueue, Flux, and local"
dev,3,local,dryrun-plots/synthetic-monitor-tree/dev/rep3/local,0.4164227557182312,2,50.0,1.840285,46.007125,40,4.848387477927738,"benchmark-user sdiag row, attributed by UID; valid for every backend including HyperQueue, Flux, and local"
dev,3,local,dryrun-plots/synthetic-monitor-tree/dev/rep3/local,0.49975608905156454,2,50.0,2.208342,55.20855,40,4.848387477927738,"benchmark-user sdiag row, attributed by UID; valid for every backend including HyperQueue, Flux, and local"
dev,3,local,dryrun-plots/synthetic-monitor-tree/dev/rep3/local,0.5830894223848979,3,75.0,2.576399,64.409975,40,4.848387477927738,"benchmark-user sdiag row, attributed by UID; valid for every backend including HyperQueue, Flux, and local"
dev,3,local,dryrun-plots/synthetic-monitor-tree/dev/rep3/local,0.6664227557182312,3,75.0,2.944456,73.6114,40,4.848387477927738,"benchmark-user sdiag row, attributed by UID; valid for every backend including HyperQueue, Flux, and local"
dev,3,local,dryrun-plots/synthetic-monitor-tree/dev/rep3/local,0.7497560890515645,4,100.0,3.312513,82.812825,40,4.848387477927738,"benchmark-user sdiag row, attributed by UID; valid for every backend including HyperQueue, Flux, and local"
dev,3,local,dryrun-plots/synthetic-monitor-tree/dev/rep3/local,0.8330894223848979,4,100.0,3.68057,92.01425,40,4.848387477927738,"benchmark-user sdiag row, attributed by UID; valid for every backend including HyperQueue, Flux, and local"
dev,3,local,dryrun-plots/synthetic-monitor-tree/dev/rep3/local,0.9164227557182312,4,100.0,4.048627,101.21567499999999,40,4.848387477927738,"benchmark-user sdiag row, attributed by UID; valid for every backend including HyperQueue, Flux, and local"
dev,3,local,dryrun-plots/synthetic-monitor-tree/dev/rep3/local,0.9997560890515645,5,125.0,4.416685,110.417125,40,4.848387477927738,"benchmark-user sdiag row, attributed by UID; valid for every backend including HyperQueue, Flux, and local"
dev,3,local,dryrun-plots/synthetic-monitor-tree/dev/rep3/local,1.083089422384898,5,125.0,4.784742,119.61854999999998,40,4.848387477927738,"benchmark-user sdiag row, attributed by UID; valid for every backend including HyperQueue, Flux, and local"
dev,3,local,dryrun-plots/synthetic-monitor-tree/dev/rep3/local,1.1664227557182312,6,150.0,5.152799,128.819975,40,4.848387477927738,"benchmark-user sdiag row, attributed by UID; valid for every backend including HyperQueue, Flux, and local"
dev,3,local,dryrun-plots/synthetic-monitor-tree/dev/rep3/local,1.2497560890515644,6,150.0,5.520856,138.0214,40,4.848387477927738,"benchmark-user sdiag row, attributed by UID; valid for every backend including HyperQueue, Flux, and local"
dev,3,local,dryrun-plots/synthetic-monitor-tree/dev/rep3/local,1.333089422384898,7,175.0,5.888913,147.222825,40,4.848387477927738,"benchmark-user sdiag row, attributed by UID; valid for every backend including HyperQueue, Flux, and local"
dev,3,local,dryrun-plots/synthetic-monitor-tree/dev/rep3/local,1.4164227557182312,7,175.0,6.25697,156.42425,40,4.848387477927738,"benchmark-user sdiag row, attributed by UID; valid for every backend including HyperQueue, Flux, and local"
dev,3,local,dryrun-plots/synthetic-monitor-tree/dev/rep3/local,1.4997560890515644,8,200.0,6.625027,165.625675,40,4.848387477927738,"benchmark-user sdiag row, attributed by UID; valid for every backend including HyperQueue, Flux, and local"
dev,3,local,dryrun-plots/synthetic-monitor-tree/dev/rep3/local,1.583089422384898,8,200.0,6.993084,174.8271,40,4.848387477927738,"benchmark-user sdiag row, attributed by UID; valid for every backend including HyperQueue, Flux, and local"
dev,3,local,dryrun-plots/synthetic-monitor-tree/dev/rep3/local,1.6664227557182312,8,200.0,7.361141,184.028525,40,4.848387477927738,"benchmark-user sdiag row, attributed by UID; valid for every backend including HyperQueue, Flux, and local"
dev,3,local,dryrun-plots/synthetic-monitor-tree/dev/rep3/local,1.7497560890515644,9,225.0,7.729198,193.22995,40,4.848387477927738,"benchmark-user sdiag row, attributed by UID; valid for every backend including HyperQueue, Flux, and local"
dev,3,local,dryrun-plots/synthetic-monitor-tree/dev/rep3/local,1.833089422384898,9,225.0,8.097255,202.431375,40,4.848387477927738,"benchmark-user sdiag row, attributed by UID; valid for every backend including HyperQueue, Flux, and local"
dev,3,local,dryrun-plots/synthetic-monitor-tree/dev/rep3/local,1.9164227557182312,10,250.0,8.465313,211.632825,40,4.848387477927738,"benchmark-user sdiag row, attributed by UID; valid for every backend including HyperQueue, Flux, and local"
dev,3,local,dryrun-plots/synthetic-monitor-tree/dev/rep3/local,1.9997560890515644,10,250.0,8.83337,220.83425,40,4.848387477927738,"benchmark-user sdiag row, attributed by UID; valid for every backend including HyperQueue, Flux, and local"
dev,3,local,dryrun-plots/synthetic-monitor-tree/dev/rep3/local,2.083089422384898,11,275.0,9.201427,230.03567500000003,40,4.848387477927738,"benchmark-user sdiag row, attributed by UID; valid for every backend including HyperQueue, Flux, and local"
dev,3,local,dryrun-plots/synthetic-monitor-tree/dev/rep3/local,2.1664227557182314,11,275.0,9.569484,239.23709999999997,40,4.848387477927738,"benchmark-user sdiag row, attributed by UID; valid for every backend including HyperQueue, Flux, and local"
dev,3,local,dryrun-plots/synthetic-monitor-tree/dev/rep3/local,2.2497560890515644,12,300.0,9.937541,248.438525,40,4.848387477927738,"benchmark-user sdiag row, attributed by UID; valid for every backend including HyperQueue, Flux, and local"
dev,3,local,dryrun-plots/synthetic-monitor-tree/dev/rep3/local,2.333089422384898,12,300.0,10.305598,257.63995,40,4.848387477927738,"benchmark-user sdiag row, attributed by UID; valid for every backend including HyperQueue, Flux, and local"
dev,3,local,dryrun-plots/synthetic-monitor-tree/dev/rep3/local,2.4164227557182314,12,300.0,10.673655,266.841375,40,4.848387477927738,"benchmark-user sdiag row, attributed by UID; valid for every backend including HyperQueue, Flux, and local"
dev,3,local,dryrun-plots/synthetic-monitor-tree/dev/rep3/local,2.4997560890515644,13,325.0,11.041712,276.0428,40,4.848387477927738,"benchmark-user sdiag row, attributed by UID; valid for every backend including HyperQueue, Flux, and local"
dev,3,local,dryrun-plots/synthetic-monitor-tree/dev/rep3/local,2.583089422384898,13,325.0,11.409769,285.24422500000003,40,4.848387477927738,"benchmark-user sdiag row, attributed by UID; valid for every backend including HyperQueue, Flux, and local"
dev,3,local,dryrun-plots/synthetic-monitor-tree/dev/rep3/local,2.6664227557182314,14,350.0,11.777826,294.44565,40,4.848387477927738,"benchmark-user sdiag row, attributed by UID; valid for every backend including HyperQueue, Flux, and local"
dev,3,local,dryrun-plots/synthetic-monitor-tree/dev/rep3/local,2.7497560890515644,14,350.0,12.145883,303.647075,40,4.848387477927738,"benchmark-user sdiag row, attributed by UID; valid for every backend including HyperQueue, Flux, and local"
dev,3,local,dryrun-plots/synthetic-monitor-tree/dev/rep3/local,2.833089422384898,15,375.0,12.51394,312.8485,40,4.848387477927738,"benchmark-user sdiag row, attributed by UID; valid for every backend including HyperQueue, Flux, and local"
dev,3,local,dryrun-plots/synthetic-monitor-tree/dev/rep3/local,2.9164227557182314,15,375.0,12.881998,322.04994999999997,40,4.848387477927738,"benchmark-user sdiag row, attributed by UID; valid for every backend including HyperQueue, Flux, and local"
dev,3,local,dryrun-plots/synthetic-monitor-tree/dev/rep3/local,2.9997560890515644,16,400.0,13.250055,331.251375,40,4.848387477927738,"benchmark-user sdiag row, attributed by UID; valid for every backend including HyperQueue, Flux, and local"
dev,3,local,dryrun-plots/synthetic-monitor-tree/dev/rep3/local,3.083089422384898,16,400.0,13.618112,340.4528,40,4.848387477927738,"benchmark-user sdiag row, attributed by UID; valid for every backend including HyperQueue, Flux, and local"
dev,3,local,dryrun-plots/synthetic-monitor-tree/dev/rep3/local,3.1664227557182314,16,400.0,13.986169,349.654225,40,4.848387477927738,"benchmark-user sdiag row, attributed by UID; valid for every backend including HyperQueue, Flux, and local"
dev,3,local,dryrun-plots/synthetic-monitor-tree/dev/rep3/local,3.2497560890515644,17,425.0,14.354226,358.85565,40,4.848387477927738,"benchmark-user sdiag row, attributed by UID; valid for every backend including HyperQueue, Flux, and local"
dev,3,local,dryrun-plots/synthetic-monitor-tree/dev/rep3/local,3.333089422384898,17,425.0,14.722283,368.057075,40,4.848387477927738,"benchmark-user sdiag row, attributed by UID; valid for every backend including HyperQueue, Flux, and local"
dev,3,local,dryrun-plots/synthetic-monitor-tree/dev/rep3/local,3.4164227557182314,18,450.0,15.09034,377.25849999999997,40,4.848387477927738,"benchmark-user sdiag row, attributed by UID; valid for every backend including HyperQueue, Flux, and local"
dev,3,local,dryrun-plots/synthetic-monitor-tree/dev/rep3/local,3.4997560890515644,18,450.0,15.458397,386.459925,40,4.848387477927738,"benchmark-user sdiag row, attributed by UID; valid for every backend including HyperQueue, Flux, and local"
dev,3,local,dryrun-plots/synthetic-monitor-tree/dev/rep3/local,3.583089422384898,19,475.0,15.826454,395.66135,40,4.848387477927738,"benchmark-user sdiag row, attributed by UID; valid for every backend including HyperQueue, Flux, and local"
dev,3,local,dryrun-plots/synthetic-monitor-tree/dev/rep3/local,3.6664227557182314,19,475.0,16.194511,404.86277499999994,40,4.848387477927738,"benchmark-user sdiag row, attributed by UID; valid for every backend including HyperQueue, Flux, and local"
dev,3,local,dryrun-plots/synthetic-monitor-tree/dev/rep3/local,3.7497560890515644,20,500.0,16.562568,414.06419999999997,40,4.848387477927738,"benchmark-user sdiag row, attributed by UID; valid for every backend including HyperQueue, Flux, and local"
dev,3,local,dryrun-plots/synthetic-monitor-tree/dev/rep3/local,3.833089422384898,20,500.0,16.930626,423.26565,40,4.848387477927738,"benchmark-user sdiag row, attributed by UID; valid for every backend including HyperQueue, Flux, and local"
dev,3,local,dryrun-plots/synthetic-monitor-tree/dev/rep3/local,3.9164227557182314,21,525.0,17.298683,432.467075,40,4.848387477927738,"benchmark-user sdiag row, attributed by UID; valid for every backend including HyperQueue, Flux, and local"
dev,3,local,dryrun-plots/synthetic-monitor-tree/dev/rep3/local,3.9997560890515644,21,525.0,17.66674,441.6685,40,4.848387477927738,"benchmark-user sdiag row, attributed by UID; valid for every backend including HyperQueue, Flux, and local"
dev,3,local,dryrun-plots/synthetic-monitor-tree/dev/rep3/local,4.083089422384898,21,525.0,18.034797,450.869925,40,4.848387477927738,"benchmark-user sdiag row, attributed by UID; valid for every backend including HyperQueue, Flux, and local"
dev,3,local,dryrun-plots/synthetic-monitor-tree/dev/rep3/local,4.166422755718231,22,550.0,18.402854,460.07135000000005,40,4.848387477927738,"benchmark-user sdiag row, attributed by UID; valid for every backend including HyperQueue, Flux, and local"
dev,3,local,dryrun-plots/synthetic-monitor-tree/dev/rep3/local,4.249756089051565,22,550.0,18.770911,469.272775,40,4.848387477927738,"benchmark-user sdiag row, attributed by UID; valid for every backend including HyperQueue, Flux, and local"
dev,3,local,dryrun-plots/synthetic-monitor-tree/dev/rep3/local,4.333089422384898,23,575.0,19.138968,478.47419999999994,40,4.848387477927738,"benchmark-user sdiag row, attributed by UID; valid for every backend including HyperQueue, Flux, and local"
dev,3,local,dryrun-plots/synthetic-monitor-tree/dev/rep3/local,4.416422755718231,23,575.0,19.507025,487.67562499999997,40,4.848387477927738,"benchmark-user sdiag row, attributed by UID; valid for every backend including HyperQueue, Flux, and local"
dev,3,local,dryrun-plots/synthetic-monitor-tree/dev/rep3/local,4.499756089051565,24,600.0,19.875082,496.87705,40,4.848387477927738,"benchmark-user sdiag row, attributed by UID; valid for every backend including HyperQueue, Flux, and local"
dev,3,local,dryrun-plots/synthetic-monitor-tree/dev/rep3/local,4.583089422384898,24,600.0,20.243139,506.07847499999997,40,4.848387477927738,"benchmark-user sdiag row, attributed by UID; valid for every backend including HyperQueue, Flux, and local"
dev,3,local,dryrun-plots/synthetic-monitor-tree/dev/rep3/local,4.666422755718231,25,625.0,20.611196,515.2799,40,4.848387477927738,"benchmark-user sdiag row, attributed by UID; valid for every backend including HyperQueue, Flux, and local"
dev,3,local,dryrun-plots/synthetic-monitor-tree/dev/rep3/local,4.749756089051565,25,625.0,20.979254,524.48135,40,4.848387477927738,"benchmark-user sdiag row, attributed by UID; valid for every backend including HyperQueue, Flux, and local"
dev,3,local,dryrun-plots/synthetic-monitor-tree/dev/rep3/local,4.833089422384898,25,625.0,21.347311,533.682775,40,4.848387477927738,"benchmark-user sdiag row, attributed by UID; valid for every backend including HyperQueue, Flux, and local"
dev,3,local,dryrun-plots/synthetic-monitor-tree/dev/rep3/local,4.870609808233049,26,650.0,21.413801,535.345025,40,4.848387477927738,"benchmark-user sdiag row, attributed by UID; valid for every backend including HyperQueue, Flux, and local"
dev,3,native,dryrun-plots/synthetic-monitor-tree/dev/rep3/native,-0.0013888887564341228,0,0.0,0.0,0.0,40,3.246684336529838,"benchmark-user sdiag row, attributed by UID; valid for every backend including HyperQueue, Flux, and local"
dev,3,native,dryrun-plots/synthetic-monitor-tree/dev/rep3/native,0.08331294761763679,30,750.0,24.259063,606.476575,40,3.246684336529838,"benchmark-user sdiag row, attributed by UID; valid for every backend including HyperQueue, Flux, and local"
dev,3,native,dryrun-plots/synthetic-monitor-tree/dev/rep3/native,0.16664628095097012,60,1500.0,48.518126,1212.95315,40,3.246684336529838,"benchmark-user sdiag row, attributed by UID; valid for every backend including HyperQueue, Flux, and local"
dev,3,native,dryrun-plots/synthetic-monitor-tree/dev/rep3/native,0.24997961428430346,90,2250.0,72.77719,1819.42975,40,3.246684336529838,"benchmark-user sdiag row, attributed by UID; valid for every backend including HyperQueue, Flux, and local"
dev,3,native,dryrun-plots/synthetic-monitor-tree/dev/rep3/native,0.3333129476176368,121,3025.0,97.036253,2425.906325,40,3.246684336529838,"benchmark-user sdiag row, attributed by UID; valid for every backend including HyperQueue, Flux, and local"
dev,3,native,dryrun-plots/synthetic-monitor-tree/dev/rep3/native,0.4166462809509701,151,3775.0,121.295316,3032.3829,40,3.246684336529838,"benchmark-user sdiag row, attributed by UID; valid for every backend including HyperQueue, Flux, and local"
dev,3,native,dryrun-plots/synthetic-monitor-tree/dev/rep3/native,0.49997961428430343,181,4525.0,145.55438,3638.8595,40,3.246684336529838,"benchmark-user sdiag row, attributed by UID; valid for every backend including HyperQueue, Flux, and local"
dev,3,native,dryrun-plots/synthetic-monitor-tree/dev/rep3/native,0.5833129476176367,212,5300.0,169.813443,4245.336075,40,3.246684336529838,"benchmark-user sdiag row, attributed by UID; valid for every backend including HyperQueue, Flux, and local"
dev,3,native,dryrun-plots/synthetic-monitor-tree/dev/rep3/native,0.6666462809509701,242,6050.0,194.072506,4851.81265,40,3.246684336529838,"benchmark-user sdiag row, attributed by UID; valid for every backend including HyperQueue, Flux, and local"
dev,3,native,dryrun-plots/synthetic-monitor-tree/dev/rep3/native,0.7499796142843035,272,6800.0,218.33157,5458.28925,40,3.246684336529838,"benchmark-user sdiag row, attributed by UID; valid for every backend including HyperQueue, Flux, and local"
dev,3,native,dryrun-plots/synthetic-monitor-tree/dev/rep3/native,0.8333129476176367,303,7575.0,242.590633,6064.7658249999995,40,3.246684336529838,"benchmark-user sdiag row, attributed by UID; valid for every backend including HyperQueue, Flux, and local"
dev,3,native,dryrun-plots/synthetic-monitor-tree/dev/rep3/native,0.9166462809509701,333,8325.0,266.849696,6671.2424,40,3.246684336529838,"benchmark-user sdiag row, attributed by UID; valid for every backend including HyperQueue, Flux, and local"
dev,3,native,dryrun-plots/synthetic-monitor-tree/dev/rep3/native,0.9999796142843035,363,9075.0,291.10876,7277.719,40,3.246684336529838,"benchmark-user sdiag row, attributed by UID; valid for every backend including HyperQueue, Flux, and local"
dev,3,native,dryrun-plots/synthetic-monitor-tree/dev/rep3/native,1.0833129476176369,394,9850.0,315.367823,7884.195575,40,3.246684336529838,"benchmark-user sdiag row, attributed by UID; valid for every backend including HyperQueue, Flux, and local"
dev,3,native,dryrun-plots/synthetic-monitor-tree/dev/rep3/native,1.1666462809509701,424,10600.0,339.626886,8490.67215,40,3.246684336529838,"benchmark-user sdiag row, attributed by UID; valid for every backend including HyperQueue, Flux, and local"
dev,3,native,dryrun-plots/synthetic-monitor-tree/dev/rep3/native,1.2499796142843034,454,11350.0,363.88595,9097.14875,40,3.246684336529838,"benchmark-user sdiag row, attributed by UID; valid for every backend including HyperQueue, Flux, and local"
dev,3,native,dryrun-plots/synthetic-monitor-tree/dev/rep3/native,1.3333129476176369,485,12125.0,388.145013,9703.625325,40,3.246684336529838,"benchmark-user sdiag row, attributed by UID; valid for every backend including HyperQueue, Flux, and local"
dev,3,native,dryrun-plots/synthetic-monitor-tree/dev/rep3/native,1.4166462809509701,515,12875.0,412.404077,10310.101924999999,40,3.246684336529838,"benchmark-user sdiag row, attributed by UID; valid for every backend including HyperQueue, Flux, and local"
dev,3,native,dryrun-plots/synthetic-monitor-tree/dev/rep3/native,1.4999796142843034,545,13625.0,436.66314,10916.5785,40,3.246684336529838,"benchmark-user sdiag row, attributed by UID; valid for every backend including HyperQueue, Flux, and local"
dev,3,native,dryrun-plots/synthetic-monitor-tree/dev/rep3/native,1.5833129476176369,575,14375.0,460.922203,11523.055075,40,3.246684336529838,"benchmark-user sdiag row, attributed by UID; valid for every backend including HyperQueue, Flux, and local"
dev,3,native,dryrun-plots/synthetic-monitor-tree/dev/rep3/native,1.6666462809509701,606,15150.0,485.181267,12129.531675,40,3.246684336529838,"benchmark-user sdiag row, attributed by UID; valid for every backend including HyperQueue, Flux, and local"
dev,3,native,dryrun-plots/synthetic-monitor-tree/dev/rep3/native,1.7499796142843034,636,15900.0,509.44033,12736.00825,40,3.246684336529838,"benchmark-user sdiag row, attributed by UID; valid for every backend including HyperQueue, Flux, and local"
dev,3,native,dryrun-plots/synthetic-monitor-tree/dev/rep3/native,1.8333129476176369,666,16650.0,533.699393,13342.484825,40,3.246684336529838,"benchmark-user sdiag row, attributed by UID; valid for every backend including HyperQueue, Flux, and local"
dev,3,native,dryrun-plots/synthetic-monitor-tree/dev/rep3/native,1.9166462809509701,697,17425.0,557.958457,13948.961425,40,3.246684336529838,"benchmark-user sdiag row, attributed by UID; valid for every backend including HyperQueue, Flux, and local"
dev,3,native,dryrun-plots/synthetic-monitor-tree/dev/rep3/native,1.9999796142843034,727,18175.0,582.21752,14555.438,40,3.246684336529838,"benchmark-user sdiag row, attributed by UID; valid for every backend including HyperQueue, Flux, and local"
dev,3,native,dryrun-plots/synthetic-monitor-tree/dev/rep3/native,2.0833129476176366,757,18925.0,606.476583,15161.914575,40,3.246684336529838,"benchmark-user sdiag row, attributed by UID; valid for every backend including HyperQueue, Flux, and local"
dev,3,native,dryrun-plots/synthetic-monitor-tree/dev/rep3/native,2.16664628095097,788,19700.0,630.735647,15768.391174999999,40,3.246684336529838,"benchmark-user sdiag row, attributed by UID; valid for every backend including HyperQueue, Flux, and local"
dev,3,native,dryrun-plots/synthetic-monitor-tree/dev/rep3/native,2.2499796142843036,818,20450.0,654.99471,16374.867750000001,40,3.246684336529838,"benchmark-user sdiag row, attributed by UID; valid for every backend including HyperQueue, Flux, and local"
dev,3,native,dryrun-plots/synthetic-monitor-tree/dev/rep3/native,2.3333129476176366,848,21200.0,679.253773,16981.344325000002,40,3.246684336529838,"benchmark-user sdiag row, attributed by UID; valid for every backend including HyperQueue, Flux, and local"
dev,3,native,dryrun-plots/synthetic-monitor-tree/dev/rep3/native,2.41664628095097,879,21975.0,703.512837,17587.820925,40,3.246684336529838,"benchmark-user sdiag row, attributed by UID; valid for every backend including HyperQueue, Flux, and local"
dev,3,native,dryrun-plots/synthetic-monitor-tree/dev/rep3/native,2.4999796142843036,909,22725.0,727.7719,18194.2975,40,3.246684336529838,"benchmark-user sdiag row, attributed by UID; valid for every backend including HyperQueue, Flux, and local"
dev,3,native,dryrun-plots/synthetic-monitor-tree/dev/rep3/native,2.5833129476176366,939,23475.0,752.030964,18800.774100000002,40,3.246684336529838,"benchmark-user sdiag row, attributed by UID; valid for every backend including HyperQueue, Flux, and local"
dev,3,native,dryrun-plots/synthetic-monitor-tree/dev/rep3/native,2.66664628095097,970,24250.0,776.290027,19407.250675,40,3.246684336529838,"benchmark-user sdiag row, attributed by UID; valid for every backend including HyperQueue, Flux, and local"
dev,3,native,dryrun-plots/synthetic-monitor-tree/dev/rep3/native,2.7499796142843036,1000,25000.0,800.54909,20013.72725,40,3.246684336529838,"benchmark-user sdiag row, attributed by UID; valid for every backend including HyperQueue, Flux, and local"
dev,3,native,dryrun-plots/synthetic-monitor-tree/dev/rep3/native,2.8333129476176366,1030,25750.0,824.808154,20620.203849999998,40,3.246684336529838,"benchmark-user sdiag row, attributed by UID; valid for every backend including HyperQueue, Flux, and local"
dev,3,native,dryrun-plots/synthetic-monitor-tree/dev/rep3/native,2.91664628095097,1060,26500.0,849.067217,21226.680425000002,40,3.246684336529838,"benchmark-user sdiag row, attributed by UID; valid for every backend including HyperQueue, Flux, and local"
dev,3,native,dryrun-plots/synthetic-monitor-tree/dev/rep3/native,2.9999796142843036,1091,27275.0,873.32628,21833.157,40,3.246684336529838,"benchmark-user sdiag row, attributed by UID; valid for every backend including HyperQueue, Flux, and local"
dev,3,native,dryrun-plots/synthetic-monitor-tree/dev/rep3/native,3.0833129476176366,1121,28025.0,897.585344,22439.633599999997,40,3.246684336529838,"benchmark-user sdiag row, attributed by UID; valid for every backend including HyperQueue, Flux, and local"
dev,3,native,dryrun-plots/synthetic-monitor-tree/dev/rep3/native,3.16664628095097,1151,28775.0,921.844407,23046.110175,40,3.246684336529838,"benchmark-user sdiag row, attributed by UID; valid for every backend including HyperQueue, Flux, and local"
dev,3,native,dryrun-plots/synthetic-monitor-tree/dev/rep3/native,3.2499796142843036,1181,29525.0,945.138279,23628.456975,40,3.246684336529838,"benchmark-user sdiag row, attributed by UID; valid for every backend including HyperQueue, Flux, and local"
dev,3,native,dryrun-plots/synthetic-monitor-tree/dev/rep3/native,3.2689066506756674,1181,29525.0,945.138279,23628.456975,40,3.246684336529838,"benchmark-user sdiag row, attributed by UID; valid for every backend including HyperQueue, Flux, and local"
dev,3,jobarray,dryrun-plots/synthetic-monitor-tree/dev/rep3/jobarray,-0.001388888955116272,0,0.0,0.0,0.0,40,2.548379074666235,"benchmark-user sdiag row, attributed by UID; valid for every backend including HyperQueue, Flux, and local"
dev,3,jobarray,dryrun-plots/synthetic-monitor-tree/dev/rep3/jobarray,0.08329518576463063,9,225.0,7.854951,196.373775,40,2.548379074666235,"benchmark-user sdiag row, attributed by UID; valid for every backend including HyperQueue, Flux, and local"
dev,3,jobarray,dryrun-plots/synthetic-monitor-tree/dev/rep3/jobarray,0.16662851909796397,19,475.0,15.709903,392.74757500000004,40,2.548379074666235,"benchmark-user sdiag row, attributed by UID; valid for every backend including HyperQueue, Flux, and local"
dev,3,jobarray,dryrun-plots/synthetic-monitor-tree/dev/rep3/jobarray,0.24996185243129732,29,725.0,23.564855,589.1213750000001,40,2.548379074666235,"benchmark-user sdiag row, attributed by UID; valid for every backend including HyperQueue, Flux, and local"
dev,3,jobarray,dryrun-plots/synthetic-monitor-tree/dev/rep3/jobarray,0.33329518576463063,39,975.0,31.419806,785.4951500000001,40,2.548379074666235,"benchmark-user sdiag row, attributed by UID; valid for every backend including HyperQueue, Flux, and local"
dev,3,jobarray,dryrun-plots/synthetic-monitor-tree/dev/rep3/jobarray,0.41662851909796395,49,1225.0,39.274758,981.8689499999999,40,2.548379074666235,"benchmark-user sdiag row, attributed by UID; valid for every backend including HyperQueue, Flux, and local"
dev,3,jobarray,dryrun-plots/synthetic-monitor-tree/dev/rep3/jobarray,0.4999618524312973,58,1450.0,47.12971,1178.2427500000001,40,2.548379074666235,"benchmark-user sdiag row, attributed by UID; valid for every backend including HyperQueue, Flux, and local"
dev,3,jobarray,dryrun-plots/synthetic-monitor-tree/dev/rep3/jobarray,0.5832951857646307,68,1700.0,54.984661,1374.6165250000001,40,2.548379074666235,"benchmark-user sdiag row, attributed by UID; valid for every backend including HyperQueue, Flux, and local"
dev,3,jobarray,dryrun-plots/synthetic-monitor-tree/dev/rep3/jobarray,0.666628519097964,78,1950.0,62.839613,1570.990325,40,2.548379074666235,"benchmark-user sdiag row, attributed by UID; valid for every backend including HyperQueue, Flux, and local"
dev,3,jobarray,dryrun-plots/synthetic-monitor-tree/dev/rep3/jobarray,0.7499618524312973,88,2200.0,70.694565,1767.3641249999998,40,2.548379074666235,"benchmark-user sdiag row, attributed by UID; valid for every backend including HyperQueue, Flux, and local"
dev,3,jobarray,dryrun-plots/synthetic-monitor-tree/dev/rep3/jobarray,0.8332951857646307,98,2450.0,78.549516,1963.7378999999999,40,2.548379074666235,"benchmark-user sdiag row, attributed by UID; valid for every backend including HyperQueue, Flux, and local"
dev,3,jobarray,dryrun-plots/synthetic-monitor-tree/dev/rep3/jobarray,0.916628519097964,107,2675.0,86.404468,2160.1117,40,2.548379074666235,"benchmark-user sdiag row, attributed by UID; valid for every backend including HyperQueue, Flux, and local"
dev,3,jobarray,dryrun-plots/synthetic-monitor-tree/dev/rep3/jobarray,0.9999618524312973,117,2925.0,94.25942,2356.4855000000002,40,2.548379074666235,"benchmark-user sdiag row, attributed by UID; valid for every backend including HyperQueue, Flux, and local"
dev,3,jobarray,dryrun-plots/synthetic-monitor-tree/dev/rep3/jobarray,1.0832951857646307,127,3175.0,102.114371,2552.8592750000003,40,2.548379074666235,"benchmark-user sdiag row, attributed by UID; valid for every backend including HyperQueue, Flux, and local"
dev,3,jobarray,dryrun-plots/synthetic-monitor-tree/dev/rep3/jobarray,1.166628519097964,137,3425.0,109.969323,2749.233075,40,2.548379074666235,"benchmark-user sdiag row, attributed by UID; valid for every backend including HyperQueue, Flux, and local"
dev,3,jobarray,dryrun-plots/synthetic-monitor-tree/dev/rep3/jobarray,1.2499618524312972,147,3675.0,117.824275,2945.606875,40,2.548379074666235,"benchmark-user sdiag row, attributed by UID; valid for every backend including HyperQueue, Flux, and local"
dev,3,jobarray,dryrun-plots/synthetic-monitor-tree/dev/rep3/jobarray,1.3332951857646307,156,3900.0,125.679226,3141.98065,40,2.548379074666235,"benchmark-user sdiag row, attributed by UID; valid for every backend including HyperQueue, Flux, and local"
dev,3,jobarray,dryrun-plots/synthetic-monitor-tree/dev/rep3/jobarray,1.416628519097964,166,4150.0,133.534178,3338.35445,40,2.548379074666235,"benchmark-user sdiag row, attributed by UID; valid for every backend including HyperQueue, Flux, and local"
dev,3,jobarray,dryrun-plots/synthetic-monitor-tree/dev/rep3/jobarray,1.4999618524312972,176,4400.0,141.38913,3534.7282499999997,40,2.548379074666235,"benchmark-user sdiag row, attributed by UID; valid for every backend including HyperQueue, Flux, and local"
dev,3,jobarray,dryrun-plots/synthetic-monitor-tree/dev/rep3/jobarray,1.5832951857646307,186,4650.0,149.244082,3731.10205,40,2.548379074666235,"benchmark-user sdiag row, attributed by UID; valid for every backend including HyperQueue, Flux, and local"
dev,3,jobarray,dryrun-plots/synthetic-monitor-tree/dev/rep3/jobarray,1.666628519097964,196,4900.0,157.099033,3927.475825,40,2.548379074666235,"benchmark-user sdiag row, attributed by UID; valid for every backend including HyperQueue, Flux, and local"
dev,3,jobarray,dryrun-plots/synthetic-monitor-tree/dev/rep3/jobarray,1.7499618524312972,206,5150.0,164.953985,4123.849625,40,2.548379074666235,"benchmark-user sdiag row, attributed by UID; valid for every backend including HyperQueue, Flux, and local"
dev,3,jobarray,dryrun-plots/synthetic-monitor-tree/dev/rep3/jobarray,1.8332951857646307,215,5375.0,172.808937,4320.223424999999,40,2.548379074666235,"benchmark-user sdiag row, attributed by UID; valid for every backend including HyperQueue, Flux, and local"
dev,3,jobarray,dryrun-plots/synthetic-monitor-tree/dev/rep3/jobarray,1.916628519097964,225,5625.0,180.663888,4516.597199999999,40,2.548379074666235,"benchmark-user sdiag row, attributed by UID; valid for every backend including HyperQueue, Flux, and local"
dev,3,jobarray,dryrun-plots/synthetic-monitor-tree/dev/rep3/jobarray,1.9999618524312972,235,5875.0,188.51884,4712.9710000000005,40,2.548379074666235,"benchmark-user sdiag row, attributed by UID; valid for every backend including HyperQueue, Flux, and local"
dev,3,jobarray,dryrun-plots/synthetic-monitor-tree/dev/rep3/jobarray,2.0832951857646305,245,6125.0,196.373792,4909.3448,40,2.548379074666235,"benchmark-user sdiag row, attributed by UID; valid for every backend including HyperQueue, Flux, and local"
dev,3,jobarray,dryrun-plots/synthetic-monitor-tree/dev/rep3/jobarray,2.166628519097964,255,6375.0,204.228743,5105.718575,40,2.548379074666235,"benchmark-user sdiag row, attributed by UID; valid for every backend including HyperQueue, Flux, and local"
dev,3,jobarray,dryrun-plots/synthetic-monitor-tree/dev/rep3/jobarray,2.2499618524312974,264,6600.0,212.083695,5302.092375,40,2.548379074666235,"benchmark-user sdiag row, attributed by UID; valid for every backend including HyperQueue, Flux, and local"
dev,3,jobarray,dryrun-plots/synthetic-monitor-tree/dev/rep3/jobarray,2.3332951857646305,274,6850.0,219.938647,5498.4661750000005,40,2.548379074666235,"benchmark-user sdiag row, attributed by UID; valid for every backend including HyperQueue, Flux, and local"
dev,3,jobarray,dryrun-plots/synthetic-monitor-tree/dev/rep3/jobarray,2.416628519097964,284,7100.0,227.793598,5694.8399500000005,40,2.548379074666235,"benchmark-user sdiag row, attributed by UID; valid for every backend including HyperQueue, Flux, and local"
dev,3,jobarray,dryrun-plots/synthetic-monitor-tree/dev/rep3/jobarray,2.4999618524312974,294,7350.0,235.64855,5891.21375,40,2.548379074666235,"benchmark-user sdiag row, attributed by UID; valid for every backend including HyperQueue, Flux, and local"
dev,3,jobarray,dryrun-plots/synthetic-monitor-tree/dev/rep3/jobarray,2.5706014760335285,300,7500.0,240.208751,6005.218775,40,2.548379074666235,"benchmark-user sdiag row, attributed by UID; valid for every backend including HyperQueue, Flux, and local"
phoenix,1,native,dryrun-plots/synthetic-monitor-tree/phoenix/rep1/native,-0.001388888888888889,0,0.0,0.0,0.0,40,3.17115000002914,"benchmark-user sdiag row, attributed by UID; valid for every backend including HyperQueue, Flux, and local"
phoenix,1,native,dryrun-plots/synthetic-monitor-tree/phoenix/rep1/native,0.08333333333333333,31,775.0,25.04328,626.082,40,3.17115000002914,"benchmark-user sdiag row, attributed by UID; valid for every backend including HyperQueue, Flux, and local"
phoenix,1,native,dryrun-plots/synthetic-monitor-tree/phoenix/rep1/native,0.16666666666666666,62,1550.0,50.086561,1252.164025,40,3.17115000002914,"benchmark-user sdiag row, attributed by UID; valid for every backend including HyperQueue, Flux, and local"
phoenix,1,native,dryrun-plots/synthetic-monitor-tree/phoenix/rep1/native,0.25,93,2325.0,75.129841,1878.246025,40,3.17115000002914,"benchmark-user sdiag row, attributed by UID; valid for every backend including HyperQueue, Flux, and local"
phoenix,1,native,dryrun-plots/synthetic-monitor-tree/phoenix/rep1/native,0.3333333333333333,125,3125.0,100.173122,2504.32805,40,3.17115000002914,"benchmark-user sdiag row, attributed by UID; valid for every backend including HyperQueue, Flux, and local"
phoenix,1,native,dryrun-plots/synthetic-monitor-tree/phoenix/rep1/native,0.4166666666666667,156,3900.0,125.216402,3130.41005,40,3.17115000002914,"benchmark-user sdiag row, attributed by UID; valid for every backend including HyperQueue, Flux, and local"
phoenix,1,native,dryrun-plots/synthetic-monitor-tree/phoenix/rep1/native,0.5,187,4675.0,150.259683,3756.492075,40,3.17115000002914,"benchmark-user sdiag row, attributed by UID; valid for every backend including HyperQueue, Flux, and local"
phoenix,1,native,dryrun-plots/synthetic-monitor-tree/phoenix/rep1/native,0.5833333333333334,219,5475.0,175.302963,4382.574075,40,3.17115000002914,"benchmark-user sdiag row, attributed by UID; valid for every backend including HyperQueue, Flux, and local"
phoenix,1,native,dryrun-plots/synthetic-monitor-tree/phoenix/rep1/native,0.6666666666666666,250,6250.0,200.346244,5008.6561,40,3.17115000002914,"benchmark-user sdiag row, attributed by UID; valid for every backend including HyperQueue, Flux, and local"
phoenix,1,native,dryrun-plots/synthetic-monitor-tree/phoenix/rep1/native,0.75,281,7025.0,225.389524,5634.7381,40,3.17115000002914,"benchmark-user sdiag row, attributed by UID; valid for every backend including HyperQueue, Flux, and local"
phoenix,1,native,dryrun-plots/synthetic-monitor-tree/phoenix/rep1/native,0.8333333333333334,312,7800.0,250.432805,6260.820125,40,3.17115000002914,"benchmark-user sdiag row, attributed by UID; valid for every backend including HyperQueue, Flux, and local"
phoenix,1,native,dryrun-plots/synthetic-monitor-tree/phoenix/rep1/native,0.9166666666666666,344,8600.0,275.476086,6886.90215,40,3.17115000002914,"benchmark-user sdiag row, attributed by UID; valid for every backend including HyperQueue, Flux, and local"
phoenix,1,native,dryrun-plots/synthetic-monitor-tree/phoenix/rep1/native,1.0,375,9375.0,300.519366,7512.98415,40,3.17115000002914,"benchmark-user sdiag row, attributed by UID; valid for every backend including HyperQueue, Flux, and local"
phoenix,1,native,dryrun-plots/synthetic-monitor-tree/phoenix/rep1/native,1.0833333333333333,406,10150.0,325.562647,8139.066175000001,40,3.17115000002914,"benchmark-user sdiag row, attributed by UID; valid for every backend including HyperQueue, Flux, and local"
phoenix,1,native,dryrun-plots/synthetic-monitor-tree/phoenix/rep1/native,1.1666666666666667,438,10950.0,350.605927,8765.148175,40,3.17115000002914,"benchmark-user sdiag row, attributed by UID; valid for every backend including HyperQueue, Flux, and local"
phoenix,1,native,dryrun-plots/synthetic-monitor-tree/phoenix/rep1/native,1.25,469,11725.0,375.649208,9391.2302,40,3.17115000002914,"benchmark-user sdiag row, attributed by UID; valid for every backend including HyperQueue, Flux, and local"
phoenix,1,native,dryrun-plots/synthetic-monitor-tree/phoenix/rep1/native,1.3333333333333333,500,12500.0,400.692488,10017.3122,40,3.17115000002914,"benchmark-user sdiag row, attributed by UID; valid for every backend including HyperQueue, Flux, and local"
phoenix,1,native,dryrun-plots/synthetic-monitor-tree/phoenix/rep1/native,1.4166666666666667,532,13300.0,425.735769,10643.394225,40,3.17115000002914,"benchmark-user sdiag row, attributed by UID; valid for every backend including HyperQueue, Flux, and local"
phoenix,1,native,dryrun-plots/synthetic-monitor-tree/phoenix/rep1/native,1.5,563,14075.0,450.779049,11269.476225,40,3.17115000002914,"benchmark-user sdiag row, attributed by UID; valid for every backend including HyperQueue, Flux, and local"
phoenix,1,native,dryrun-plots/synthetic-monitor-tree/phoenix/rep1/native,1.5833333333333333,594,14850.0,475.82233,11895.55825,40,3.17115000002914,"benchmark-user sdiag row, attributed by UID; valid for every backend including HyperQueue, Flux, and local"
phoenix,1,native,dryrun-plots/synthetic-monitor-tree/phoenix/rep1/native,1.6666666666666667,625,15625.0,500.865611,12521.640275,40,3.17115000002914,"benchmark-user sdiag row, attributed by UID; valid for every backend including HyperQueue, Flux, and local"
phoenix,1,native,dryrun-plots/synthetic-monitor-tree/phoenix/rep1/native,1.75,657,16425.0,525.908891,13147.722275,40,3.17115000002914,"benchmark-user sdiag row, attributed by UID; valid for every backend including HyperQueue, Flux, and local"
phoenix,1,native,dryrun-plots/synthetic-monitor-tree/phoenix/rep1/native,1.8333333333333333,688,17200.0,550.952172,13773.8043,40,3.17115000002914,"benchmark-user sdiag row, attributed by UID; valid for every backend including HyperQueue, Flux, and local"
phoenix,1,native,dryrun-plots/synthetic-monitor-tree/phoenix/rep1/native,1.9166666666666667,719,17975.0,575.995452,14399.8863,40,3.17115000002914,"benchmark-user sdiag row, attributed by UID; valid for every backend including HyperQueue, Flux, and local"
phoenix,1,native,dryrun-plots/synthetic-monitor-tree/phoenix/rep1/native,2.0,751,18775.0,601.038733,15025.968325,40,3.17115000002914,"benchmark-user sdiag row, attributed by UID; valid for every backend including HyperQueue, Flux, and local"
phoenix,1,native,dryrun-plots/synthetic-monitor-tree/phoenix/rep1/native,2.0833333333333335,782,19550.0,626.082013,15652.050324999998,40,3.17115000002914,"benchmark-user sdiag row, attributed by UID; valid for every backend including HyperQueue, Flux, and local"
phoenix,1,native,dryrun-plots/synthetic-monitor-tree/phoenix/rep1/native,2.1666666666666665,813,20325.0,651.125294,16278.132350000002,40,3.17115000002914,"benchmark-user sdiag row, attributed by UID; valid for every backend including HyperQueue, Flux, and local"
phoenix,1,native,dryrun-plots/synthetic-monitor-tree/phoenix/rep1/native,2.25,845,21125.0,676.168574,16904.214350000002,40,3.17115000002914,"benchmark-user sdiag row, attributed by UID; valid for every backend including HyperQueue, Flux, and local"
phoenix,1,native,dryrun-plots/synthetic-monitor-tree/phoenix/rep1/native,2.3333333333333335,876,21900.0,701.211855,17530.296375,40,3.17115000002914,"benchmark-user sdiag row, attributed by UID; valid for every backend including HyperQueue, Flux, and local"
phoenix,1,native,dryrun-plots/synthetic-monitor-tree/phoenix/rep1/native,2.4166666666666665,907,22675.0,726.255136,18156.3784,40,3.17115000002914,"benchmark-user sdiag row, attributed by UID; valid for every backend including HyperQueue, Flux, and local"
phoenix,1,native,dryrun-plots/synthetic-monitor-tree/phoenix/rep1/native,2.5,938,23450.0,751.298416,18782.4604,40,3.17115000002914,"benchmark-user sdiag row, attributed by UID; valid for every backend including HyperQueue, Flux, and local"
phoenix,1,native,dryrun-plots/synthetic-monitor-tree/phoenix/rep1/native,2.5833333333333335,970,24250.0,776.341697,19408.542425,40,3.17115000002914,"benchmark-user sdiag row, attributed by UID; valid for every backend including HyperQueue, Flux, and local"
phoenix,1,native,dryrun-plots/synthetic-monitor-tree/phoenix/rep1/native,2.6666666666666665,1001,25025.0,801.384977,20034.624425,40,3.17115000002914,"benchmark-user sdiag row, attributed by UID; valid for every backend including HyperQueue, Flux, and local"
phoenix,1,native,dryrun-plots/synthetic-monitor-tree/phoenix/rep1/native,2.75,1032,25800.0,826.428258,20660.70645,40,3.17115000002914,"benchmark-user sdiag row, attributed by UID; valid for every backend including HyperQueue, Flux, and local"
phoenix,1,native,dryrun-plots/synthetic-monitor-tree/phoenix/rep1/native,2.8333333333333335,1064,26600.0,851.471538,21286.78845,40,3.17115000002914,"benchmark-user sdiag row, attributed by UID; valid for every backend including HyperQueue, Flux, and local"
phoenix,1,native,dryrun-plots/synthetic-monitor-tree/phoenix/rep1/native,2.9166666666666665,1095,27375.0,876.514819,21912.870475,40,3.17115000002914,"benchmark-user sdiag row, attributed by UID; valid for every backend including HyperQueue, Flux, and local"
phoenix,1,native,dryrun-plots/synthetic-monitor-tree/phoenix/rep1/native,3.0,1126,28150.0,901.558099,22538.952475,40,3.17115000002914,"benchmark-user sdiag row, attributed by UID; valid for every backend including HyperQueue, Flux, and local"
phoenix,1,native,dryrun-plots/synthetic-monitor-tree/phoenix/rep1/native,3.0833333333333335,1158,28950.0,926.60138,23165.034499999998,40,3.17115000002914,"benchmark-user sdiag row, attributed by UID; valid for every backend including HyperQueue, Flux, and local"
phoenix,1,native,dryrun-plots/synthetic-monitor-tree/phoenix/rep1/native,3.1666666666666665,1189,29725.0,951.644661,23791.116525,40,3.17115000002914,"benchmark-user sdiag row, attributed by UID; valid for every backend including HyperQueue, Flux, and local"
phoenix,1,native,dryrun-plots/synthetic-monitor-tree/phoenix/rep1/native,3.193372233642472,1191,29775.0,952.991993,23824.799825,40,3.17115000002914,"benchmark-user sdiag row, attributed by UID; valid for every backend including HyperQueue, Flux, and local"
phoenix,1,jobarray,dryrun-plots/synthetic-monitor-tree/phoenix/rep1/jobarray,-0.001388888955116272,0,0.0,0.0,0.0,40,2.760582210752699,"benchmark-user sdiag row, attributed by UID; valid for every backend including HyperQueue, Flux, and local"
phoenix,1,jobarray,dryrun-plots/synthetic-monitor-tree/phoenix/rep1/jobarray,0.08329443295796712,9,225.0,7.387733,184.693325,40,2.760582210752699,"benchmark-user sdiag row, attributed by UID; valid for every backend including HyperQueue, Flux, and local"
phoenix,1,jobarray,dryrun-plots/synthetic-monitor-tree/phoenix/rep1/jobarray,0.16662776629130047,18,450.0,14.775466,369.38665,40,2.760582210752699,"benchmark-user sdiag row, attributed by UID; valid for every backend including HyperQueue, Flux, and local"
phoenix,1,jobarray,dryrun-plots/synthetic-monitor-tree/phoenix/rep1/jobarray,0.24996109962463378,27,675.0,22.163199,554.079975,40,2.760582210752699,"benchmark-user sdiag row, attributed by UID; valid for every backend including HyperQueue, Flux, and local"
phoenix,1,jobarray,dryrun-plots/synthetic-monitor-tree/phoenix/rep1/jobarray,0.3332944329579671,36,900.0,29.550932,738.7733,40,2.760582210752699,"benchmark-user sdiag row, attributed by UID; valid for every backend including HyperQueue, Flux, and local"
phoenix,1,jobarray,dryrun-plots/synthetic-monitor-tree/phoenix/rep1/jobarray,0.41662776629130044,46,1150.0,36.938665,923.466625,40,2.760582210752699,"benchmark-user sdiag row, attributed by UID; valid for every backend including HyperQueue, Flux, and local"
phoenix,1,jobarray,dryrun-plots/synthetic-monitor-tree/phoenix/rep1/jobarray,0.4999610996246338,55,1375.0,44.326398,1108.15995,40,2.760582210752699,"benchmark-user sdiag row, attributed by UID; valid for every backend including HyperQueue, Flux, and local"
phoenix,1,jobarray,dryrun-plots/synthetic-monitor-tree/phoenix/rep1/jobarray,0.5832944329579671,64,1600.0,51.714131,1292.853275,40,2.760582210752699,"benchmark-user sdiag row, attributed by UID; valid for every backend including HyperQueue, Flux, and local"
phoenix,1,jobarray,dryrun-plots/synthetic-monitor-tree/phoenix/rep1/jobarray,0.6666277662913005,73,1825.0,59.101864,1477.5466,40,2.760582210752699,"benchmark-user sdiag row, attributed by UID; valid for every backend including HyperQueue, Flux, and local"
phoenix,1,jobarray,dryrun-plots/synthetic-monitor-tree/phoenix/rep1/jobarray,0.7499610996246338,82,2050.0,66.489598,1662.2399500000001,40,2.760582210752699,"benchmark-user sdiag row, attributed by UID; valid for every backend including HyperQueue, Flux, and local"
phoenix,1,jobarray,dryrun-plots/synthetic-monitor-tree/phoenix/rep1/jobarray,0.8332944329579671,92,2300.0,73.877331,1846.9332749999999,40,2.760582210752699,"benchmark-user sdiag row, attributed by UID; valid for every backend including HyperQueue, Flux, and local"
phoenix,1,jobarray,dryrun-plots/synthetic-monitor-tree/phoenix/rep1/jobarray,0.9166277662913005,101,2525.0,81.265064,2031.6265999999998,40,2.760582210752699,"benchmark-user sdiag row, attributed by UID; valid for every backend including HyperQueue, Flux, and local"
phoenix,1,jobarray,dryrun-plots/synthetic-monitor-tree/phoenix/rep1/jobarray,0.9999610996246338,110,2750.0,88.652797,2216.3199250000002,40,2.760582210752699,"benchmark-user sdiag row, attributed by UID; valid for every backend including HyperQueue, Flux, and local"
phoenix,1,jobarray,dryrun-plots/synthetic-monitor-tree/phoenix/rep1/jobarray,1.083294432957967,119,2975.0,96.04053,2401.01325,40,2.760582210752699,"benchmark-user sdiag row, attributed by UID; valid for every backend including HyperQueue, Flux, and local"
phoenix,1,jobarray,dryrun-plots/synthetic-monitor-tree/phoenix/rep1/jobarray,1.1666277662913005,128,3200.0,103.428263,2585.706575,40,2.760582210752699,"benchmark-user sdiag row, attributed by UID; valid for every backend including HyperQueue, Flux, and local"
phoenix,1,jobarray,dryrun-plots/synthetic-monitor-tree/phoenix/rep1/jobarray,1.2499610996246338,138,3450.0,110.815996,2770.3999,40,2.760582210752699,"benchmark-user sdiag row, attributed by UID; valid for every backend including HyperQueue, Flux, and local"
phoenix,1,jobarray,dryrun-plots/synthetic-monitor-tree/phoenix/rep1/jobarray,1.333294432957967,147,3675.0,118.203729,2955.093225,40,2.760582210752699,"benchmark-user sdiag row, attributed by UID; valid for every backend including HyperQueue, Flux, and local"
phoenix,1,jobarray,dryrun-plots/synthetic-monitor-tree/phoenix/rep1/jobarray,1.4166277662913005,156,3900.0,125.591463,3139.786575,40,2.760582210752699,"benchmark-user sdiag row, attributed by UID; valid for every backend including HyperQueue, Flux, and local"
phoenix,1,jobarray,dryrun-plots/synthetic-monitor-tree/phoenix/rep1/jobarray,1.4999610996246338,165,4125.0,132.979196,3324.4799000000003,40,2.760582210752699,"benchmark-user sdiag row, attributed by UID; valid for every backend including HyperQueue, Flux, and local"
phoenix,1,jobarray,dryrun-plots/synthetic-monitor-tree/phoenix/rep1/jobarray,1.583294432957967,174,4350.0,140.366929,3509.173225,40,2.760582210752699,"benchmark-user sdiag row, attributed by UID; valid for every backend including HyperQueue, Flux, and local"
phoenix,1,jobarray,dryrun-plots/synthetic-monitor-tree/phoenix/rep1/jobarray,1.6666277662913005,184,4600.0,147.754662,3693.8665499999997,40,2.760582210752699,"benchmark-user sdiag row, attributed by UID; valid for every backend including HyperQueue, Flux, and local"
phoenix,1,jobarray,dryrun-plots/synthetic-monitor-tree/phoenix/rep1/jobarray,1.7499610996246338,193,4825.0,155.142395,3878.559875,40,2.760582210752699,"benchmark-user sdiag row, attributed by UID; valid for every backend including HyperQueue, Flux, and local"
phoenix,1,jobarray,dryrun-plots/synthetic-monitor-tree/phoenix/rep1/jobarray,1.833294432957967,202,5050.0,162.530128,4063.2531999999997,40,2.760582210752699,"benchmark-user sdiag row, attributed by UID; valid for every backend including HyperQueue, Flux, and local"
phoenix,1,jobarray,dryrun-plots/synthetic-monitor-tree/phoenix/rep1/jobarray,1.9166277662913005,211,5275.0,169.917861,4247.946524999999,40,2.760582210752699,"benchmark-user sdiag row, attributed by UID; valid for every backend including HyperQueue, Flux, and local"
phoenix,1,jobarray,dryrun-plots/synthetic-monitor-tree/phoenix/rep1/jobarray,1.9999610996246338,220,5500.0,177.305594,4432.6398500000005,40,2.760582210752699,"benchmark-user sdiag row, attributed by UID; valid for every backend including HyperQueue, Flux, and local"
phoenix,1,jobarray,dryrun-plots/synthetic-monitor-tree/phoenix/rep1/jobarray,2.0832944329579672,230,5750.0,184.693328,4617.3332,40,2.760582210752699,"benchmark-user sdiag row, attributed by UID; valid for every backend including HyperQueue, Flux, and local"
phoenix,1,jobarray,dryrun-plots/synthetic-monitor-tree/phoenix/rep1/jobarray,2.1666277662913003,239,5975.0,192.081061,4802.026525,40,2.760582210752699,"benchmark-user sdiag row, attributed by UID; valid for every backend including HyperQueue, Flux, and local"
phoenix,1,jobarray,dryrun-plots/synthetic-monitor-tree/phoenix/rep1/jobarray,2.2499610996246338,248,6200.0,199.468794,4986.71985,40,2.760582210752699,"benchmark-user sdiag row, attributed by UID; valid for every backend including HyperQueue, Flux, and local"
phoenix,1,jobarray,dryrun-plots/synthetic-monitor-tree/phoenix/rep1/jobarray,2.3332944329579672,257,6425.0,206.856527,5171.413175,40,2.760582210752699,"benchmark-user sdiag row, attributed by UID; valid for every backend including HyperQueue, Flux, and local"
phoenix,1,jobarray,dryrun-plots/synthetic-monitor-tree/phoenix/rep1/jobarray,2.4166277662913003,267,6675.0,214.24426,5356.1065,40,2.760582210752699,"benchmark-user sdiag row, attributed by UID; valid for every backend including HyperQueue, Flux, and local"
phoenix,1,jobarray,dryrun-plots/synthetic-monitor-tree/phoenix/rep1/jobarray,2.4999610996246338,276,6900.0,221.631993,5540.799825,40,2.760582210752699,"benchmark-user sdiag row, attributed by UID; valid for every backend including HyperQueue, Flux, and local"
phoenix,1,jobarray,dryrun-plots/synthetic-monitor-tree/phoenix/rep1/jobarray,2.5832944329579672,285,7125.0,229.019726,5725.49315,40,2.760582210752699,"benchmark-user sdiag row, attributed by UID; valid for every backend including HyperQueue, Flux, and local"
phoenix,1,jobarray,dryrun-plots/synthetic-monitor-tree/phoenix/rep1/jobarray,2.6666277662913003,294,7350.0,236.407459,5910.1864749999995,40,2.760582210752699,"benchmark-user sdiag row, attributed by UID; valid for every backend including HyperQueue, Flux, and local"
phoenix,1,jobarray,dryrun-plots/synthetic-monitor-tree/phoenix/rep1/jobarray,2.7499610996246338,303,7575.0,243.795193,6094.879825,40,2.760582210752699,"benchmark-user sdiag row, attributed by UID; valid for every backend including HyperQueue, Flux, and local"
phoenix,1,jobarray,dryrun-plots/synthetic-monitor-tree/phoenix/rep1/jobarray,2.7828044488032657,305,7625.0,244.733337,6118.333425,40,2.760582210752699,"benchmark-user sdiag row, attributed by UID; valid for every backend including HyperQueue, Flux, and local"
phoenix,1,hyperqueue,dryrun-plots/synthetic-monitor-tree/phoenix/rep1/hyperqueue,-0.0013888887564341228,0,0.0,0.0,0.0,40,2.0314508176512187,"benchmark-user sdiag row, attributed by UID; valid for every backend including HyperQueue, Flux, and local"
phoenix,1,hyperqueue,dryrun-plots/synthetic-monitor-tree/phoenix/rep1/hyperqueue,0.08326776206493378,3,75.0,2.493472,62.336800000000004,40,2.0314508176512187,"benchmark-user sdiag row, attributed by UID; valid for every backend including HyperQueue, Flux, and local"
phoenix,1,hyperqueue,dryrun-plots/synthetic-monitor-tree/phoenix/rep1/hyperqueue,0.16660109539826712,6,150.0,4.986944,124.67360000000001,40,2.0314508176512187,"benchmark-user sdiag row, attributed by UID; valid for every backend including HyperQueue, Flux, and local"
phoenix,1,hyperqueue,dryrun-plots/synthetic-monitor-tree/phoenix/rep1/hyperqueue,0.24993442873160043,9,225.0,7.480416,187.0104,40,2.0314508176512187,"benchmark-user sdiag row, attributed by UID; valid for every backend including HyperQueue, Flux, and local"
phoenix,1,hyperqueue,dryrun-plots/synthetic-monitor-tree/phoenix/rep1/hyperqueue,0.3332677620649338,12,300.0,9.973888,249.34720000000002,40,2.0314508176512187,"benchmark-user sdiag row, attributed by UID; valid for every backend including HyperQueue, Flux, and local"
phoenix,1,hyperqueue,dryrun-plots/synthetic-monitor-tree/phoenix/rep1/hyperqueue,0.4166010953982671,15,375.0,12.46736,311.68399999999997,40,2.0314508176512187,"benchmark-user sdiag row, attributed by UID; valid for every backend including HyperQueue, Flux, and local"
phoenix,1,hyperqueue,dryrun-plots/synthetic-monitor-tree/phoenix/rep1/hyperqueue,0.49993442873160043,18,450.0,14.960832,374.0208,40,2.0314508176512187,"benchmark-user sdiag row, attributed by UID; valid for every backend including HyperQueue, Flux, and local"
phoenix,1,hyperqueue,dryrun-plots/synthetic-monitor-tree/phoenix/rep1/hyperqueue,0.5832677620649338,21,525.0,17.454305,436.35762500000004,40,2.0314508176512187,"benchmark-user sdiag row, attributed by UID; valid for every backend including HyperQueue, Flux, and local"
phoenix,1,hyperqueue,dryrun-plots/synthetic-monitor-tree/phoenix/rep1/hyperqueue,0.6666010953982671,24,600.0,19.947777,498.69442499999997,40,2.0314508176512187,"benchmark-user sdiag row, attributed by UID; valid for every backend including HyperQueue, Flux, and local"
phoenix,1,hyperqueue,dryrun-plots/synthetic-monitor-tree/phoenix/rep1/hyperqueue,0.7499344287316004,27,675.0,22.441249,561.031225,40,2.0314508176512187,"benchmark-user sdiag row, attributed by UID; valid for every backend including HyperQueue, Flux, and local"
phoenix,1,hyperqueue,dryrun-plots/synthetic-monitor-tree/phoenix/rep1/hyperqueue,0.8332677620649338,30,750.0,24.934721,623.368025,40,2.0314508176512187,"benchmark-user sdiag row, attributed by UID; valid for every backend including HyperQueue, Flux, and local"
phoenix,1,hyperqueue,dryrun-plots/synthetic-monitor-tree/phoenix/rep1/hyperqueue,0.9166010953982671,33,825.0,27.428193,685.704825,40,2.0314508176512187,"benchmark-user sdiag row, attributed by UID; valid for every backend including HyperQueue, Flux, and local"
phoenix,1,hyperqueue,dryrun-plots/synthetic-monitor-tree/phoenix/rep1/hyperqueue,0.9999344287316004,36,900.0,29.921665,748.0416250000001,40,2.0314508176512187,"benchmark-user sdiag row, attributed by UID; valid for every backend including HyperQueue, Flux, and local"
phoenix,1,hyperqueue,dryrun-plots/synthetic-monitor-tree/phoenix/rep1/hyperqueue,1.0832677620649338,39,975.0,32.415138,810.3784499999999,40,2.0314508176512187,"benchmark-user sdiag row, attributed by UID; valid for every backend including HyperQueue, Flux, and local"
phoenix,1,hyperqueue,dryrun-plots/synthetic-monitor-tree/phoenix/rep1/hyperqueue,1.166601095398267,43,1075.0,34.90861,872.7152500000001,40,2.0314508176512187,"benchmark-user sdiag row, attributed by UID; valid for every backend including HyperQueue, Flux, and local"
phoenix,1,hyperqueue,dryrun-plots/synthetic-monitor-tree/phoenix/rep1/hyperqueue,1.2499344287316005,46,1150.0,37.402082,935.05205,40,2.0314508176512187,"benchmark-user sdiag row, attributed by UID; valid for every backend including HyperQueue, Flux, and local"
phoenix,1,hyperqueue,dryrun-plots/synthetic-monitor-tree/phoenix/rep1/hyperqueue,1.3332677620649338,49,1225.0,39.895554,997.3888499999999,40,2.0314508176512187,"benchmark-user sdiag row, attributed by UID; valid for every backend including HyperQueue, Flux, and local"
phoenix,1,hyperqueue,dryrun-plots/synthetic-monitor-tree/phoenix/rep1/hyperqueue,1.416601095398267,52,1300.0,42.389026,1059.72565,40,2.0314508176512187,"benchmark-user sdiag row, attributed by UID; valid for every backend including HyperQueue, Flux, and local"
phoenix,1,hyperqueue,dryrun-plots/synthetic-monitor-tree/phoenix/rep1/hyperqueue,1.4999344287316005,55,1375.0,44.882498,1122.06245,40,2.0314508176512187,"benchmark-user sdiag row, attributed by UID; valid for every backend including HyperQueue, Flux, and local"
phoenix,1,hyperqueue,dryrun-plots/synthetic-monitor-tree/phoenix/rep1/hyperqueue,1.5832677620649338,58,1450.0,47.375971,1184.399275,40,2.0314508176512187,"benchmark-user sdiag row, attributed by UID; valid for every backend including HyperQueue, Flux, and local"
phoenix,1,hyperqueue,dryrun-plots/synthetic-monitor-tree/phoenix/rep1/hyperqueue,1.666601095398267,61,1525.0,49.869443,1246.736075,40,2.0314508176512187,"benchmark-user sdiag row, attributed by UID; valid for every backend including HyperQueue, Flux, and local"
phoenix,1,hyperqueue,dryrun-plots/synthetic-monitor-tree/phoenix/rep1/hyperqueue,1.7499344287316005,64,1600.0,52.362915,1309.072875,40,2.0314508176512187,"benchmark-user sdiag row, attributed by UID; valid for every backend including HyperQueue, Flux, and local"
phoenix,1,hyperqueue,dryrun-plots/synthetic-monitor-tree/phoenix/rep1/hyperqueue,1.8332677620649338,67,1675.0,54.856387,1371.4096749999999,40,2.0314508176512187,"benchmark-user sdiag row, attributed by UID; valid for every backend including HyperQueue, Flux, and local"
phoenix,1,hyperqueue,dryrun-plots/synthetic-monitor-tree/phoenix/rep1/hyperqueue,1.916601095398267,70,1750.0,57.349859,1433.7464750000001,40,2.0314508176512187,"benchmark-user sdiag row, attributed by UID; valid for every backend including HyperQueue, Flux, and local"
phoenix,1,hyperqueue,dryrun-plots/synthetic-monitor-tree/phoenix/rep1/hyperqueue,1.9999344287316005,73,1825.0,59.843331,1496.083275,40,2.0314508176512187,"benchmark-user sdiag row, attributed by UID; valid for every backend including HyperQueue, Flux, and local"
phoenix,1,hyperqueue,dryrun-plots/synthetic-monitor-tree/phoenix/rep1/hyperqueue,2.053673216501872,75,1875.0,60.784398,1519.60995,40,2.0314508176512187,"benchmark-user sdiag row, attributed by UID; valid for every backend including HyperQueue, Flux, and local"
phoenix,1,flux,dryrun-plots/synthetic-monitor-tree/phoenix/rep1/flux,-0.001388888888888889,0,0.0,0.0,0.0,40,2.291817045542929,"benchmark-user sdiag row, attributed by UID; valid for every backend including HyperQueue, Flux, and local"
phoenix,1,flux,dryrun-plots/synthetic-monitor-tree/phoenix/rep1/flux,0.08320565667417314,3,75.0,2.676145,66.903625,40,2.291817045542929,"benchmark-user sdiag row, attributed by UID; valid for every backend including HyperQueue, Flux, and local"
phoenix,1,flux,dryrun-plots/synthetic-monitor-tree/phoenix/rep1/flux,0.16653899000750647,6,150.0,5.352291,133.807275,40,2.291817045542929,"benchmark-user sdiag row, attributed by UID; valid for every backend including HyperQueue, Flux, and local"
phoenix,1,flux,dryrun-plots/synthetic-monitor-tree/phoenix/rep1/flux,0.2498723233408398,9,225.0,8.028437,200.710925,40,2.291817045542929,"benchmark-user sdiag row, attributed by UID; valid for every backend including HyperQueue, Flux, and local"
phoenix,1,flux,dryrun-plots/synthetic-monitor-tree/phoenix/rep1/flux,0.3332056566741731,13,325.0,10.704583,267.614575,40,2.291817045542929,"benchmark-user sdiag row, attributed by UID; valid for every backend including HyperQueue, Flux, and local"
phoenix,1,flux,dryrun-plots/synthetic-monitor-tree/phoenix/rep1/flux,0.4165389900075065,16,400.0,13.380729,334.51822500000003,40,2.291817045542929,"benchmark-user sdiag row, attributed by UID; valid for every backend including HyperQueue, Flux, and local"
phoenix,1,flux,dryrun-plots/synthetic-monitor-tree/phoenix/rep1/flux,0.4998723233408398,19,475.0,16.056875,401.42187500000006,40,2.291817045542929,"benchmark-user sdiag row, attributed by UID; valid for every backend including HyperQueue, Flux, and local"
phoenix,1,flux,dryrun-plots/synthetic-monitor-tree/phoenix/rep1/flux,0.5832056566741731,23,575.0,18.733021,468.325525,40,2.291817045542929,"benchmark-user sdiag row, attributed by UID; valid for every backend including HyperQueue, Flux, and local"
phoenix,1,flux,dryrun-plots/synthetic-monitor-tree/phoenix/rep1/flux,0.6665389900075065,26,650.0,21.409167,535.229175,40,2.291817045542929,"benchmark-user sdiag row, attributed by UID; valid for every backend including HyperQueue, Flux, and local"
phoenix,1,flux,dryrun-plots/synthetic-monitor-tree/phoenix/rep1/flux,0.7498723233408399,29,725.0,24.085313,602.132825,40,2.291817045542929,"benchmark-user sdiag row, attributed by UID; valid for every backend including HyperQueue, Flux, and local"
phoenix,1,flux,dryrun-plots/synthetic-monitor-tree/phoenix/rep1/flux,0.8332056566741731,33,825.0,26.761459,669.036475,40,2.291817045542929,"benchmark-user sdiag row, attributed by UID; valid for every backend including HyperQueue, Flux, and local"
phoenix,1,flux,dryrun-plots/synthetic-monitor-tree/phoenix/rep1/flux,0.9165389900075065,36,900.0,29.437605,735.9401250000001,40,2.291817045542929,"benchmark-user sdiag row, attributed by UID; valid for every backend including HyperQueue, Flux, and local"
phoenix,1,flux,dryrun-plots/synthetic-monitor-tree/phoenix/rep1/flux,0.9998723233408399,39,975.0,32.113751,802.843775,40,2.291817045542929,"benchmark-user sdiag row, attributed by UID; valid for every backend including HyperQueue, Flux, and local"
phoenix,1,flux,dryrun-plots/synthetic-monitor-tree/phoenix/rep1/flux,1.0832056566741732,43,1075.0,34.789897,869.7474250000001,40,2.291817045542929,"benchmark-user sdiag row, attributed by UID; valid for every backend including HyperQueue, Flux, and local"
phoenix,1,flux,dryrun-plots/synthetic-monitor-tree/phoenix/rep1/flux,1.1665389900075065,46,1150.0,37.466043,936.651075,40,2.291817045542929,"benchmark-user sdiag row, attributed by UID; valid for every backend including HyperQueue, Flux, and local"
phoenix,1,flux,dryrun-plots/synthetic-monitor-tree/phoenix/rep1/flux,1.2498723233408398,49,1225.0,40.142189,1003.5547250000001,40,2.291817045542929,"benchmark-user sdiag row, attributed by UID; valid for every backend including HyperQueue, Flux, and local"
phoenix,1,flux,dryrun-plots/synthetic-monitor-tree/phoenix/rep1/flux,1.3332056566741732,52,1300.0,42.818335,1070.458375,40,2.291817045542929,"benchmark-user sdiag row, attributed by UID; valid for every backend including HyperQueue, Flux, and local"
phoenix,1,flux,dryrun-plots/synthetic-monitor-tree/phoenix/rep1/flux,1.4165389900075065,56,1400.0,45.494481,1137.362025,40,2.291817045542929,"benchmark-user sdiag row, attributed by UID; valid for every backend including HyperQueue, Flux, and local"
phoenix,1,flux,dryrun-plots/synthetic-monitor-tree/phoenix/rep1/flux,1.4998723233408398,59,1475.0,48.170627,1204.265675,40,2.291817045542929,"benchmark-user sdiag row, attributed by UID; valid for every backend including HyperQueue, Flux, and local"
phoenix,1,flux,dryrun-plots/synthetic-monitor-tree/phoenix/rep1/flux,1.5832056566741732,62,1550.0,50.846773,1271.169325,40,2.291817045542929,"benchmark-user sdiag row, attributed by UID; valid for every backend including HyperQueue, Flux, and local"
phoenix,1,flux,dryrun-plots/synthetic-monitor-tree/phoenix/rep1/flux,1.6665389900075065,66,1650.0,53.522919,1338.072975,40,2.291817045542929,"benchmark-user sdiag row, attributed by UID; valid for every backend including HyperQueue, Flux, and local"
phoenix,1,flux,dryrun-plots/synthetic-monitor-tree/phoenix/rep1/flux,1.7498723233408398,69,1725.0,56.199065,1404.976625,40,2.291817045542929,"benchmark-user sdiag row, attributed by UID; valid for every backend including HyperQueue, Flux, and local"
phoenix,1,flux,dryrun-plots/synthetic-monitor-tree/phoenix/rep1/flux,1.8332056566741732,72,1800.0,58.875211,1471.880275,40,2.291817045542929,"benchmark-user sdiag row, attributed by UID; valid for every backend including HyperQueue, Flux, and local"
phoenix,1,flux,dryrun-plots/synthetic-monitor-tree/phoenix/rep1/flux,1.9165389900075065,76,1900.0,61.551356,1538.7839,40,2.291817045542929,"benchmark-user sdiag row, attributed by UID; valid for every backend including HyperQueue, Flux, and local"
phoenix,1,flux,dryrun-plots/synthetic-monitor-tree/phoenix/rep1/flux,1.9998723233408398,79,1975.0,64.227502,1605.68755,40,2.291817045542929,"benchmark-user sdiag row, attributed by UID; valid for every backend including HyperQueue, Flux, and local"
phoenix,1,flux,dryrun-plots/synthetic-monitor-tree/phoenix/rep1/flux,2.0832056566741732,82,2050.0,66.903648,1672.5912,40,2.291817045542929,"benchmark-user sdiag row, attributed by UID; valid for every backend including HyperQueue, Flux, and local"
phoenix,1,flux,dryrun-plots/synthetic-monitor-tree/phoenix/rep1/flux,2.1665389900075063,86,2150.0,69.579794,1739.4948500000003,40,2.291817045542929,"benchmark-user sdiag row, attributed by UID; valid for every backend including HyperQueue, Flux, and local"
phoenix,1,flux,dryrun-plots/synthetic-monitor-tree/phoenix/rep1/flux,2.2498723233408398,89,2225.0,72.25594,1806.3984999999998,40,2.291817045542929,"benchmark-user sdiag row, attributed by UID; valid for every backend including HyperQueue, Flux, and local"
phoenix,1,flux,dryrun-plots/synthetic-monitor-tree/phoenix/rep1/flux,2.3140393305487104,91,2275.0,73.598845,1839.971125,40,2.291817045542929,"benchmark-user sdiag row, attributed by UID; valid for every backend including HyperQueue, Flux, and local"
phoenix,1,local,dryrun-plots/synthetic-monitor-tree/phoenix/rep1/local,-0.001388888955116272,0,0.0,0.0,0.0,40,5.161557714939118,"benchmark-user sdiag row, attributed by UID; valid for every backend including HyperQueue, Flux, and local"
phoenix,1,local,dryrun-plots/synthetic-monitor-tree/phoenix/rep1/local,0.08333299272590214,0,0.0,0.316919,7.922975,40,5.161557714939118,"benchmark-user sdiag row, attributed by UID; valid for every backend including HyperQueue, Flux, and local"
phoenix,1,local,dryrun-plots/synthetic-monitor-tree/phoenix/rep1/local,0.16666632605923545,0,0.0,0.633838,15.84595,40,5.161557714939118,"benchmark-user sdiag row, attributed by UID; valid for every backend including HyperQueue, Flux, and local"
phoenix,1,local,dryrun-plots/synthetic-monitor-tree/phoenix/rep1/local,0.2499996593925688,1,25.0,0.950757,23.768925,40,5.161557714939118,"benchmark-user sdiag row, attributed by UID; valid for every backend including HyperQueue, Flux, and local"
phoenix,1,local,dryrun-plots/synthetic-monitor-tree/phoenix/rep1/local,0.3333329927259021,1,25.0,1.267676,31.6919,40,5.161557714939118,"benchmark-user sdiag row, attributed by UID; valid for every backend including HyperQueue, Flux, and local"
phoenix,1,local,dryrun-plots/synthetic-monitor-tree/phoenix/rep1/local,0.4166663260592355,1,25.0,1.584595,39.614875,40,5.161557714939118,"benchmark-user sdiag row, attributed by UID; valid for every backend including HyperQueue, Flux, and local"
phoenix,1,local,dryrun-plots/synthetic-monitor-tree/phoenix/rep1/local,0.4999996593925688,2,50.0,1.901514,47.53785,40,5.161557714939118,"benchmark-user sdiag row, attributed by UID; valid for every backend including HyperQueue, Flux, and local"
phoenix,1,local,dryrun-plots/synthetic-monitor-tree/phoenix/rep1/local,0.5833329927259021,2,50.0,2.218433,55.460825,40,5.161557714939118,"benchmark-user sdiag row, attributed by UID; valid for every backend including HyperQueue, Flux, and local"
phoenix,1,local,dryrun-plots/synthetic-monitor-tree/phoenix/rep1/local,0.6666663260592355,3,75.0,2.535352,63.3838,40,5.161557714939118,"benchmark-user sdiag row, attributed by UID; valid for every backend including HyperQueue, Flux, and local"
phoenix,1,local,dryrun-plots/synthetic-monitor-tree/phoenix/rep1/local,0.7499996593925689,3,75.0,2.852271,71.306775,40,5.161557714939118,"benchmark-user sdiag row, attributed by UID; valid for every backend including HyperQueue, Flux, and local"
phoenix,1,local,dryrun-plots/synthetic-monitor-tree/phoenix/rep1/local,0.8333329927259021,3,75.0,3.16919,79.22975,40,5.161557714939118,"benchmark-user sdiag row, attributed by UID; valid for every backend including HyperQueue, Flux, and local"
phoenix,1,local,dryrun-plots/synthetic-monitor-tree/phoenix/rep1/local,0.9166663260592355,4,100.0,3.48611,87.15275,40,5.161557714939118,"benchmark-user sdiag row, attributed by UID; valid for every backend including HyperQueue, Flux, and local"
phoenix,1,local,dryrun-plots/synthetic-monitor-tree/phoenix/rep1/local,0.9999996593925689,4,100.0,3.803029,95.075725,40,5.161557714939118,"benchmark-user sdiag row, attributed by UID; valid for every backend including HyperQueue, Flux, and local"
phoenix,1,local,dryrun-plots/synthetic-monitor-tree/phoenix/rep1/local,1.083332992725902,5,125.0,4.119948,102.9987,40,5.161557714939118,"benchmark-user sdiag row, attributed by UID; valid for every backend including HyperQueue, Flux, and local"
phoenix,1,local,dryrun-plots/synthetic-monitor-tree/phoenix/rep1/local,1.1666663260592354,5,125.0,4.436867,110.92167500000001,40,5.161557714939118,"benchmark-user sdiag row, attributed by UID; valid for every backend including HyperQueue, Flux, and local"
phoenix,1,local,dryrun-plots/synthetic-monitor-tree/phoenix/rep1/local,1.2499996593925689,5,125.0,4.753786,118.84465,40,5.161557714939118,"benchmark-user sdiag row, attributed by UID; valid for every backend including HyperQueue, Flux, and local"
phoenix,1,local,dryrun-plots/synthetic-monitor-tree/phoenix/rep1/local,1.333332992725902,6,150.0,5.070705,126.76762500000001,40,5.161557714939118,"benchmark-user sdiag row, attributed by UID; valid for every backend including HyperQueue, Flux, and local"
phoenix,1,local,dryrun-plots/synthetic-monitor-tree/phoenix/rep1/local,1.4166663260592354,6,150.0,5.387624,134.6906,40,5.161557714939118,"benchmark-user sdiag row, attributed by UID; valid for every backend including HyperQueue, Flux, and local"
phoenix,1,local,dryrun-plots/synthetic-monitor-tree/phoenix/rep1/local,1.4999996593925689,6,150.0,5.704543,142.613575,40,5.161557714939118,"benchmark-user sdiag row, attributed by UID; valid for every backend including HyperQueue, Flux, and local"
phoenix,1,local,dryrun-plots/synthetic-monitor-tree/phoenix/rep1/local,1.583332992725902,7,175.0,6.021462,150.53654999999998,40,5.161557714939118,"benchmark-user sdiag row, attributed by UID; valid for every backend including HyperQueue, Flux, and local"
phoenix,1,local,dryrun-plots/synthetic-monitor-tree/phoenix/rep1/local,1.6666663260592354,7,175.0,6.338381,158.459525,40,5.161557714939118,"benchmark-user sdiag row, attributed by UID; valid for every backend including HyperQueue, Flux, and local"
phoenix,1,local,dryrun-plots/synthetic-monitor-tree/phoenix/rep1/local,1.7499996593925689,8,200.0,6.655301,166.382525,40,5.161557714939118,"benchmark-user sdiag row, attributed by UID; valid for every backend including HyperQueue, Flux, and local"
phoenix,1,local,dryrun-plots/synthetic-monitor-tree/phoenix/rep1/local,1.833332992725902,8,200.0,6.97222,174.3055,40,5.161557714939118,"benchmark-user sdiag row, attributed by UID; valid for every backend including HyperQueue, Flux, and local"
phoenix,1,local,dryrun-plots/synthetic-monitor-tree/phoenix/rep1/local,1.9166663260592354,8,200.0,7.289139,182.228475,40,5.161557714939118,"benchmark-user sdiag row, attributed by UID; valid for every backend including HyperQueue, Flux, and local"
phoenix,1,local,dryrun-plots/synthetic-monitor-tree/phoenix/rep1/local,1.9999996593925689,9,225.0,7.606058,190.15145,40,5.161557714939118,"benchmark-user sdiag row, attributed by UID; valid for every backend including HyperQueue, Flux, and local"
phoenix,1,local,dryrun-plots/synthetic-monitor-tree/phoenix/rep1/local,2.0833329927259023,9,225.0,7.922977,198.07442500000002,40,5.161557714939118,"benchmark-user sdiag row, attributed by UID; valid for every backend including HyperQueue, Flux, and local"
phoenix,1,local,dryrun-plots/synthetic-monitor-tree/phoenix/rep1/local,2.1666663260592354,10,250.0,8.239896,205.9974,40,5.161557714939118,"benchmark-user sdiag row, attributed by UID; valid for every backend including HyperQueue, Flux, and local"
phoenix,1,local,dryrun-plots/synthetic-monitor-tree/phoenix/rep1/local,2.249999659392569,10,250.0,8.556815,213.920375,40,5.161557714939118,"benchmark-user sdiag row, attributed by UID; valid for every backend including HyperQueue, Flux, and local"
phoenix,1,local,dryrun-plots/synthetic-monitor-tree/phoenix/rep1/local,2.3333329927259023,10,250.0,8.873734,221.84335000000002,40,5.161557714939118,"benchmark-user sdiag row, attributed by UID; valid for every backend including HyperQueue, Flux, and local"
phoenix,1,local,dryrun-plots/synthetic-monitor-tree/phoenix/rep1/local,2.4166663260592354,11,275.0,9.190653,229.766325,40,5.161557714939118,"benchmark-user sdiag row, attributed by UID; valid for every backend including HyperQueue, Flux, and local"
phoenix,1,local,dryrun-plots/synthetic-monitor-tree/phoenix/rep1/local,2.499999659392569,11,275.0,9.507572,237.6893,40,5.161557714939118,"benchmark-user sdiag row, attributed by UID; valid for every backend including HyperQueue, Flux, and local"
phoenix,1,local,dryrun-plots/synthetic-monitor-tree/phoenix/rep1/local,2.5833329927259023,12,300.0,9.824492,245.61229999999998,40,5.161557714939118,"benchmark-user sdiag row, attributed by UID; valid for every backend including HyperQueue, Flux, and local"
phoenix,1,local,dryrun-plots/synthetic-monitor-tree/phoenix/rep1/local,2.6666663260592354,12,300.0,10.141411,253.53527499999998,40,5.161557714939118,"benchmark-user sdiag row, attributed by UID; valid for every backend including HyperQueue, Flux, and local"
phoenix,1,local,dryrun-plots/synthetic-monitor-tree/phoenix/rep1/local,2.749999659392569,12,300.0,10.45833,261.45825,40,5.161557714939118,"benchmark-user sdiag row, attributed by UID; valid for every backend including HyperQueue, Flux, and local"
phoenix,1,local,dryrun-plots/synthetic-monitor-tree/phoenix/rep1/local,2.8333329927259023,13,325.0,10.775249,269.38122500000003,40,5.161557714939118,"benchmark-user sdiag row, attributed by UID; valid for every backend including HyperQueue, Flux, and local"
phoenix,1,local,dryrun-plots/synthetic-monitor-tree/phoenix/rep1/local,2.9166663260592354,13,325.0,11.092168,277.3042,40,5.161557714939118,"benchmark-user sdiag row, attributed by UID; valid for every backend including HyperQueue, Flux, and local"
phoenix,1,local,dryrun-plots/synthetic-monitor-tree/phoenix/rep1/local,2.999999659392569,13,325.0,11.409087,285.227175,40,5.161557714939118,"benchmark-user sdiag row, attributed by UID; valid for every backend including HyperQueue, Flux, and local"
phoenix,1,local,dryrun-plots/synthetic-monitor-tree/phoenix/rep1/local,3.0833329927259023,14,350.0,11.726006,293.15015,40,5.161557714939118,"benchmark-user sdiag row, attributed by UID; valid for every backend including HyperQueue, Flux, and local"
phoenix,1,local,dryrun-plots/synthetic-monitor-tree/phoenix/rep1/local,3.1666663260592354,14,350.0,12.042925,301.073125,40,5.161557714939118,"benchmark-user sdiag row, attributed by UID; valid for every backend including HyperQueue, Flux, and local"
phoenix,1,local,dryrun-plots/synthetic-monitor-tree/phoenix/rep1/local,3.249999659392569,15,375.0,12.359844,308.9961,40,5.161557714939118,"benchmark-user sdiag row, attributed by UID; valid for every backend including HyperQueue, Flux, and local"
phoenix,1,local,dryrun-plots/synthetic-monitor-tree/phoenix/rep1/local,3.3333329927259023,15,375.0,12.676763,316.91907499999996,40,5.161557714939118,"benchmark-user sdiag row, attributed by UID; valid for every backend including HyperQueue, Flux, and local"
phoenix,1,local,dryrun-plots/synthetic-monitor-tree/phoenix/rep1/local,3.4166663260592354,15,375.0,12.993683,324.842075,40,5.161557714939118,"benchmark-user sdiag row, attributed by UID; valid for every backend including HyperQueue, Flux, and local"
phoenix,1,local,dryrun-plots/synthetic-monitor-tree/phoenix/rep1/local,3.499999659392569,16,400.0,13.310602,332.76505,40,5.161557714939118,"benchmark-user sdiag row, attributed by UID; valid for every backend including HyperQueue, Flux, and local"
phoenix,1,local,dryrun-plots/synthetic-monitor-tree/phoenix/rep1/local,3.5833329927259023,16,400.0,13.627521,340.688025,40,5.161557714939118,"benchmark-user sdiag row, attributed by UID; valid for every backend including HyperQueue, Flux, and local"
phoenix,1,local,dryrun-plots/synthetic-monitor-tree/phoenix/rep1/local,3.6666663260592354,17,425.0,13.94444,348.611,40,5.161557714939118,"benchmark-user sdiag row, attributed by UID; valid for every backend including HyperQueue, Flux, and local"
phoenix,1,local,dryrun-plots/synthetic-monitor-tree/phoenix/rep1/local,3.749999659392569,17,425.0,14.261359,356.533975,40,5.161557714939118,"benchmark-user sdiag row, attributed by UID; valid for every backend including HyperQueue, Flux, and local"
phoenix,1,local,dryrun-plots/synthetic-monitor-tree/phoenix/rep1/local,3.8333329927259023,17,425.0,14.578278,364.45695,40,5.161557714939118,"benchmark-user sdiag row, attributed by UID; valid for every backend including HyperQueue, Flux, and local"
phoenix,1,local,dryrun-plots/synthetic-monitor-tree/phoenix/rep1/local,3.9166663260592354,18,450.0,14.895197,372.379925,40,5.161557714939118,"benchmark-user sdiag row, attributed by UID; valid for every backend including HyperQueue, Flux, and local"
phoenix,1,local,dryrun-plots/synthetic-monitor-tree/phoenix/rep1/local,3.999999659392569,18,450.0,15.212116,380.3029,40,5.161557714939118,"benchmark-user sdiag row, attributed by UID; valid for every backend including HyperQueue, Flux, and local"
phoenix,1,local,dryrun-plots/synthetic-monitor-tree/phoenix/rep1/local,4.083332992725902,18,450.0,15.529035,388.22587500000003,40,5.161557714939118,"benchmark-user sdiag row, attributed by UID; valid for every backend including HyperQueue, Flux, and local"
phoenix,1,local,dryrun-plots/synthetic-monitor-tree/phoenix/rep1/local,4.166666326059236,19,475.0,15.845954,396.14885000000004,40,5.161557714939118,"benchmark-user sdiag row, attributed by UID; valid for every backend including HyperQueue, Flux, and local"
phoenix,1,local,dryrun-plots/synthetic-monitor-tree/phoenix/rep1/local,4.249999659392569,19,475.0,16.162874,404.07185,40,5.161557714939118,"benchmark-user sdiag row, attributed by UID; valid for every backend including HyperQueue, Flux, and local"
phoenix,1,local,dryrun-plots/synthetic-monitor-tree/phoenix/rep1/local,4.333332992725902,20,500.0,16.479793,411.994825,40,5.161557714939118,"benchmark-user sdiag row, attributed by UID; valid for every backend including HyperQueue, Flux, and local"
phoenix,1,local,dryrun-plots/synthetic-monitor-tree/phoenix/rep1/local,4.416666326059236,20,500.0,16.796712,419.9178,40,5.161557714939118,"benchmark-user sdiag row, attributed by UID; valid for every backend including HyperQueue, Flux, and local"
phoenix,1,local,dryrun-plots/synthetic-monitor-tree/phoenix/rep1/local,4.499999659392569,20,500.0,17.113631,427.84077500000006,40,5.161557714939118,"benchmark-user sdiag row, attributed by UID; valid for every backend including HyperQueue, Flux, and local"
phoenix,1,local,dryrun-plots/synthetic-monitor-tree/phoenix/rep1/local,4.583332992725902,21,525.0,17.43055,435.76375,40,5.161557714939118,"benchmark-user sdiag row, attributed by UID; valid for every backend including HyperQueue, Flux, and local"
phoenix,1,local,dryrun-plots/synthetic-monitor-tree/phoenix/rep1/local,4.666666326059236,21,525.0,17.747469,443.68672499999997,40,5.161557714939118,"benchmark-user sdiag row, attributed by UID; valid for every backend including HyperQueue, Flux, and local"
phoenix,1,local,dryrun-plots/synthetic-monitor-tree/phoenix/rep1/local,4.749999659392569,22,550.0,18.064388,451.60970000000003,40,5.161557714939118,"benchmark-user sdiag row, attributed by UID; valid for every backend including HyperQueue, Flux, and local"
phoenix,1,local,dryrun-plots/synthetic-monitor-tree/phoenix/rep1/local,4.833332992725902,22,550.0,18.381307,459.532675,40,5.161557714939118,"benchmark-user sdiag row, attributed by UID; valid for every backend including HyperQueue, Flux, and local"
phoenix,1,local,dryrun-plots/synthetic-monitor-tree/phoenix/rep1/local,4.916666326059236,22,550.0,18.698226,467.45564999999993,40,5.161557714939118,"benchmark-user sdiag row, attributed by UID; valid for every backend including HyperQueue, Flux, and local"
phoenix,1,local,dryrun-plots/synthetic-monitor-tree/phoenix/rep1/local,4.999999659392569,23,575.0,19.015145,475.378625,40,5.161557714939118,"benchmark-user sdiag row, attributed by UID; valid for every backend including HyperQueue, Flux, and local"
phoenix,1,local,dryrun-plots/synthetic-monitor-tree/phoenix/rep1/local,5.083332992725902,23,575.0,19.332064,483.30159999999995,40,5.161557714939118,"benchmark-user sdiag row, attributed by UID; valid for every backend including HyperQueue, Flux, and local"
phoenix,1,local,dryrun-plots/synthetic-monitor-tree/phoenix/rep1/local,5.166666326059236,24,600.0,19.629555,490.738875,40,5.161557714939118,"benchmark-user sdiag row, attributed by UID; valid for every backend including HyperQueue, Flux, and local"
phoenix,1,local,dryrun-plots/synthetic-monitor-tree/phoenix/rep1/local,5.183780043588745,24,600.0,19.629555,490.738875,40,5.161557714939118,"benchmark-user sdiag row, attributed by UID; valid for every backend including HyperQueue, Flux, and local"
phoenix,2,jobarray,dryrun-plots/synthetic-monitor-tree/phoenix/rep2/jobarray,-0.0013888888226615058,0,0.0,0.0,0.0,40,2.4907171158658135,"benchmark-user sdiag row, attributed by UID; valid for every backend including HyperQueue, Flux, and local"
phoenix,2,jobarray,dryrun-plots/synthetic-monitor-tree/phoenix/rep2/jobarray,0.08316406031449636,9,225.0,7.567316,189.1829,40,2.4907171158658135,"benchmark-user sdiag row, attributed by UID; valid for every backend including HyperQueue, Flux, and local"
phoenix,2,jobarray,dryrun-plots/synthetic-monitor-tree/phoenix/rep2/jobarray,0.1664973936478297,18,450.0,15.134632,378.3658,40,2.4907171158658135,"benchmark-user sdiag row, attributed by UID; valid for every backend including HyperQueue, Flux, and local"
phoenix,2,jobarray,dryrun-plots/synthetic-monitor-tree/phoenix/rep2/jobarray,0.24983072698116301,28,700.0,22.701948,567.5487,40,2.4907171158658135,"benchmark-user sdiag row, attributed by UID; valid for every backend including HyperQueue, Flux, and local"
phoenix,2,jobarray,dryrun-plots/synthetic-monitor-tree/phoenix/rep2/jobarray,0.33316406031449636,37,925.0,30.269264,756.7316,40,2.4907171158658135,"benchmark-user sdiag row, attributed by UID; valid for every backend including HyperQueue, Flux, and local"
phoenix,2,jobarray,dryrun-plots/synthetic-monitor-tree/phoenix/rep2/jobarray,0.4164973936478297,47,1175.0,37.836581,945.914525,40,2.4907171158658135,"benchmark-user sdiag row, attributed by UID; valid for every backend including HyperQueue, Flux, and local"
phoenix,2,jobarray,dryrun-plots/synthetic-monitor-tree/phoenix/rep2/jobarray,0.49983072698116304,56,1400.0,45.403897,1135.097425,40,2.4907171158658135,"benchmark-user sdiag row, attributed by UID; valid for every backend including HyperQueue, Flux, and local"
phoenix,2,jobarray,dryrun-plots/synthetic-monitor-tree/phoenix/rep2/jobarray,0.5831640603144964,66,1650.0,52.971213,1324.280325,40,2.4907171158658135,"benchmark-user sdiag row, attributed by UID; valid for every backend including HyperQueue, Flux, and local"
phoenix,2,jobarray,dryrun-plots/synthetic-monitor-tree/phoenix/rep2/jobarray,0.6664973936478297,75,1875.0,60.538529,1513.463225,40,2.4907171158658135,"benchmark-user sdiag row, attributed by UID; valid for every backend including HyperQueue, Flux, and local"
phoenix,2,jobarray,dryrun-plots/synthetic-monitor-tree/phoenix/rep2/jobarray,0.749830726981163,84,2100.0,68.105846,1702.64615,40,2.4907171158658135,"benchmark-user sdiag row, attributed by UID; valid for every backend including HyperQueue, Flux, and local"
phoenix,2,jobarray,dryrun-plots/synthetic-monitor-tree/phoenix/rep2/jobarray,0.8331640603144964,94,2350.0,75.673162,1891.82905,40,2.4907171158658135,"benchmark-user sdiag row, attributed by UID; valid for every backend including HyperQueue, Flux, and local"
phoenix,2,jobarray,dryrun-plots/synthetic-monitor-tree/phoenix/rep2/jobarray,0.9164973936478297,103,2575.0,83.240478,2081.01195,40,2.4907171158658135,"benchmark-user sdiag row, attributed by UID; valid for every backend including HyperQueue, Flux, and local"
phoenix,2,jobarray,dryrun-plots/synthetic-monitor-tree/phoenix/rep2/jobarray,0.999830726981163,113,2825.0,90.807794,2270.19485,40,2.4907171158658135,"benchmark-user sdiag row, attributed by UID; valid for every backend including HyperQueue, Flux, and local"
phoenix,2,jobarray,dryrun-plots/synthetic-monitor-tree/phoenix/rep2/jobarray,1.0831640603144963,122,3050.0,98.375111,2459.377775,40,2.4907171158658135,"benchmark-user sdiag row, attributed by UID; valid for every backend including HyperQueue, Flux, and local"
phoenix,2,jobarray,dryrun-plots/synthetic-monitor-tree/phoenix/rep2/jobarray,1.1664973936478298,132,3300.0,105.942427,2648.5606749999997,40,2.4907171158658135,"benchmark-user sdiag row, attributed by UID; valid for every backend including HyperQueue, Flux, and local"
phoenix,2,jobarray,dryrun-plots/synthetic-monitor-tree/phoenix/rep2/jobarray,1.249830726981163,141,3525.0,113.509743,2837.743575,40,2.4907171158658135,"benchmark-user sdiag row, attributed by UID; valid for every backend including HyperQueue, Flux, and local"
phoenix,2,jobarray,dryrun-plots/synthetic-monitor-tree/phoenix/rep2/jobarray,1.3331640603144963,150,3750.0,121.077059,3026.926475,40,2.4907171158658135,"benchmark-user sdiag row, attributed by UID; valid for every backend including HyperQueue, Flux, and local"
phoenix,2,jobarray,dryrun-plots/synthetic-monitor-tree/phoenix/rep2/jobarray,1.4164973936478298,160,4000.0,128.644376,3216.1094,40,2.4907171158658135,"benchmark-user sdiag row, attributed by UID; valid for every backend including HyperQueue, Flux, and local"
phoenix,2,jobarray,dryrun-plots/synthetic-monitor-tree/phoenix/rep2/jobarray,1.499830726981163,169,4225.0,136.211692,3405.2923,40,2.4907171158658135,"benchmark-user sdiag row, attributed by UID; valid for every backend including HyperQueue, Flux, and local"
phoenix,2,jobarray,dryrun-plots/synthetic-monitor-tree/phoenix/rep2/jobarray,1.5831640603144963,179,4475.0,143.779008,3594.4752000000003,40,2.4907171158658135,"benchmark-user sdiag row, attributed by UID; valid for every backend including HyperQueue, Flux, and local"
phoenix,2,jobarray,dryrun-plots/synthetic-monitor-tree/phoenix/rep2/jobarray,1.6664973936478298,188,4700.0,151.346324,3783.6581,40,2.4907171158658135,"benchmark-user sdiag row, attributed by UID; valid for every backend including HyperQueue, Flux, and local"
phoenix,2,jobarray,dryrun-plots/synthetic-monitor-tree/phoenix/rep2/jobarray,1.749830726981163,198,4950.0,158.91364,3972.8409999999994,40,2.4907171158658135,"benchmark-user sdiag row, attributed by UID; valid for every backend including HyperQueue, Flux, and local"
phoenix,2,jobarray,dryrun-plots/synthetic-monitor-tree/phoenix/rep2/jobarray,1.8331640603144963,207,5175.0,166.480957,4162.0239249999995,40,2.4907171158658135,"benchmark-user sdiag row, attributed by UID; valid for every backend including HyperQueue, Flux, and local"
phoenix,2,jobarray,dryrun-plots/synthetic-monitor-tree/phoenix/rep2/jobarray,1.9164973936478298,217,5425.0,174.048273,4351.206825,40,2.4907171158658135,"benchmark-user sdiag row, attributed by UID; valid for every backend including HyperQueue, Flux, and local"
phoenix,2,jobarray,dryrun-plots/synthetic-monitor-tree/phoenix/rep2/jobarray,1.999830726981163,226,5650.0,181.615589,4540.389725,40,2.4907171158658135,"benchmark-user sdiag row, attributed by UID; valid for every backend including HyperQueue, Flux, and local"
phoenix,2,jobarray,dryrun-plots/synthetic-monitor-tree/phoenix/rep2/jobarray,2.0831640603144965,235,5875.0,189.182905,4729.572625,40,2.4907171158658135,"benchmark-user sdiag row, attributed by UID; valid for every backend including HyperQueue, Flux, and local"
phoenix,2,jobarray,dryrun-plots/synthetic-monitor-tree/phoenix/rep2/jobarray,2.1664973936478296,245,6125.0,196.750222,4918.75555,40,2.4907171158658135,"benchmark-user sdiag row, attributed by UID; valid for every backend including HyperQueue, Flux, and local"
phoenix,2,jobarray,dryrun-plots/synthetic-monitor-tree/phoenix/rep2/jobarray,2.249830726981163,254,6350.0,204.317538,5107.938450000001,40,2.4907171158658135,"benchmark-user sdiag row, attributed by UID; valid for every backend including HyperQueue, Flux, and local"
phoenix,2,jobarray,dryrun-plots/synthetic-monitor-tree/phoenix/rep2/jobarray,2.3331640603144965,264,6600.0,211.884854,5297.121349999999,40,2.4907171158658135,"benchmark-user sdiag row, attributed by UID; valid for every backend including HyperQueue, Flux, and local"
phoenix,2,jobarray,dryrun-plots/synthetic-monitor-tree/phoenix/rep2/jobarray,2.4164973936478296,273,6825.0,219.45217,5486.30425,40,2.4907171158658135,"benchmark-user sdiag row, attributed by UID; valid for every backend including HyperQueue, Flux, and local"
phoenix,2,jobarray,dryrun-plots/synthetic-monitor-tree/phoenix/rep2/jobarray,2.499830726981163,282,7050.0,226.176532,5654.4133,40,2.4907171158658135,"benchmark-user sdiag row, attributed by UID; valid for every backend including HyperQueue, Flux, and local"
phoenix,2,jobarray,dryrun-plots/synthetic-monitor-tree/phoenix/rep2/jobarray,2.512939372526275,282,7050.0,226.176532,5654.4133,40,2.4907171158658135,"benchmark-user sdiag row, attributed by UID; valid for every backend including HyperQueue, Flux, and local"
phoenix,2,hyperqueue,dryrun-plots/synthetic-monitor-tree/phoenix/rep2/hyperqueue,-0.0013888888226615058,0,0.0,0.0,0.0,40,2.3104399656587176,"benchmark-user sdiag row, attributed by UID; valid for every backend including HyperQueue, Flux, and local"
phoenix,2,hyperqueue,dryrun-plots/synthetic-monitor-tree/phoenix/rep2/hyperqueue,0.0832802434100045,2,50.0,1.963907,49.097675,40,2.3104399656587176,"benchmark-user sdiag row, attributed by UID; valid for every backend including HyperQueue, Flux, and local"
phoenix,2,hyperqueue,dryrun-plots/synthetic-monitor-tree/phoenix/rep2/hyperqueue,0.16661357674333785,4,100.0,3.927814,98.19535,40,2.3104399656587176,"benchmark-user sdiag row, attributed by UID; valid for every backend including HyperQueue, Flux, and local"
phoenix,2,hyperqueue,dryrun-plots/synthetic-monitor-tree/phoenix/rep2/hyperqueue,0.24994691007667116,7,175.0,5.891721,147.293025,40,2.3104399656587176,"benchmark-user sdiag row, attributed by UID; valid for every backend including HyperQueue, Flux, and local"
phoenix,2,hyperqueue,dryrun-plots/synthetic-monitor-tree/phoenix/rep2/hyperqueue,0.3332802434100045,9,225.0,7.855628,196.3907,40,2.3104399656587176,"benchmark-user sdiag row, attributed by UID; valid for every backend including HyperQueue, Flux, and local"
phoenix,2,hyperqueue,dryrun-plots/synthetic-monitor-tree/phoenix/rep2/hyperqueue,0.4166135767433378,12,300.0,9.819535,245.488375,40,2.3104399656587176,"benchmark-user sdiag row, attributed by UID; valid for every backend including HyperQueue, Flux, and local"
phoenix,2,hyperqueue,dryrun-plots/synthetic-monitor-tree/phoenix/rep2/hyperqueue,0.4999469100766712,14,350.0,11.783442,294.58605,40,2.3104399656587176,"benchmark-user sdiag row, attributed by UID; valid for every backend including HyperQueue, Flux, and local"
phoenix,2,hyperqueue,dryrun-plots/synthetic-monitor-tree/phoenix/rep2/hyperqueue,0.5832802434100045,17,425.0,13.74735,343.68375000000003,40,2.3104399656587176,"benchmark-user sdiag row, attributed by UID; valid for every backend including HyperQueue, Flux, and local"
phoenix,2,hyperqueue,dryrun-plots/synthetic-monitor-tree/phoenix/rep2/hyperqueue,0.6666135767433379,19,475.0,15.711257,392.781425,40,2.3104399656587176,"benchmark-user sdiag row, attributed by UID; valid for every backend including HyperQueue, Flux, and local"
phoenix,2,hyperqueue,dryrun-plots/synthetic-monitor-tree/phoenix/rep2/hyperqueue,0.7499469100766711,22,550.0,17.675164,441.8791,40,2.3104399656587176,"benchmark-user sdiag row, attributed by UID; valid for every backend including HyperQueue, Flux, and local"
phoenix,2,hyperqueue,dryrun-plots/synthetic-monitor-tree/phoenix/rep2/hyperqueue,0.8332802434100045,24,600.0,19.639071,490.97677500000003,40,2.3104399656587176,"benchmark-user sdiag row, attributed by UID; valid for every backend including HyperQueue, Flux, and local"
phoenix,2,hyperqueue,dryrun-plots/synthetic-monitor-tree/phoenix/rep2/hyperqueue,0.9166135767433379,26,650.0,21.602978,540.07445,40,2.3104399656587176,"benchmark-user sdiag row, attributed by UID; valid for every backend including HyperQueue, Flux, and local"
phoenix,2,hyperqueue,dryrun-plots/synthetic-monitor-tree/phoenix/rep2/hyperqueue,0.9999469100766711,29,725.0,23.566885,589.1721249999999,40,2.3104399656587176,"benchmark-user sdiag row, attributed by UID; valid for every backend including HyperQueue, Flux, and local"
phoenix,2,hyperqueue,dryrun-plots/synthetic-monitor-tree/phoenix/rep2/hyperqueue,1.0832802434100046,31,775.0,25.530793,638.269825,40,2.3104399656587176,"benchmark-user sdiag row, attributed by UID; valid for every backend including HyperQueue, Flux, and local"
phoenix,2,hyperqueue,dryrun-plots/synthetic-monitor-tree/phoenix/rep2/hyperqueue,1.1666135767433379,34,850.0,27.4947,687.3675000000001,40,2.3104399656587176,"benchmark-user sdiag row, attributed by UID; valid for every backend including HyperQueue, Flux, and local"
phoenix,2,hyperqueue,dryrun-plots/synthetic-monitor-tree/phoenix/rep2/hyperqueue,1.2499469100766711,36,900.0,29.458607,736.465175,40,2.3104399656587176,"benchmark-user sdiag row, attributed by UID; valid for every backend including HyperQueue, Flux, and local"
phoenix,2,hyperqueue,dryrun-plots/synthetic-monitor-tree/phoenix/rep2/hyperqueue,1.3332802434100046,39,975.0,31.422514,785.56285,40,2.3104399656587176,"benchmark-user sdiag row, attributed by UID; valid for every backend including HyperQueue, Flux, and local"
phoenix,2,hyperqueue,dryrun-plots/synthetic-monitor-tree/phoenix/rep2/hyperqueue,1.4166135767433379,41,1025.0,33.386421,834.660525,40,2.3104399656587176,"benchmark-user sdiag row, attributed by UID; valid for every backend including HyperQueue, Flux, and local"
phoenix,2,hyperqueue,dryrun-plots/synthetic-monitor-tree/phoenix/rep2/hyperqueue,1.4999469100766711,44,1100.0,35.350328,883.7582,40,2.3104399656587176,"benchmark-user sdiag row, attributed by UID; valid for every backend including HyperQueue, Flux, and local"
phoenix,2,hyperqueue,dryrun-plots/synthetic-monitor-tree/phoenix/rep2/hyperqueue,1.5832802434100046,46,1150.0,37.314235,932.855875,40,2.3104399656587176,"benchmark-user sdiag row, attributed by UID; valid for every backend including HyperQueue, Flux, and local"
phoenix,2,hyperqueue,dryrun-plots/synthetic-monitor-tree/phoenix/rep2/hyperqueue,1.6666135767433379,49,1225.0,39.278143,981.953575,40,2.3104399656587176,"benchmark-user sdiag row, attributed by UID; valid for every backend including HyperQueue, Flux, and local"
phoenix,2,hyperqueue,dryrun-plots/synthetic-monitor-tree/phoenix/rep2/hyperqueue,1.7499469100766711,51,1275.0,41.24205,1031.05125,40,2.3104399656587176,"benchmark-user sdiag row, attributed by UID; valid for every backend including HyperQueue, Flux, and local"
phoenix,2,hyperqueue,dryrun-plots/synthetic-monitor-tree/phoenix/rep2/hyperqueue,1.8332802434100046,53,1325.0,43.205957,1080.148925,40,2.3104399656587176,"benchmark-user sdiag row, attributed by UID; valid for every backend including HyperQueue, Flux, and local"
phoenix,2,hyperqueue,dryrun-plots/synthetic-monitor-tree/phoenix/rep2/hyperqueue,1.9166135767433379,56,1400.0,45.169864,1129.2466,40,2.3104399656587176,"benchmark-user sdiag row, attributed by UID; valid for every backend including HyperQueue, Flux, and local"
phoenix,2,hyperqueue,dryrun-plots/synthetic-monitor-tree/phoenix/rep2/hyperqueue,1.9999469100766711,58,1450.0,47.133771,1178.3442750000002,40,2.3104399656587176,"benchmark-user sdiag row, attributed by UID; valid for every backend including HyperQueue, Flux, and local"
phoenix,2,hyperqueue,dryrun-plots/synthetic-monitor-tree/phoenix/rep2/hyperqueue,2.0832802434100044,61,1525.0,49.097678,1227.4419500000001,40,2.3104399656587176,"benchmark-user sdiag row, attributed by UID; valid for every backend including HyperQueue, Flux, and local"
phoenix,2,hyperqueue,dryrun-plots/synthetic-monitor-tree/phoenix/rep2/hyperqueue,2.166613576743338,63,1575.0,51.061586,1276.53965,40,2.3104399656587176,"benchmark-user sdiag row, attributed by UID; valid for every backend including HyperQueue, Flux, and local"
phoenix,2,hyperqueue,dryrun-plots/synthetic-monitor-tree/phoenix/rep2/hyperqueue,2.2499469100766714,66,1650.0,53.025493,1325.637325,40,2.3104399656587176,"benchmark-user sdiag row, attributed by UID; valid for every backend including HyperQueue, Flux, and local"
phoenix,2,hyperqueue,dryrun-plots/synthetic-monitor-tree/phoenix/rep2/hyperqueue,2.33266244120068,68,1700.0,54.449881,1361.247025,40,2.3104399656587176,"benchmark-user sdiag row, attributed by UID; valid for every backend including HyperQueue, Flux, and local"
phoenix,2,flux,dryrun-plots/synthetic-monitor-tree/phoenix/rep2/flux,-0.0013888887564341228,0,0.0,0.0,0.0,40,2.2941341912084154,"benchmark-user sdiag row, attributed by UID; valid for every backend including HyperQueue, Flux, and local"
phoenix,2,flux,dryrun-plots/synthetic-monitor-tree/phoenix/rep2/flux,0.08311780234177907,3,75.0,2.764637,69.115925,40,2.2941341912084154,"benchmark-user sdiag row, attributed by UID; valid for every backend including HyperQueue, Flux, and local"
phoenix,2,flux,dryrun-plots/synthetic-monitor-tree/phoenix/rep2/flux,0.1664511356751124,6,150.0,5.529275,138.231875,40,2.2941341912084154,"benchmark-user sdiag row, attributed by UID; valid for every backend including HyperQueue, Flux, and local"
phoenix,2,flux,dryrun-plots/synthetic-monitor-tree/phoenix/rep2/flux,0.24978446900844575,10,250.0,8.293913,207.347825,40,2.2941341912084154,"benchmark-user sdiag row, attributed by UID; valid for every backend including HyperQueue, Flux, and local"
phoenix,2,flux,dryrun-plots/synthetic-monitor-tree/phoenix/rep2/flux,0.33311780234177907,13,325.0,11.05855,276.46375,40,2.2941341912084154,"benchmark-user sdiag row, attributed by UID; valid for every backend including HyperQueue, Flux, and local"
phoenix,2,flux,dryrun-plots/synthetic-monitor-tree/phoenix/rep2/flux,0.4164511356751124,17,425.0,13.823188,345.5797,40,2.2941341912084154,"benchmark-user sdiag row, attributed by UID; valid for every backend including HyperQueue, Flux, and local"
phoenix,2,flux,dryrun-plots/synthetic-monitor-tree/phoenix/rep2/flux,0.49978446900844575,20,500.0,16.587826,414.69565,40,2.2941341912084154,"benchmark-user sdiag row, attributed by UID; valid for every backend including HyperQueue, Flux, and local"
phoenix,2,flux,dryrun-plots/synthetic-monitor-tree/phoenix/rep2/flux,0.5831178023417791,24,600.0,19.352464,483.81160000000006,40,2.2941341912084154,"benchmark-user sdiag row, attributed by UID; valid for every backend including HyperQueue, Flux, and local"
phoenix,2,flux,dryrun-plots/synthetic-monitor-tree/phoenix/rep2/flux,0.6664511356751124,27,675.0,22.117101,552.9275250000001,40,2.2941341912084154,"benchmark-user sdiag row, attributed by UID; valid for every backend including HyperQueue, Flux, and local"
phoenix,2,flux,dryrun-plots/synthetic-monitor-tree/phoenix/rep2/flux,0.7497844690084458,31,775.0,24.881739,622.043475,40,2.2941341912084154,"benchmark-user sdiag row, attributed by UID; valid for every backend including HyperQueue, Flux, and local"
phoenix,2,flux,dryrun-plots/synthetic-monitor-tree/phoenix/rep2/flux,0.8331178023417791,34,850.0,27.646377,691.159425,40,2.2941341912084154,"benchmark-user sdiag row, attributed by UID; valid for every backend including HyperQueue, Flux, and local"
phoenix,2,flux,dryrun-plots/synthetic-monitor-tree/phoenix/rep2/flux,0.9164511356751124,37,925.0,30.411015,760.2753749999999,40,2.2941341912084154,"benchmark-user sdiag row, attributed by UID; valid for every backend including HyperQueue, Flux, and local"
phoenix,2,flux,dryrun-plots/synthetic-monitor-tree/phoenix/rep2/flux,0.9997844690084458,41,1025.0,33.175652,829.3913,40,2.2941341912084154,"benchmark-user sdiag row, attributed by UID; valid for every backend including HyperQueue, Flux, and local"
phoenix,2,flux,dryrun-plots/synthetic-monitor-tree/phoenix/rep2/flux,1.0831178023417791,44,1100.0,35.94029,898.5072499999999,40,2.2941341912084154,"benchmark-user sdiag row, attributed by UID; valid for every backend including HyperQueue, Flux, and local"
phoenix,2,flux,dryrun-plots/synthetic-monitor-tree/phoenix/rep2/flux,1.1664511356751124,48,1200.0,38.704928,967.6232000000001,40,2.2941341912084154,"benchmark-user sdiag row, attributed by UID; valid for every backend including HyperQueue, Flux, and local"
phoenix,2,flux,dryrun-plots/synthetic-monitor-tree/phoenix/rep2/flux,1.2497844690084456,51,1275.0,41.469566,1036.73915,40,2.2941341912084154,"benchmark-user sdiag row, attributed by UID; valid for every backend including HyperQueue, Flux, and local"
phoenix,2,flux,dryrun-plots/synthetic-monitor-tree/phoenix/rep2/flux,1.3331178023417791,55,1375.0,44.234203,1105.855075,40,2.2941341912084154,"benchmark-user sdiag row, attributed by UID; valid for every backend including HyperQueue, Flux, and local"
phoenix,2,flux,dryrun-plots/synthetic-monitor-tree/phoenix/rep2/flux,1.4164511356751124,58,1450.0,46.998841,1174.971025,40,2.2941341912084154,"benchmark-user sdiag row, attributed by UID; valid for every backend including HyperQueue, Flux, and local"
phoenix,2,flux,dryrun-plots/synthetic-monitor-tree/phoenix/rep2/flux,1.4997844690084456,62,1550.0,49.763479,1244.086975,40,2.2941341912084154,"benchmark-user sdiag row, attributed by UID; valid for every backend including HyperQueue, Flux, and local"
phoenix,2,flux,dryrun-plots/synthetic-monitor-tree/phoenix/rep2/flux,1.5831178023417791,65,1625.0,52.528117,1313.202925,40,2.2941341912084154,"benchmark-user sdiag row, attributed by UID; valid for every backend including HyperQueue, Flux, and local"
phoenix,2,flux,dryrun-plots/synthetic-monitor-tree/phoenix/rep2/flux,1.6664511356751124,69,1725.0,55.292754,1382.31885,40,2.2941341912084154,"benchmark-user sdiag row, attributed by UID; valid for every backend including HyperQueue, Flux, and local"
phoenix,2,flux,dryrun-plots/synthetic-monitor-tree/phoenix/rep2/flux,1.7497844690084456,72,1800.0,58.057392,1451.4348,40,2.2941341912084154,"benchmark-user sdiag row, attributed by UID; valid for every backend including HyperQueue, Flux, and local"
phoenix,2,flux,dryrun-plots/synthetic-monitor-tree/phoenix/rep2/flux,1.8331178023417791,75,1875.0,60.82203,1520.5507499999999,40,2.2941341912084154,"benchmark-user sdiag row, attributed by UID; valid for every backend including HyperQueue, Flux, and local"
phoenix,2,flux,dryrun-plots/synthetic-monitor-tree/phoenix/rep2/flux,1.9164511356751124,79,1975.0,63.586668,1589.6667,40,2.2941341912084154,"benchmark-user sdiag row, attributed by UID; valid for every backend including HyperQueue, Flux, and local"
phoenix,2,flux,dryrun-plots/synthetic-monitor-tree/phoenix/rep2/flux,1.9997844690084456,82,2050.0,66.351305,1658.7826249999998,40,2.2941341912084154,"benchmark-user sdiag row, attributed by UID; valid for every backend including HyperQueue, Flux, and local"
phoenix,2,flux,dryrun-plots/synthetic-monitor-tree/phoenix/rep2/flux,2.083117802341779,86,2150.0,69.115943,1727.898575,40,2.2941341912084154,"benchmark-user sdiag row, attributed by UID; valid for every backend including HyperQueue, Flux, and local"
phoenix,2,flux,dryrun-plots/synthetic-monitor-tree/phoenix/rep2/flux,2.1664511356751124,89,2225.0,71.880581,1797.014525,40,2.2941341912084154,"benchmark-user sdiag row, attributed by UID; valid for every backend including HyperQueue, Flux, and local"
phoenix,2,flux,dryrun-plots/synthetic-monitor-tree/phoenix/rep2/flux,2.249784469008446,93,2325.0,74.645219,1866.130475,40,2.2941341912084154,"benchmark-user sdiag row, attributed by UID; valid for every backend including HyperQueue, Flux, and local"
phoenix,2,flux,dryrun-plots/synthetic-monitor-tree/phoenix/rep2/flux,2.3163565154208077,95,2375.0,76.109403,1902.735075,40,2.2941341912084154,"benchmark-user sdiag row, attributed by UID; valid for every backend including HyperQueue, Flux, and local"
phoenix,2,local,dryrun-plots/synthetic-monitor-tree/phoenix/rep2/local,-0.001388888955116272,0,0.0,0.0,0.0,40,4.924630731277996,"benchmark-user sdiag row, attributed by UID; valid for every backend including HyperQueue, Flux, and local"
phoenix,2,local,dryrun-plots/synthetic-monitor-tree/phoenix/rep2/local,0.08315017574363284,0,0.0,0.322185,8.054625,40,4.924630731277996,"benchmark-user sdiag row, attributed by UID; valid for every backend including HyperQueue, Flux, and local"
phoenix,2,local,dryrun-plots/synthetic-monitor-tree/phoenix/rep2/local,0.16648350907696619,0,0.0,0.644371,16.109275,40,4.924630731277996,"benchmark-user sdiag row, attributed by UID; valid for every backend including HyperQueue, Flux, and local"
phoenix,2,local,dryrun-plots/synthetic-monitor-tree/phoenix/rep2/local,0.2498168424102995,1,25.0,0.966557,24.163925,40,4.924630731277996,"benchmark-user sdiag row, attributed by UID; valid for every backend including HyperQueue, Flux, and local"
phoenix,2,local,dryrun-plots/synthetic-monitor-tree/phoenix/rep2/local,0.33315017574363287,1,25.0,1.288743,32.218575,40,4.924630731277996,"benchmark-user sdiag row, attributed by UID; valid for every backend including HyperQueue, Flux, and local"
phoenix,2,local,dryrun-plots/synthetic-monitor-tree/phoenix/rep2/local,0.4164835090769662,1,25.0,1.610929,40.273225000000004,40,4.924630731277996,"benchmark-user sdiag row, attributed by UID; valid for every backend including HyperQueue, Flux, and local"
phoenix,2,local,dryrun-plots/synthetic-monitor-tree/phoenix/rep2/local,0.4998168424102995,2,50.0,1.933115,48.327875,40,4.924630731277996,"benchmark-user sdiag row, attributed by UID; valid for every backend including HyperQueue, Flux, and local"
phoenix,2,local,dryrun-plots/synthetic-monitor-tree/phoenix/rep2/local,0.5831501757436328,2,50.0,2.255301,56.382524999999994,40,4.924630731277996,"benchmark-user sdiag row, attributed by UID; valid for every backend including HyperQueue, Flux, and local"
phoenix,2,local,dryrun-plots/synthetic-monitor-tree/phoenix/rep2/local,0.6664835090769662,3,75.0,2.577487,64.437175,40,4.924630731277996,"benchmark-user sdiag row, attributed by UID; valid for every backend including HyperQueue, Flux, and local"
phoenix,2,local,dryrun-plots/synthetic-monitor-tree/phoenix/rep2/local,0.7498168424102996,3,75.0,2.899673,72.491825,40,4.924630731277996,"benchmark-user sdiag row, attributed by UID; valid for every backend including HyperQueue, Flux, and local"
phoenix,2,local,dryrun-plots/synthetic-monitor-tree/phoenix/rep2/local,0.8331501757436328,3,75.0,3.221859,80.546475,40,4.924630731277996,"benchmark-user sdiag row, attributed by UID; valid for every backend including HyperQueue, Flux, and local"
phoenix,2,local,dryrun-plots/synthetic-monitor-tree/phoenix/rep2/local,0.9164835090769662,4,100.0,3.544045,88.601125,40,4.924630731277996,"benchmark-user sdiag row, attributed by UID; valid for every backend including HyperQueue, Flux, and local"
phoenix,2,local,dryrun-plots/synthetic-monitor-tree/phoenix/rep2/local,0.9998168424102996,4,100.0,3.86623,96.65575,40,4.924630731277996,"benchmark-user sdiag row, attributed by UID; valid for every backend including HyperQueue, Flux, and local"
phoenix,2,local,dryrun-plots/synthetic-monitor-tree/phoenix/rep2/local,1.0831501757436328,5,125.0,4.188416,104.7104,40,4.924630731277996,"benchmark-user sdiag row, attributed by UID; valid for every backend including HyperQueue, Flux, and local"
phoenix,2,local,dryrun-plots/synthetic-monitor-tree/phoenix/rep2/local,1.166483509076966,5,125.0,4.510602,112.76504999999999,40,4.924630731277996,"benchmark-user sdiag row, attributed by UID; valid for every backend including HyperQueue, Flux, and local"
phoenix,2,local,dryrun-plots/synthetic-monitor-tree/phoenix/rep2/local,1.2498168424102996,5,125.0,4.832788,120.8197,40,4.924630731277996,"benchmark-user sdiag row, attributed by UID; valid for every backend including HyperQueue, Flux, and local"
phoenix,2,local,dryrun-plots/synthetic-monitor-tree/phoenix/rep2/local,1.3331501757436328,6,150.0,5.154974,128.87435,40,4.924630731277996,"benchmark-user sdiag row, attributed by UID; valid for every backend including HyperQueue, Flux, and local"
phoenix,2,local,dryrun-plots/synthetic-monitor-tree/phoenix/rep2/local,1.416483509076966,6,150.0,5.47716,136.929,40,4.924630731277996,"benchmark-user sdiag row, attributed by UID; valid for every backend including HyperQueue, Flux, and local"
phoenix,2,local,dryrun-plots/synthetic-monitor-tree/phoenix/rep2/local,1.4998168424102996,7,175.0,5.799346,144.98365,40,4.924630731277996,"benchmark-user sdiag row, attributed by UID; valid for every backend including HyperQueue, Flux, and local"
phoenix,2,local,dryrun-plots/synthetic-monitor-tree/phoenix/rep2/local,1.5831501757436328,7,175.0,6.121532,153.0383,40,4.924630731277996,"benchmark-user sdiag row, attributed by UID; valid for every backend including HyperQueue, Flux, and local"
phoenix,2,local,dryrun-plots/synthetic-monitor-tree/phoenix/rep2/local,1.666483509076966,7,175.0,6.443718,161.09295,40,4.924630731277996,"benchmark-user sdiag row, attributed by UID; valid for every backend including HyperQueue, Flux, and local"
phoenix,2,local,dryrun-plots/synthetic-monitor-tree/phoenix/rep2/local,1.7498168424102996,8,200.0,6.765904,169.1476,40,4.924630731277996,"benchmark-user sdiag row, attributed by UID; valid for every backend including HyperQueue, Flux, and local"
phoenix,2,local,dryrun-plots/synthetic-monitor-tree/phoenix/rep2/local,1.8331501757436328,8,200.0,7.08809,177.20225,40,4.924630731277996,"benchmark-user sdiag row, attributed by UID; valid for every backend including HyperQueue, Flux, and local"
phoenix,2,local,dryrun-plots/synthetic-monitor-tree/phoenix/rep2/local,1.916483509076966,8,200.0,7.410276,185.2569,40,4.924630731277996,"benchmark-user sdiag row, attributed by UID; valid for every backend including HyperQueue, Flux, and local"
phoenix,2,local,dryrun-plots/synthetic-monitor-tree/phoenix/rep2/local,1.9998168424102996,9,225.0,7.732461,193.311525,40,4.924630731277996,"benchmark-user sdiag row, attributed by UID; valid for every backend including HyperQueue, Flux, and local"
phoenix,2,local,dryrun-plots/synthetic-monitor-tree/phoenix/rep2/local,2.083150175743633,9,225.0,8.054647,201.36617499999997,40,4.924630731277996,"benchmark-user sdiag row, attributed by UID; valid for every backend including HyperQueue, Flux, and local"
phoenix,2,local,dryrun-plots/synthetic-monitor-tree/phoenix/rep2/local,2.1664835090769663,10,250.0,8.376833,209.42082499999998,40,4.924630731277996,"benchmark-user sdiag row, attributed by UID; valid for every backend including HyperQueue, Flux, and local"
phoenix,2,local,dryrun-plots/synthetic-monitor-tree/phoenix/rep2/local,2.2498168424102993,10,250.0,8.699019,217.475475,40,4.924630731277996,"benchmark-user sdiag row, attributed by UID; valid for every backend including HyperQueue, Flux, and local"
phoenix,2,local,dryrun-plots/synthetic-monitor-tree/phoenix/rep2/local,2.333150175743633,10,250.0,9.021205,225.530125,40,4.924630731277996,"benchmark-user sdiag row, attributed by UID; valid for every backend including HyperQueue, Flux, and local"
phoenix,2,local,dryrun-plots/synthetic-monitor-tree/phoenix/rep2/local,2.4164835090769663,11,275.0,9.343391,233.584775,40,4.924630731277996,"benchmark-user sdiag row, attributed by UID; valid for every backend including HyperQueue, Flux, and local"
phoenix,2,local,dryrun-plots/synthetic-monitor-tree/phoenix/rep2/local,2.4998168424102993,11,275.0,9.665577,241.63942500000002,40,4.924630731277996,"benchmark-user sdiag row, attributed by UID; valid for every backend including HyperQueue, Flux, and local"
phoenix,2,local,dryrun-plots/synthetic-monitor-tree/phoenix/rep2/local,2.583150175743633,12,300.0,9.987763,249.69407499999997,40,4.924630731277996,"benchmark-user sdiag row, attributed by UID; valid for every backend including HyperQueue, Flux, and local"
phoenix,2,local,dryrun-plots/synthetic-monitor-tree/phoenix/rep2/local,2.6664835090769663,12,300.0,10.309949,257.748725,40,4.924630731277996,"benchmark-user sdiag row, attributed by UID; valid for every backend including HyperQueue, Flux, and local"
phoenix,2,local,dryrun-plots/synthetic-monitor-tree/phoenix/rep2/local,2.7498168424102993,12,300.0,10.632135,265.803375,40,4.924630731277996,"benchmark-user sdiag row, attributed by UID; valid for every backend including HyperQueue, Flux, and local"
phoenix,2,local,dryrun-plots/synthetic-monitor-tree/phoenix/rep2/local,2.833150175743633,13,325.0,10.954321,273.858025,40,4.924630731277996,"benchmark-user sdiag row, attributed by UID; valid for every backend including HyperQueue, Flux, and local"
phoenix,2,local,dryrun-plots/synthetic-monitor-tree/phoenix/rep2/local,2.9164835090769663,13,325.0,11.276506,281.91265,40,4.924630731277996,"benchmark-user sdiag row, attributed by UID; valid for every backend including HyperQueue, Flux, and local"
phoenix,2,local,dryrun-plots/synthetic-monitor-tree/phoenix/rep2/local,2.9998168424102993,14,350.0,11.598692,289.9673,40,4.924630731277996,"benchmark-user sdiag row, attributed by UID; valid for every backend including HyperQueue, Flux, and local"
phoenix,2,local,dryrun-plots/synthetic-monitor-tree/phoenix/rep2/local,3.083150175743633,14,350.0,11.920878,298.02195,40,4.924630731277996,"benchmark-user sdiag row, attributed by UID; valid for every backend including HyperQueue, Flux, and local"
phoenix,2,local,dryrun-plots/synthetic-monitor-tree/phoenix/rep2/local,3.1664835090769663,14,350.0,12.243064,306.0766,40,4.924630731277996,"benchmark-user sdiag row, attributed by UID; valid for every backend including HyperQueue, Flux, and local"
phoenix,2,local,dryrun-plots/synthetic-monitor-tree/phoenix/rep2/local,3.2498168424102993,15,375.0,12.56525,314.13125,40,4.924630731277996,"benchmark-user sdiag row, attributed by UID; valid for every backend including HyperQueue, Flux, and local"
phoenix,2,local,dryrun-plots/synthetic-monitor-tree/phoenix/rep2/local,3.333150175743633,15,375.0,12.887436,322.1859,40,4.924630731277996,"benchmark-user sdiag row, attributed by UID; valid for every backend including HyperQueue, Flux, and local"
phoenix,2,local,dryrun-plots/synthetic-monitor-tree/phoenix/rep2/local,3.4164835090769663,15,375.0,13.209622,330.24055,40,4.924630731277996,"benchmark-user sdiag row, attributed by UID; valid for every backend including HyperQueue, Flux, and local"
phoenix,2,local,dryrun-plots/synthetic-monitor-tree/phoenix/rep2/local,3.4998168424102993,16,400.0,13.531808,338.2952,40,4.924630731277996,"benchmark-user sdiag row, attributed by UID; valid for every backend including HyperQueue, Flux, and local"
phoenix,2,local,dryrun-plots/synthetic-monitor-tree/phoenix/rep2/local,3.583150175743633,16,400.0,13.853994,346.34985,40,4.924630731277996,"benchmark-user sdiag row, attributed by UID; valid for every backend including HyperQueue, Flux, and local"
phoenix,2,local,dryrun-plots/synthetic-monitor-tree/phoenix/rep2/local,3.6664835090769663,17,425.0,14.17618,354.4045,40,4.924630731277996,"benchmark-user sdiag row, attributed by UID; valid for every backend including HyperQueue, Flux, and local"
phoenix,2,local,dryrun-plots/synthetic-monitor-tree/phoenix/rep2/local,3.7498168424102993,17,425.0,14.498366,362.45915,40,4.924630731277996,"benchmark-user sdiag row, attributed by UID; valid for every backend including HyperQueue, Flux, and local"
phoenix,2,local,dryrun-plots/synthetic-monitor-tree/phoenix/rep2/local,3.833150175743633,17,425.0,14.820552,370.5138,40,4.924630731277996,"benchmark-user sdiag row, attributed by UID; valid for every backend including HyperQueue, Flux, and local"
phoenix,2,local,dryrun-plots/synthetic-monitor-tree/phoenix/rep2/local,3.9164835090769663,18,450.0,15.142737,378.568425,40,4.924630731277996,"benchmark-user sdiag row, attributed by UID; valid for every backend including HyperQueue, Flux, and local"
phoenix,2,local,dryrun-plots/synthetic-monitor-tree/phoenix/rep2/local,3.9998168424102993,18,450.0,15.464923,386.62307500000003,40,4.924630731277996,"benchmark-user sdiag row, attributed by UID; valid for every backend including HyperQueue, Flux, and local"
phoenix,2,local,dryrun-plots/synthetic-monitor-tree/phoenix/rep2/local,4.083150175743633,19,475.0,15.787109,394.67772499999995,40,4.924630731277996,"benchmark-user sdiag row, attributed by UID; valid for every backend including HyperQueue, Flux, and local"
phoenix,2,local,dryrun-plots/synthetic-monitor-tree/phoenix/rep2/local,4.166483509076966,19,475.0,16.109295,402.732375,40,4.924630731277996,"benchmark-user sdiag row, attributed by UID; valid for every backend including HyperQueue, Flux, and local"
phoenix,2,local,dryrun-plots/synthetic-monitor-tree/phoenix/rep2/local,4.2498168424103,19,475.0,16.431481,410.787025,40,4.924630731277996,"benchmark-user sdiag row, attributed by UID; valid for every backend including HyperQueue, Flux, and local"
phoenix,2,local,dryrun-plots/synthetic-monitor-tree/phoenix/rep2/local,4.333150175743633,20,500.0,16.753667,418.841675,40,4.924630731277996,"benchmark-user sdiag row, attributed by UID; valid for every backend including HyperQueue, Flux, and local"
phoenix,2,local,dryrun-plots/synthetic-monitor-tree/phoenix/rep2/local,4.416483509076966,20,500.0,17.075853,426.896325,40,4.924630731277996,"benchmark-user sdiag row, attributed by UID; valid for every backend including HyperQueue, Flux, and local"
phoenix,2,local,dryrun-plots/synthetic-monitor-tree/phoenix/rep2/local,4.4998168424103,21,525.0,17.398039,434.950975,40,4.924630731277996,"benchmark-user sdiag row, attributed by UID; valid for every backend including HyperQueue, Flux, and local"
phoenix,2,local,dryrun-plots/synthetic-monitor-tree/phoenix/rep2/local,4.583150175743633,21,525.0,17.720225,443.005625,40,4.924630731277996,"benchmark-user sdiag row, attributed by UID; valid for every backend including HyperQueue, Flux, and local"
phoenix,2,local,dryrun-plots/synthetic-monitor-tree/phoenix/rep2/local,4.666483509076966,21,525.0,18.042411,451.06027500000005,40,4.924630731277996,"benchmark-user sdiag row, attributed by UID; valid for every backend including HyperQueue, Flux, and local"
phoenix,2,local,dryrun-plots/synthetic-monitor-tree/phoenix/rep2/local,4.7498168424103,22,550.0,18.364597,459.11492499999997,40,4.924630731277996,"benchmark-user sdiag row, attributed by UID; valid for every backend including HyperQueue, Flux, and local"
phoenix,2,local,dryrun-plots/synthetic-monitor-tree/phoenix/rep2/local,4.833150175743633,22,550.0,18.686783,467.16957499999995,40,4.924630731277996,"benchmark-user sdiag row, attributed by UID; valid for every backend including HyperQueue, Flux, and local"
phoenix,2,local,dryrun-plots/synthetic-monitor-tree/phoenix/rep2/local,4.916483509076966,22,550.0,19.008968,475.2242,40,4.924630731277996,"benchmark-user sdiag row, attributed by UID; valid for every backend including HyperQueue, Flux, and local"
phoenix,2,local,dryrun-plots/synthetic-monitor-tree/phoenix/rep2/local,4.946852996548017,23,575.0,19.03976,475.994,40,4.924630731277996,"benchmark-user sdiag row, attributed by UID; valid for every backend including HyperQueue, Flux, and local"
phoenix,2,native,dryrun-plots/synthetic-monitor-tree/phoenix/rep2/native,-0.001388888955116272,0,0.0,0.0,0.0,40,3.1671727346711687,"benchmark-user sdiag row, attributed by UID; valid for every backend including HyperQueue, Flux, and local"
phoenix,2,native,dryrun-plots/synthetic-monitor-tree/phoenix/rep2/native,0.08324162357383304,26,650.0,21.316465,532.9116250000001,40,3.1671727346711687,"benchmark-user sdiag row, attributed by UID; valid for every backend including HyperQueue, Flux, and local"
phoenix,2,native,dryrun-plots/synthetic-monitor-tree/phoenix/rep2/native,0.16657495690716637,53,1325.0,42.63293,1065.8232500000001,40,3.1671727346711687,"benchmark-user sdiag row, attributed by UID; valid for every backend including HyperQueue, Flux, and local"
phoenix,2,native,dryrun-plots/synthetic-monitor-tree/phoenix/rep2/native,0.2499082902404997,79,1975.0,63.949395,1598.734875,40,3.1671727346711687,"benchmark-user sdiag row, attributed by UID; valid for every backend including HyperQueue, Flux, and local"
phoenix,2,native,dryrun-plots/synthetic-monitor-tree/phoenix/rep2/native,0.333241623573833,106,2650.0,85.265861,2131.646525,40,3.1671727346711687,"benchmark-user sdiag row, attributed by UID; valid for every backend including HyperQueue, Flux, and local"
phoenix,2,native,dryrun-plots/synthetic-monitor-tree/phoenix/rep2/native,0.4165749569071664,133,3325.0,106.582326,2664.55815,40,3.1671727346711687,"benchmark-user sdiag row, attributed by UID; valid for every backend including HyperQueue, Flux, and local"
phoenix,2,native,dryrun-plots/synthetic-monitor-tree/phoenix/rep2/native,0.4999082902404997,159,3975.0,127.898791,3197.469775,40,3.1671727346711687,"benchmark-user sdiag row, attributed by UID; valid for every backend including HyperQueue, Flux, and local"
phoenix,2,native,dryrun-plots/synthetic-monitor-tree/phoenix/rep2/native,0.583241623573833,186,4650.0,149.215257,3730.381425,40,3.1671727346711687,"benchmark-user sdiag row, attributed by UID; valid for every backend including HyperQueue, Flux, and local"
phoenix,2,native,dryrun-plots/synthetic-monitor-tree/phoenix/rep2/native,0.6665749569071664,213,5325.0,170.531722,4263.29305,40,3.1671727346711687,"benchmark-user sdiag row, attributed by UID; valid for every backend including HyperQueue, Flux, and local"
phoenix,2,native,dryrun-plots/synthetic-monitor-tree/phoenix/rep2/native,0.7499082902404997,239,5975.0,191.848187,4796.204675,40,3.1671727346711687,"benchmark-user sdiag row, attributed by UID; valid for every backend including HyperQueue, Flux, and local"
phoenix,2,native,dryrun-plots/synthetic-monitor-tree/phoenix/rep2/native,0.833241623573833,266,6650.0,213.164652,5329.1163,40,3.1671727346711687,"benchmark-user sdiag row, attributed by UID; valid for every backend including HyperQueue, Flux, and local"
phoenix,2,native,dryrun-plots/synthetic-monitor-tree/phoenix/rep2/native,0.9165749569071664,292,7300.0,234.481118,5862.027950000001,40,3.1671727346711687,"benchmark-user sdiag row, attributed by UID; valid for every backend including HyperQueue, Flux, and local"
phoenix,2,native,dryrun-plots/synthetic-monitor-tree/phoenix/rep2/native,0.9999082902404997,319,7975.0,255.797583,6394.939575,40,3.1671727346711687,"benchmark-user sdiag row, attributed by UID; valid for every backend including HyperQueue, Flux, and local"
phoenix,2,native,dryrun-plots/synthetic-monitor-tree/phoenix/rep2/native,1.0832416235738331,346,8650.0,277.114048,6927.851200000001,40,3.1671727346711687,"benchmark-user sdiag row, attributed by UID; valid for every backend including HyperQueue, Flux, and local"
phoenix,2,native,dryrun-plots/synthetic-monitor-tree/phoenix/rep2/native,1.1665749569071664,372,9300.0,298.430514,7460.76285,40,3.1671727346711687,"benchmark-user sdiag row, attributed by UID; valid for every backend including HyperQueue, Flux, and local"
phoenix,2,native,dryrun-plots/synthetic-monitor-tree/phoenix/rep2/native,1.2499082902404997,399,9975.0,319.746979,7993.674475,40,3.1671727346711687,"benchmark-user sdiag row, attributed by UID; valid for every backend including HyperQueue, Flux, and local"
phoenix,2,native,dryrun-plots/synthetic-monitor-tree/phoenix/rep2/native,1.3332416235738331,426,10650.0,341.063444,8526.5861,40,3.1671727346711687,"benchmark-user sdiag row, attributed by UID; valid for every backend including HyperQueue, Flux, and local"
phoenix,2,native,dryrun-plots/synthetic-monitor-tree/phoenix/rep2/native,1.4165749569071664,452,11300.0,362.379909,9059.497725,40,3.1671727346711687,"benchmark-user sdiag row, attributed by UID; valid for every backend including HyperQueue, Flux, and local"
phoenix,2,native,dryrun-plots/synthetic-monitor-tree/phoenix/rep2/native,1.4999082902404997,479,11975.0,383.696375,9592.409375,40,3.1671727346711687,"benchmark-user sdiag row, attributed by UID; valid for every backend including HyperQueue, Flux, and local"
phoenix,2,native,dryrun-plots/synthetic-monitor-tree/phoenix/rep2/native,1.5832416235738331,505,12625.0,405.01284,10125.321,40,3.1671727346711687,"benchmark-user sdiag row, attributed by UID; valid for every backend including HyperQueue, Flux, and local"
phoenix,2,native,dryrun-plots/synthetic-monitor-tree/phoenix/rep2/native,1.6665749569071664,532,13300.0,426.329305,10658.232624999999,40,3.1671727346711687,"benchmark-user sdiag row, attributed by UID; valid for every backend including HyperQueue, Flux, and local"
phoenix,2,native,dryrun-plots/synthetic-monitor-tree/phoenix/rep2/native,1.7499082902404997,559,13975.0,447.645771,11191.144275,40,3.1671727346711687,"benchmark-user sdiag row, attributed by UID; valid for every backend including HyperQueue, Flux, and local"
phoenix,2,native,dryrun-plots/synthetic-monitor-tree/phoenix/rep2/native,1.8332416235738331,585,14625.0,468.962236,11724.055900000001,40,3.1671727346711687,"benchmark-user sdiag row, attributed by UID; valid for every backend including HyperQueue, Flux, and local"
phoenix,2,native,dryrun-plots/synthetic-monitor-tree/phoenix/rep2/native,1.9165749569071664,612,15300.0,490.278701,12256.967525,40,3.1671727346711687,"benchmark-user sdiag row, attributed by UID; valid for every backend including HyperQueue, Flux, and local"
phoenix,2,native,dryrun-plots/synthetic-monitor-tree/phoenix/rep2/native,1.9999082902404997,639,15975.0,511.595166,12789.87915,40,3.1671727346711687,"benchmark-user sdiag row, attributed by UID; valid for every backend including HyperQueue, Flux, and local"
phoenix,2,native,dryrun-plots/synthetic-monitor-tree/phoenix/rep2/native,2.083241623573833,665,16625.0,532.911632,13322.7908,40,3.1671727346711687,"benchmark-user sdiag row, attributed by UID; valid for every backend including HyperQueue, Flux, and local"
phoenix,2,native,dryrun-plots/synthetic-monitor-tree/phoenix/rep2/native,2.166574956907166,692,17300.0,554.228097,13855.702425000001,40,3.1671727346711687,"benchmark-user sdiag row, attributed by UID; valid for every backend including HyperQueue, Flux, and local"
phoenix,2,native,dryrun-plots/synthetic-monitor-tree/phoenix/rep2/native,2.2499082902404997,718,17950.0,575.544562,14388.61405,40,3.1671727346711687,"benchmark-user sdiag row, attributed by UID; valid for every backend including HyperQueue, Flux, and local"
phoenix,2,native,dryrun-plots/synthetic-monitor-tree/phoenix/rep2/native,2.333241623573833,745,18625.0,596.861028,14921.5257,40,3.1671727346711687,"benchmark-user sdiag row, attributed by UID; valid for every backend including HyperQueue, Flux, and local"
phoenix,2,native,dryrun-plots/synthetic-monitor-tree/phoenix/rep2/native,2.416574956907166,772,19300.0,618.177493,15454.437325,40,3.1671727346711687,"benchmark-user sdiag row, attributed by UID; valid for every backend including HyperQueue, Flux, and local"
phoenix,2,native,dryrun-plots/synthetic-monitor-tree/phoenix/rep2/native,2.4999082902404997,798,19950.0,639.493958,15987.34895,40,3.1671727346711687,"benchmark-user sdiag row, attributed by UID; valid for every backend including HyperQueue, Flux, and local"
phoenix,2,native,dryrun-plots/synthetic-monitor-tree/phoenix/rep2/native,2.583241623573833,825,20625.0,660.810423,16520.260575,40,3.1671727346711687,"benchmark-user sdiag row, attributed by UID; valid for every backend including HyperQueue, Flux, and local"
phoenix,2,native,dryrun-plots/synthetic-monitor-tree/phoenix/rep2/native,2.666574956907166,852,21300.0,682.126889,17053.172225,40,3.1671727346711687,"benchmark-user sdiag row, attributed by UID; valid for every backend including HyperQueue, Flux, and local"
phoenix,2,native,dryrun-plots/synthetic-monitor-tree/phoenix/rep2/native,2.7499082902404997,878,21950.0,703.443354,17586.08385,40,3.1671727346711687,"benchmark-user sdiag row, attributed by UID; valid for every backend including HyperQueue, Flux, and local"
phoenix,2,native,dryrun-plots/synthetic-monitor-tree/phoenix/rep2/native,2.833241623573833,905,22625.0,724.759819,18118.995475,40,3.1671727346711687,"benchmark-user sdiag row, attributed by UID; valid for every backend including HyperQueue, Flux, and local"
phoenix,2,native,dryrun-plots/synthetic-monitor-tree/phoenix/rep2/native,2.916574956907166,931,23275.0,746.076285,18651.907124999998,40,3.1671727346711687,"benchmark-user sdiag row, attributed by UID; valid for every backend including HyperQueue, Flux, and local"
phoenix,2,native,dryrun-plots/synthetic-monitor-tree/phoenix/rep2/native,2.9999082902404997,958,23950.0,767.39275,19184.81875,40,3.1671727346711687,"benchmark-user sdiag row, attributed by UID; valid for every backend including HyperQueue, Flux, and local"
phoenix,2,native,dryrun-plots/synthetic-monitor-tree/phoenix/rep2/native,3.083241623573833,985,24625.0,788.709215,19717.730375,40,3.1671727346711687,"benchmark-user sdiag row, attributed by UID; valid for every backend including HyperQueue, Flux, and local"
phoenix,2,native,dryrun-plots/synthetic-monitor-tree/phoenix/rep2/native,3.166574956907166,1011,25275.0,810.02568,20250.642,40,3.1671727346711687,"benchmark-user sdiag row, attributed by UID; valid for every backend including HyperQueue, Flux, and local"
phoenix,2,native,dryrun-plots/synthetic-monitor-tree/phoenix/rep2/native,3.1893950119283465,1012,25300.0,810.155146,20253.87865,40,3.1671727346711687,"benchmark-user sdiag row, attributed by UID; valid for every backend including HyperQueue, Flux, and local"
phoenix,3,hyperqueue,dryrun-plots/synthetic-monitor-tree/phoenix/rep3/hyperqueue,-0.001388888888888889,0,0.0,0.0,0.0,40,2.0404599450031915,"benchmark-user sdiag row, attributed by UID; valid for every backend including HyperQueue, Flux, and local"
phoenix,3,hyperqueue,dryrun-plots/synthetic-monitor-tree/phoenix/rep3/hyperqueue,0.08329105608993106,2,50.0,2.20964,55.24099999999999,40,2.0404599450031915,"benchmark-user sdiag row, attributed by UID; valid for every backend including HyperQueue, Flux, and local"
phoenix,3,hyperqueue,dryrun-plots/synthetic-monitor-tree/phoenix/rep3/hyperqueue,0.1666243894232644,5,125.0,4.419281,110.482025,40,2.0404599450031915,"benchmark-user sdiag row, attributed by UID; valid for every backend including HyperQueue, Flux, and local"
phoenix,3,hyperqueue,dryrun-plots/synthetic-monitor-tree/phoenix/rep3/hyperqueue,0.24995772275659772,8,200.0,6.628921,165.723025,40,2.0404599450031915,"benchmark-user sdiag row, attributed by UID; valid for every backend including HyperQueue, Flux, and local"
phoenix,3,hyperqueue,dryrun-plots/synthetic-monitor-tree/phoenix/rep3/hyperqueue,0.33329105608993104,10,250.0,8.838562,220.96405,40,2.0404599450031915,"benchmark-user sdiag row, attributed by UID; valid for every backend including HyperQueue, Flux, and local"
phoenix,3,hyperqueue,dryrun-plots/synthetic-monitor-tree/phoenix/rep3/hyperqueue,0.4166243894232644,13,325.0,11.048203,276.205075,40,2.0404599450031915,"benchmark-user sdiag row, attributed by UID; valid for every backend including HyperQueue, Flux, and local"
phoenix,3,hyperqueue,dryrun-plots/synthetic-monitor-tree/phoenix/rep3/hyperqueue,0.4999577227565977,16,400.0,13.257843,331.446075,40,2.0404599450031915,"benchmark-user sdiag row, attributed by UID; valid for every backend including HyperQueue, Flux, and local"
phoenix,3,hyperqueue,dryrun-plots/synthetic-monitor-tree/phoenix/rep3/hyperqueue,0.583291056089931,19,475.0,15.467484,386.68710000000004,40,2.0404599450031915,"benchmark-user sdiag row, attributed by UID; valid for every backend including HyperQueue, Flux, and local"
phoenix,3,hyperqueue,dryrun-plots/synthetic-monitor-tree/phoenix/rep3/hyperqueue,0.6666243894232644,21,525.0,17.677125,441.928125,40,2.0404599450031915,"benchmark-user sdiag row, attributed by UID; valid for every backend including HyperQueue, Flux, and local"
phoenix,3,hyperqueue,dryrun-plots/synthetic-monitor-tree/phoenix/rep3/hyperqueue,0.7499577227565978,24,600.0,19.886765,497.169125,40,2.0404599450031915,"benchmark-user sdiag row, attributed by UID; valid for every backend including HyperQueue, Flux, and local"
phoenix,3,hyperqueue,dryrun-plots/synthetic-monitor-tree/phoenix/rep3/hyperqueue,0.833291056089931,27,675.0,22.096406,552.41015,40,2.0404599450031915,"benchmark-user sdiag row, attributed by UID; valid for every backend including HyperQueue, Flux, and local"
phoenix,3,hyperqueue,dryrun-plots/synthetic-monitor-tree/phoenix/rep3/hyperqueue,0.9166243894232644,30,750.0,24.306047,607.651175,40,2.0404599450031915,"benchmark-user sdiag row, attributed by UID; valid for every backend including HyperQueue, Flux, and local"
phoenix,3,hyperqueue,dryrun-plots/synthetic-monitor-tree/phoenix/rep3/hyperqueue,0.9999577227565978,32,800.0,26.515687,662.892175,40,2.0404599450031915,"benchmark-user sdiag row, attributed by UID; valid for every backend including HyperQueue, Flux, and local"
phoenix,3,hyperqueue,dryrun-plots/synthetic-monitor-tree/phoenix/rep3/hyperqueue,1.0832910560899311,35,875.0,28.725328,718.1332,40,2.0404599450031915,"benchmark-user sdiag row, attributed by UID; valid for every backend including HyperQueue, Flux, and local"
phoenix,3,hyperqueue,dryrun-plots/synthetic-monitor-tree/phoenix/rep3/hyperqueue,1.1666243894232644,38,950.0,30.934969,773.374225,40,2.0404599450031915,"benchmark-user sdiag row, attributed by UID; valid for every backend including HyperQueue, Flux, and local"
phoenix,3,hyperqueue,dryrun-plots/synthetic-monitor-tree/phoenix/rep3/hyperqueue,1.2499577227565977,41,1025.0,33.144609,828.615225,40,2.0404599450031915,"benchmark-user sdiag row, attributed by UID; valid for every backend including HyperQueue, Flux, and local"
phoenix,3,hyperqueue,dryrun-plots/synthetic-monitor-tree/phoenix/rep3/hyperqueue,1.3332910560899311,43,1075.0,35.35425,883.85625,40,2.0404599450031915,"benchmark-user sdiag row, attributed by UID; valid for every backend including HyperQueue, Flux, and local"
phoenix,3,hyperqueue,dryrun-plots/synthetic-monitor-tree/phoenix/rep3/hyperqueue,1.4166243894232644,46,1150.0,37.56389,939.09725,40,2.0404599450031915,"benchmark-user sdiag row, attributed by UID; valid for every backend including HyperQueue, Flux, and local"
phoenix,3,hyperqueue,dryrun-plots/synthetic-monitor-tree/phoenix/rep3/hyperqueue,1.4999577227565977,49,1225.0,39.773531,994.338275,40,2.0404599450031915,"benchmark-user sdiag row, attributed by UID; valid for every backend including HyperQueue, Flux, and local"
phoenix,3,hyperqueue,dryrun-plots/synthetic-monitor-tree/phoenix/rep3/hyperqueue,1.5832910560899311,51,1275.0,41.983172,1049.5793,40,2.0404599450031915,"benchmark-user sdiag row, attributed by UID; valid for every backend including HyperQueue, Flux, and local"
phoenix,3,hyperqueue,dryrun-plots/synthetic-monitor-tree/phoenix/rep3/hyperqueue,1.6666243894232644,54,1350.0,44.192812,1104.8203,40,2.0404599450031915,"benchmark-user sdiag row, attributed by UID; valid for every backend including HyperQueue, Flux, and local"
phoenix,3,hyperqueue,dryrun-plots/synthetic-monitor-tree/phoenix/rep3/hyperqueue,1.7499577227565977,57,1425.0,46.402453,1160.0613250000001,40,2.0404599450031915,"benchmark-user sdiag row, attributed by UID; valid for every backend including HyperQueue, Flux, and local"
phoenix,3,hyperqueue,dryrun-plots/synthetic-monitor-tree/phoenix/rep3/hyperqueue,1.8332910560899311,60,1500.0,48.612094,1215.30235,40,2.0404599450031915,"benchmark-user sdiag row, attributed by UID; valid for every backend including HyperQueue, Flux, and local"
phoenix,3,hyperqueue,dryrun-plots/synthetic-monitor-tree/phoenix/rep3/hyperqueue,1.9166243894232644,62,1550.0,50.821734,1270.54335,40,2.0404599450031915,"benchmark-user sdiag row, attributed by UID; valid for every backend including HyperQueue, Flux, and local"
phoenix,3,hyperqueue,dryrun-plots/synthetic-monitor-tree/phoenix/rep3/hyperqueue,1.9999577227565977,65,1625.0,53.031375,1325.784375,40,2.0404599450031915,"benchmark-user sdiag row, attributed by UID; valid for every backend including HyperQueue, Flux, and local"
phoenix,3,hyperqueue,dryrun-plots/synthetic-monitor-tree/phoenix/rep3/hyperqueue,2.062682288620207,67,1675.0,54.104202,1352.6050500000001,40,2.0404599450031915,"benchmark-user sdiag row, attributed by UID; valid for every backend including HyperQueue, Flux, and local"
phoenix,3,flux,dryrun-plots/synthetic-monitor-tree/phoenix/rep3/flux,-0.0013888888226615058,0,0.0,0.0,0.0,40,2.211178767548667,"benchmark-user sdiag row, attributed by UID; valid for every backend including HyperQueue, Flux, and local"
phoenix,3,flux,dryrun-plots/synthetic-monitor-tree/phoenix/rep3/flux,0.08310876753595141,3,75.0,2.467727,61.693175,40,2.211178767548667,"benchmark-user sdiag row, attributed by UID; valid for every backend including HyperQueue, Flux, and local"
phoenix,3,flux,dryrun-plots/synthetic-monitor-tree/phoenix/rep3/flux,0.16644210086928474,6,150.0,4.935455,123.386375,40,2.211178767548667,"benchmark-user sdiag row, attributed by UID; valid for every backend including HyperQueue, Flux, and local"
phoenix,3,flux,dryrun-plots/synthetic-monitor-tree/phoenix/rep3/flux,0.24977543420261808,9,225.0,7.403182,185.07955,40,2.211178767548667,"benchmark-user sdiag row, attributed by UID; valid for every backend including HyperQueue, Flux, and local"
phoenix,3,flux,dryrun-plots/synthetic-monitor-tree/phoenix/rep3/flux,0.3331087675359514,12,300.0,9.87091,246.77275,40,2.211178767548667,"benchmark-user sdiag row, attributed by UID; valid for every backend including HyperQueue, Flux, and local"
phoenix,3,flux,dryrun-plots/synthetic-monitor-tree/phoenix/rep3/flux,0.41644210086928474,15,375.0,12.338637,308.465925,40,2.211178767548667,"benchmark-user sdiag row, attributed by UID; valid for every backend including HyperQueue, Flux, and local"
phoenix,3,flux,dryrun-plots/synthetic-monitor-tree/phoenix/rep3/flux,0.49977543420261805,18,450.0,14.806365,370.159125,40,2.211178767548667,"benchmark-user sdiag row, attributed by UID; valid for every backend including HyperQueue, Flux, and local"
phoenix,3,flux,dryrun-plots/synthetic-monitor-tree/phoenix/rep3/flux,0.5831087675359514,21,525.0,17.274092,431.8523,40,2.211178767548667,"benchmark-user sdiag row, attributed by UID; valid for every backend including HyperQueue, Flux, and local"
phoenix,3,flux,dryrun-plots/synthetic-monitor-tree/phoenix/rep3/flux,0.6664421008692847,24,600.0,19.74182,493.5455,40,2.211178767548667,"benchmark-user sdiag row, attributed by UID; valid for every backend including HyperQueue, Flux, and local"
phoenix,3,flux,dryrun-plots/synthetic-monitor-tree/phoenix/rep3/flux,0.749775434202618,27,675.0,22.209547,555.2386750000001,40,2.211178767548667,"benchmark-user sdiag row, attributed by UID; valid for every backend including HyperQueue, Flux, and local"
phoenix,3,flux,dryrun-plots/synthetic-monitor-tree/phoenix/rep3/flux,0.8331087675359514,30,750.0,24.677275,616.931875,40,2.211178767548667,"benchmark-user sdiag row, attributed by UID; valid for every backend including HyperQueue, Flux, and local"
phoenix,3,flux,dryrun-plots/synthetic-monitor-tree/phoenix/rep3/flux,0.9164421008692847,33,825.0,27.145003,678.6250749999999,40,2.211178767548667,"benchmark-user sdiag row, attributed by UID; valid for every backend including HyperQueue, Flux, and local"
phoenix,3,flux,dryrun-plots/synthetic-monitor-tree/phoenix/rep3/flux,0.999775434202618,36,900.0,29.61273,740.31825,40,2.211178767548667,"benchmark-user sdiag row, attributed by UID; valid for every backend including HyperQueue, Flux, and local"
phoenix,3,flux,dryrun-plots/synthetic-monitor-tree/phoenix/rep3/flux,1.0831087675359514,39,975.0,32.080458,802.01145,40,2.211178767548667,"benchmark-user sdiag row, attributed by UID; valid for every backend including HyperQueue, Flux, and local"
phoenix,3,flux,dryrun-plots/synthetic-monitor-tree/phoenix/rep3/flux,1.1664421008692847,42,1050.0,34.548185,863.704625,40,2.211178767548667,"benchmark-user sdiag row, attributed by UID; valid for every backend including HyperQueue, Flux, and local"
phoenix,3,flux,dryrun-plots/synthetic-monitor-tree/phoenix/rep3/flux,1.2497754342026182,45,1125.0,37.015913,925.3978249999999,40,2.211178767548667,"benchmark-user sdiag row, attributed by UID; valid for every backend including HyperQueue, Flux, and local"
phoenix,3,flux,dryrun-plots/synthetic-monitor-tree/phoenix/rep3/flux,1.3331087675359514,48,1200.0,39.48364,987.091,40,2.211178767548667,"benchmark-user sdiag row, attributed by UID; valid for every backend including HyperQueue, Flux, and local"
phoenix,3,flux,dryrun-plots/synthetic-monitor-tree/phoenix/rep3/flux,1.4164421008692847,51,1275.0,41.951368,1048.7842,40,2.211178767548667,"benchmark-user sdiag row, attributed by UID; valid for every backend including HyperQueue, Flux, and local"
phoenix,3,flux,dryrun-plots/synthetic-monitor-tree/phoenix/rep3/flux,1.4997754342026182,54,1350.0,44.419095,1110.477375,40,2.211178767548667,"benchmark-user sdiag row, attributed by UID; valid for every backend including HyperQueue, Flux, and local"
phoenix,3,flux,dryrun-plots/synthetic-monitor-tree/phoenix/rep3/flux,1.5831087675359514,58,1450.0,46.886823,1172.170575,40,2.211178767548667,"benchmark-user sdiag row, attributed by UID; valid for every backend including HyperQueue, Flux, and local"
phoenix,3,flux,dryrun-plots/synthetic-monitor-tree/phoenix/rep3/flux,1.6664421008692847,61,1525.0,49.354551,1233.863775,40,2.211178767548667,"benchmark-user sdiag row, attributed by UID; valid for every backend including HyperQueue, Flux, and local"
phoenix,3,flux,dryrun-plots/synthetic-monitor-tree/phoenix/rep3/flux,1.7497754342026182,64,1600.0,51.822278,1295.55695,40,2.211178767548667,"benchmark-user sdiag row, attributed by UID; valid for every backend including HyperQueue, Flux, and local"
phoenix,3,flux,dryrun-plots/synthetic-monitor-tree/phoenix/rep3/flux,1.8331087675359514,67,1675.0,54.290006,1357.2501499999998,40,2.211178767548667,"benchmark-user sdiag row, attributed by UID; valid for every backend including HyperQueue, Flux, and local"
phoenix,3,flux,dryrun-plots/synthetic-monitor-tree/phoenix/rep3/flux,1.9164421008692847,70,1750.0,56.757733,1418.943325,40,2.211178767548667,"benchmark-user sdiag row, attributed by UID; valid for every backend including HyperQueue, Flux, and local"
phoenix,3,flux,dryrun-plots/synthetic-monitor-tree/phoenix/rep3/flux,1.9997754342026182,73,1825.0,59.225461,1480.6365250000001,40,2.211178767548667,"benchmark-user sdiag row, attributed by UID; valid for every backend including HyperQueue, Flux, and local"
phoenix,3,flux,dryrun-plots/synthetic-monitor-tree/phoenix/rep3/flux,2.0831087675359514,76,1900.0,61.693188,1542.3297,40,2.211178767548667,"benchmark-user sdiag row, attributed by UID; valid for every backend including HyperQueue, Flux, and local"
phoenix,3,flux,dryrun-plots/synthetic-monitor-tree/phoenix/rep3/flux,2.166442100869285,79,1975.0,64.160916,1604.0229,40,2.211178767548667,"benchmark-user sdiag row, attributed by UID; valid for every backend including HyperQueue, Flux, and local"
phoenix,3,flux,dryrun-plots/synthetic-monitor-tree/phoenix/rep3/flux,2.2334012530909644,81,2025.0,65.479049,1636.976225,40,2.211178767548667,"benchmark-user sdiag row, attributed by UID; valid for every backend including HyperQueue, Flux, and local"
phoenix,3,local,dryrun-plots/synthetic-monitor-tree/phoenix/rep3/local,-0.001388889021343655,0,0.0,0.0,0.0,40,4.545420569843716,"benchmark-user sdiag row, attributed by UID; valid for every backend including HyperQueue, Flux, and local"
phoenix,3,local,dryrun-plots/synthetic-monitor-tree/phoenix/rep3/local,0.08331862542364332,0,0.0,0.387127,9.678175,40,4.545420569843716,"benchmark-user sdiag row, attributed by UID; valid for every backend including HyperQueue, Flux, and local"
phoenix,3,local,dryrun-plots/synthetic-monitor-tree/phoenix/rep3/local,0.16665195875697666,0,0.0,0.774254,19.35635,40,4.545420569843716,"benchmark-user sdiag row, attributed by UID; valid for every backend including HyperQueue, Flux, and local"
phoenix,3,local,dryrun-plots/synthetic-monitor-tree/phoenix/rep3/local,0.24998529209030998,1,25.0,1.161381,29.034525,40,4.545420569843716,"benchmark-user sdiag row, attributed by UID; valid for every backend including HyperQueue, Flux, and local"
phoenix,3,local,dryrun-plots/synthetic-monitor-tree/phoenix/rep3/local,0.3333186254236433,1,25.0,1.548508,38.7127,40,4.545420569843716,"benchmark-user sdiag row, attributed by UID; valid for every backend including HyperQueue, Flux, and local"
phoenix,3,local,dryrun-plots/synthetic-monitor-tree/phoenix/rep3/local,0.41665195875697664,2,50.0,1.935635,48.390875,40,4.545420569843716,"benchmark-user sdiag row, attributed by UID; valid for every backend including HyperQueue, Flux, and local"
phoenix,3,local,dryrun-plots/synthetic-monitor-tree/phoenix/rep3/local,0.49998529209031,2,50.0,2.322762,58.06905,40,4.545420569843716,"benchmark-user sdiag row, attributed by UID; valid for every backend including HyperQueue, Flux, and local"
phoenix,3,local,dryrun-plots/synthetic-monitor-tree/phoenix/rep3/local,0.5833186254236433,3,75.0,2.709889,67.747225,40,4.545420569843716,"benchmark-user sdiag row, attributed by UID; valid for every backend including HyperQueue, Flux, and local"
phoenix,3,local,dryrun-plots/synthetic-monitor-tree/phoenix/rep3/local,0.6666519587569767,3,75.0,3.097016,77.4254,40,4.545420569843716,"benchmark-user sdiag row, attributed by UID; valid for every backend including HyperQueue, Flux, and local"
phoenix,3,local,dryrun-plots/synthetic-monitor-tree/phoenix/rep3/local,0.74998529209031,4,100.0,3.484143,87.103575,40,4.545420569843716,"benchmark-user sdiag row, attributed by UID; valid for every backend including HyperQueue, Flux, and local"
phoenix,3,local,dryrun-plots/synthetic-monitor-tree/phoenix/rep3/local,0.8333186254236433,4,100.0,3.87127,96.78175,40,4.545420569843716,"benchmark-user sdiag row, attributed by UID; valid for every backend including HyperQueue, Flux, and local"
phoenix,3,local,dryrun-plots/synthetic-monitor-tree/phoenix/rep3/local,0.9166519587569767,5,125.0,4.258397,106.45992500000001,40,4.545420569843716,"benchmark-user sdiag row, attributed by UID; valid for every backend including HyperQueue, Flux, and local"
phoenix,3,local,dryrun-plots/synthetic-monitor-tree/phoenix/rep3/local,0.99998529209031,5,125.0,4.645524,116.1381,40,4.545420569843716,"benchmark-user sdiag row, attributed by UID; valid for every backend including HyperQueue, Flux, and local"
phoenix,3,local,dryrun-plots/synthetic-monitor-tree/phoenix/rep3/local,1.0833186254236433,6,150.0,5.032651,125.816275,40,4.545420569843716,"benchmark-user sdiag row, attributed by UID; valid for every backend including HyperQueue, Flux, and local"
phoenix,3,local,dryrun-plots/synthetic-monitor-tree/phoenix/rep3/local,1.1666519587569766,6,150.0,5.419779,135.494475,40,4.545420569843716,"benchmark-user sdiag row, attributed by UID; valid for every backend including HyperQueue, Flux, and local"
phoenix,3,local,dryrun-plots/synthetic-monitor-tree/phoenix/rep3/local,1.24998529209031,7,175.0,5.806906,145.17265,40,4.545420569843716,"benchmark-user sdiag row, attributed by UID; valid for every backend including HyperQueue, Flux, and local"
phoenix,3,local,dryrun-plots/synthetic-monitor-tree/phoenix/rep3/local,1.3333186254236433,7,175.0,6.194033,154.85082500000001,40,4.545420569843716,"benchmark-user sdiag row, attributed by UID; valid for every backend including HyperQueue, Flux, and local"
phoenix,3,local,dryrun-plots/synthetic-monitor-tree/phoenix/rep3/local,1.4166519587569766,8,200.0,6.58116,164.529,40,4.545420569843716,"benchmark-user sdiag row, attributed by UID; valid for every backend including HyperQueue, Flux, and local"
phoenix,3,local,dryrun-plots/synthetic-monitor-tree/phoenix/rep3/local,1.49998529209031,8,200.0,6.968287,174.207175,40,4.545420569843716,"benchmark-user sdiag row, attributed by UID; valid for every backend including HyperQueue, Flux, and local"
phoenix,3,local,dryrun-plots/synthetic-monitor-tree/phoenix/rep3/local,1.5833186254236433,9,225.0,7.355414,183.88535,40,4.545420569843716,"benchmark-user sdiag row, attributed by UID; valid for every backend including HyperQueue, Flux, and local"
phoenix,3,local,dryrun-plots/synthetic-monitor-tree/phoenix/rep3/local,1.6666519587569766,9,225.0,7.742541,193.563525,40,4.545420569843716,"benchmark-user sdiag row, attributed by UID; valid for every backend including HyperQueue, Flux, and local"
phoenix,3,local,dryrun-plots/synthetic-monitor-tree/phoenix/rep3/local,1.74998529209031,10,250.0,8.129668,203.2417,40,4.545420569843716,"benchmark-user sdiag row, attributed by UID; valid for every backend including HyperQueue, Flux, and local"
phoenix,3,local,dryrun-plots/synthetic-monitor-tree/phoenix/rep3/local,1.8333186254236433,10,250.0,8.516795,212.919875,40,4.545420569843716,"benchmark-user sdiag row, attributed by UID; valid for every backend including HyperQueue, Flux, and local"
phoenix,3,local,dryrun-plots/synthetic-monitor-tree/phoenix/rep3/local,1.9166519587569766,10,250.0,8.903922,222.59805,40,4.545420569843716,"benchmark-user sdiag row, attributed by UID; valid for every backend including HyperQueue, Flux, and local"
phoenix,3,local,dryrun-plots/synthetic-monitor-tree/phoenix/rep3/local,1.99998529209031,11,275.0,9.291049,232.27622499999998,40,4.545420569843716,"benchmark-user sdiag row, attributed by UID; valid for every backend including HyperQueue, Flux, and local"
phoenix,3,local,dryrun-plots/synthetic-monitor-tree/phoenix/rep3/local,2.0833186254236433,11,275.0,9.678176,241.95440000000002,40,4.545420569843716,"benchmark-user sdiag row, attributed by UID; valid for every backend including HyperQueue, Flux, and local"
phoenix,3,local,dryrun-plots/synthetic-monitor-tree/phoenix/rep3/local,2.166651958756977,12,300.0,10.065303,251.632575,40,4.545420569843716,"benchmark-user sdiag row, attributed by UID; valid for every backend including HyperQueue, Flux, and local"
phoenix,3,local,dryrun-plots/synthetic-monitor-tree/phoenix/rep3/local,2.24998529209031,12,300.0,10.452431,261.31077500000004,40,4.545420569843716,"benchmark-user sdiag row, attributed by UID; valid for every backend including HyperQueue, Flux, and local"
phoenix,3,local,dryrun-plots/synthetic-monitor-tree/phoenix/rep3/local,2.3333186254236433,13,325.0,10.839558,270.98895,40,4.545420569843716,"benchmark-user sdiag row, attributed by UID; valid for every backend including HyperQueue, Flux, and local"
phoenix,3,local,dryrun-plots/synthetic-monitor-tree/phoenix/rep3/local,2.416651958756977,13,325.0,11.226685,280.667125,40,4.545420569843716,"benchmark-user sdiag row, attributed by UID; valid for every backend including HyperQueue, Flux, and local"
phoenix,3,local,dryrun-plots/synthetic-monitor-tree/phoenix/rep3/local,2.49998529209031,14,350.0,11.613812,290.3453,40,4.545420569843716,"benchmark-user sdiag row, attributed by UID; valid for every backend including HyperQueue, Flux, and local"
phoenix,3,local,dryrun-plots/synthetic-monitor-tree/phoenix/rep3/local,2.5833186254236433,14,350.0,12.000939,300.023475,40,4.545420569843716,"benchmark-user sdiag row, attributed by UID; valid for every backend including HyperQueue, Flux, and local"
phoenix,3,local,dryrun-plots/synthetic-monitor-tree/phoenix/rep3/local,2.666651958756977,15,375.0,12.388066,309.70165000000003,40,4.545420569843716,"benchmark-user sdiag row, attributed by UID; valid for every backend including HyperQueue, Flux, and local"
phoenix,3,local,dryrun-plots/synthetic-monitor-tree/phoenix/rep3/local,2.74998529209031,15,375.0,12.775193,319.379825,40,4.545420569843716,"benchmark-user sdiag row, attributed by UID; valid for every backend including HyperQueue, Flux, and local"
phoenix,3,local,dryrun-plots/synthetic-monitor-tree/phoenix/rep3/local,2.8333186254236433,16,400.0,13.16232,329.058,40,4.545420569843716,"benchmark-user sdiag row, attributed by UID; valid for every backend including HyperQueue, Flux, and local"
phoenix,3,local,dryrun-plots/synthetic-monitor-tree/phoenix/rep3/local,2.916651958756977,16,400.0,13.549447,338.736175,40,4.545420569843716,"benchmark-user sdiag row, attributed by UID; valid for every backend including HyperQueue, Flux, and local"
phoenix,3,local,dryrun-plots/synthetic-monitor-tree/phoenix/rep3/local,2.99998529209031,17,425.0,13.936574,348.41435,40,4.545420569843716,"benchmark-user sdiag row, attributed by UID; valid for every backend including HyperQueue, Flux, and local"
phoenix,3,local,dryrun-plots/synthetic-monitor-tree/phoenix/rep3/local,3.0833186254236433,17,425.0,14.323701,358.092525,40,4.545420569843716,"benchmark-user sdiag row, attributed by UID; valid for every backend including HyperQueue, Flux, and local"
phoenix,3,local,dryrun-plots/synthetic-monitor-tree/phoenix/rep3/local,3.166651958756977,18,450.0,14.710828,367.7707,40,4.545420569843716,"benchmark-user sdiag row, attributed by UID; valid for every backend including HyperQueue, Flux, and local"
phoenix,3,local,dryrun-plots/synthetic-monitor-tree/phoenix/rep3/local,3.24998529209031,18,450.0,15.097955,377.44887500000004,40,4.545420569843716,"benchmark-user sdiag row, attributed by UID; valid for every backend including HyperQueue, Flux, and local"
phoenix,3,local,dryrun-plots/synthetic-monitor-tree/phoenix/rep3/local,3.3333186254236433,19,475.0,15.485083,387.127075,40,4.545420569843716,"benchmark-user sdiag row, attributed by UID; valid for every backend including HyperQueue, Flux, and local"
phoenix,3,local,dryrun-plots/synthetic-monitor-tree/phoenix/rep3/local,3.416651958756977,19,475.0,15.87221,396.80525,40,4.545420569843716,"benchmark-user sdiag row, attributed by UID; valid for every backend including HyperQueue, Flux, and local"
phoenix,3,local,dryrun-plots/synthetic-monitor-tree/phoenix/rep3/local,3.49998529209031,20,500.0,16.259337,406.48342499999995,40,4.545420569843716,"benchmark-user sdiag row, attributed by UID; valid for every backend including HyperQueue, Flux, and local"
phoenix,3,local,dryrun-plots/synthetic-monitor-tree/phoenix/rep3/local,3.5833186254236433,20,500.0,16.646464,416.1616,40,4.545420569843716,"benchmark-user sdiag row, attributed by UID; valid for every backend including HyperQueue, Flux, and local"
phoenix,3,local,dryrun-plots/synthetic-monitor-tree/phoenix/rep3/local,3.666651958756977,20,500.0,17.033591,425.83977500000003,40,4.545420569843716,"benchmark-user sdiag row, attributed by UID; valid for every backend including HyperQueue, Flux, and local"
phoenix,3,local,dryrun-plots/synthetic-monitor-tree/phoenix/rep3/local,3.74998529209031,21,525.0,17.420718,435.51795000000004,40,4.545420569843716,"benchmark-user sdiag row, attributed by UID; valid for every backend including HyperQueue, Flux, and local"
phoenix,3,local,dryrun-plots/synthetic-monitor-tree/phoenix/rep3/local,3.8333186254236433,21,525.0,17.807845,445.196125,40,4.545420569843716,"benchmark-user sdiag row, attributed by UID; valid for every backend including HyperQueue, Flux, and local"
phoenix,3,local,dryrun-plots/synthetic-monitor-tree/phoenix/rep3/local,3.916651958756977,22,550.0,18.194972,454.8743,40,4.545420569843716,"benchmark-user sdiag row, attributed by UID; valid for every backend including HyperQueue, Flux, and local"
phoenix,3,local,dryrun-plots/synthetic-monitor-tree/phoenix/rep3/local,3.99998529209031,22,550.0,18.582099,464.55247499999996,40,4.545420569843716,"benchmark-user sdiag row, attributed by UID; valid for every backend including HyperQueue, Flux, and local"
phoenix,3,local,dryrun-plots/synthetic-monitor-tree/phoenix/rep3/local,4.083318625423644,23,575.0,18.969226,474.23064999999997,40,4.545420569843716,"benchmark-user sdiag row, attributed by UID; valid for every backend including HyperQueue, Flux, and local"
phoenix,3,local,dryrun-plots/synthetic-monitor-tree/phoenix/rep3/local,4.166651958756977,23,575.0,19.356353,483.908825,40,4.545420569843716,"benchmark-user sdiag row, attributed by UID; valid for every backend including HyperQueue, Flux, and local"
phoenix,3,local,dryrun-plots/synthetic-monitor-tree/phoenix/rep3/local,4.24998529209031,24,600.0,19.74348,493.58700000000005,40,4.545420569843716,"benchmark-user sdiag row, attributed by UID; valid for every backend including HyperQueue, Flux, and local"
phoenix,3,local,dryrun-plots/synthetic-monitor-tree/phoenix/rep3/local,4.333318625423644,24,600.0,20.130607,503.26517500000006,40,4.545420569843716,"benchmark-user sdiag row, attributed by UID; valid for every backend including HyperQueue, Flux, and local"
phoenix,3,local,dryrun-plots/synthetic-monitor-tree/phoenix/rep3/local,4.416651958756977,25,625.0,20.517735,512.943375,40,4.545420569843716,"benchmark-user sdiag row, attributed by UID; valid for every backend including HyperQueue, Flux, and local"
phoenix,3,local,dryrun-plots/synthetic-monitor-tree/phoenix/rep3/local,4.49998529209031,25,625.0,20.904862,522.6215500000001,40,4.545420569843716,"benchmark-user sdiag row, attributed by UID; valid for every backend including HyperQueue, Flux, and local"
phoenix,3,local,dryrun-plots/synthetic-monitor-tree/phoenix/rep3/local,4.567642900413937,26,650.0,21.115865,527.896625,40,4.545420569843716,"benchmark-user sdiag row, attributed by UID; valid for every backend including HyperQueue, Flux, and local"
phoenix,3,native,dryrun-plots/synthetic-monitor-tree/phoenix/rep3/native,-0.001388888888888889,0,0.0,0.0,0.0,40,3.2904751694864696,"benchmark-user sdiag row, attributed by UID; valid for every backend including HyperQueue, Flux, and local"
phoenix,3,native,dryrun-plots/synthetic-monitor-tree/phoenix/rep3/native,0.08317572500970628,25,625.0,20.57764,514.4409999999999,40,3.2904751694864696,"benchmark-user sdiag row, attributed by UID; valid for every backend including HyperQueue, Flux, and local"
phoenix,3,native,dryrun-plots/synthetic-monitor-tree/phoenix/rep3/native,0.1665090583430396,51,1275.0,41.155281,1028.882025,40,3.2904751694864696,"benchmark-user sdiag row, attributed by UID; valid for every backend including HyperQueue, Flux, and local"
phoenix,3,native,dryrun-plots/synthetic-monitor-tree/phoenix/rep3/native,0.24984239167637295,77,1925.0,61.732921,1543.323025,40,3.2904751694864696,"benchmark-user sdiag row, attributed by UID; valid for every backend including HyperQueue, Flux, and local"
phoenix,3,native,dryrun-plots/synthetic-monitor-tree/phoenix/rep3/native,0.33317572500970627,102,2550.0,82.310562,2057.76405,40,3.2904751694864696,"benchmark-user sdiag row, attributed by UID; valid for every backend including HyperQueue, Flux, and local"
phoenix,3,native,dryrun-plots/synthetic-monitor-tree/phoenix/rep3/native,0.41650905834303964,128,3200.0,102.888203,2572.2050750000003,40,3.2904751694864696,"benchmark-user sdiag row, attributed by UID; valid for every backend including HyperQueue, Flux, and local"
phoenix,3,native,dryrun-plots/synthetic-monitor-tree/phoenix/rep3/native,0.49984239167637295,154,3850.0,123.465843,3086.646075,40,3.2904751694864696,"benchmark-user sdiag row, attributed by UID; valid for every backend including HyperQueue, Flux, and local"
phoenix,3,native,dryrun-plots/synthetic-monitor-tree/phoenix/rep3/native,0.5831757250097063,179,4475.0,144.043484,3601.0871,40,3.2904751694864696,"benchmark-user sdiag row, attributed by UID; valid for every backend including HyperQueue, Flux, and local"
phoenix,3,native,dryrun-plots/synthetic-monitor-tree/phoenix/rep3/native,0.6665090583430396,205,5125.0,164.621125,4115.528125,40,3.2904751694864696,"benchmark-user sdiag row, attributed by UID; valid for every backend including HyperQueue, Flux, and local"
phoenix,3,native,dryrun-plots/synthetic-monitor-tree/phoenix/rep3/native,0.7498423916763729,231,5775.0,185.198765,4629.9691250000005,40,3.2904751694864696,"benchmark-user sdiag row, attributed by UID; valid for every backend including HyperQueue, Flux, and local"
phoenix,3,native,dryrun-plots/synthetic-monitor-tree/phoenix/rep3/native,0.8331757250097063,257,6425.0,205.776406,5144.410150000001,40,3.2904751694864696,"benchmark-user sdiag row, attributed by UID; valid for every backend including HyperQueue, Flux, and local"
phoenix,3,native,dryrun-plots/synthetic-monitor-tree/phoenix/rep3/native,0.9165090583430396,282,7050.0,226.354047,5658.851175,40,3.2904751694864696,"benchmark-user sdiag row, attributed by UID; valid for every backend including HyperQueue, Flux, and local"
phoenix,3,native,dryrun-plots/synthetic-monitor-tree/phoenix/rep3/native,0.9998423916763729,308,7700.0,246.931687,6173.2921750000005,40,3.2904751694864696,"benchmark-user sdiag row, attributed by UID; valid for every backend including HyperQueue, Flux, and local"
phoenix,3,native,dryrun-plots/synthetic-monitor-tree/phoenix/rep3/native,1.0831757250097063,334,8350.0,267.509328,6687.7332,40,3.2904751694864696,"benchmark-user sdiag row, attributed by UID; valid for every backend including HyperQueue, Flux, and local"
phoenix,3,native,dryrun-plots/synthetic-monitor-tree/phoenix/rep3/native,1.1665090583430395,359,8975.0,288.086969,7202.174225000001,40,3.2904751694864696,"benchmark-user sdiag row, attributed by UID; valid for every backend including HyperQueue, Flux, and local"
phoenix,3,native,dryrun-plots/synthetic-monitor-tree/phoenix/rep3/native,1.249842391676373,385,9625.0,308.664609,7716.615225,40,3.2904751694864696,"benchmark-user sdiag row, attributed by UID; valid for every backend including HyperQueue, Flux, and local"
phoenix,3,native,dryrun-plots/synthetic-monitor-tree/phoenix/rep3/native,1.3331757250097063,411,10275.0,329.24225,8231.05625,40,3.2904751694864696,"benchmark-user sdiag row, attributed by UID; valid for every backend including HyperQueue, Flux, and local"
phoenix,3,native,dryrun-plots/synthetic-monitor-tree/phoenix/rep3/native,1.4165090583430395,436,10900.0,349.819891,8745.497275,40,3.2904751694864696,"benchmark-user sdiag row, attributed by UID; valid for every backend including HyperQueue, Flux, and local"
phoenix,3,native,dryrun-plots/synthetic-monitor-tree/phoenix/rep3/native,1.499842391676373,462,11550.0,370.397531,9259.938275,40,3.2904751694864696,"benchmark-user sdiag row, attributed by UID; valid for every backend including HyperQueue, Flux, and local"
phoenix,3,native,dryrun-plots/synthetic-monitor-tree/phoenix/rep3/native,1.5831757250097063,488,12200.0,390.975172,9774.3793,40,3.2904751694864696,"benchmark-user sdiag row, attributed by UID; valid for every backend including HyperQueue, Flux, and local"
phoenix,3,native,dryrun-plots/synthetic-monitor-tree/phoenix/rep3/native,1.6665090583430395,514,12850.0,411.552813,10288.820325,40,3.2904751694864696,"benchmark-user sdiag row, attributed by UID; valid for every backend including HyperQueue, Flux, and local"
phoenix,3,native,dryrun-plots/synthetic-monitor-tree/phoenix/rep3/native,1.749842391676373,539,13475.0,432.130453,10803.261325,40,3.2904751694864696,"benchmark-user sdiag row, attributed by UID; valid for every backend including HyperQueue, Flux, and local"
phoenix,3,native,dryrun-plots/synthetic-monitor-tree/phoenix/rep3/native,1.8331757250097063,565,14125.0,452.708094,11317.70235,40,3.2904751694864696,"benchmark-user sdiag row, attributed by UID; valid for every backend including HyperQueue, Flux, and local"
phoenix,3,native,dryrun-plots/synthetic-monitor-tree/phoenix/rep3/native,1.9165090583430395,591,14775.0,473.285735,11832.143375,40,3.2904751694864696,"benchmark-user sdiag row, attributed by UID; valid for every backend including HyperQueue, Flux, and local"
phoenix,3,native,dryrun-plots/synthetic-monitor-tree/phoenix/rep3/native,1.999842391676373,616,15400.0,493.863375,12346.584375,40,3.2904751694864696,"benchmark-user sdiag row, attributed by UID; valid for every backend including HyperQueue, Flux, and local"
phoenix,3,native,dryrun-plots/synthetic-monitor-tree/phoenix/rep3/native,2.0831757250097063,642,16050.0,514.441016,12861.0254,40,3.2904751694864696,"benchmark-user sdiag row, attributed by UID; valid for every backend including HyperQueue, Flux, and local"
phoenix,3,native,dryrun-plots/synthetic-monitor-tree/phoenix/rep3/native,2.1665090583430398,668,16700.0,535.018657,13375.466424999999,40,3.2904751694864696,"benchmark-user sdiag row, attributed by UID; valid for every backend including HyperQueue, Flux, and local"
phoenix,3,native,dryrun-plots/synthetic-monitor-tree/phoenix/rep3/native,2.249842391676373,694,17350.0,555.596297,13889.907425000001,40,3.2904751694864696,"benchmark-user sdiag row, attributed by UID; valid for every backend including HyperQueue, Flux, and local"
phoenix,3,native,dryrun-plots/synthetic-monitor-tree/phoenix/rep3/native,2.3331757250097063,719,17975.0,576.173938,14404.348450000001,40,3.2904751694864696,"benchmark-user sdiag row, attributed by UID; valid for every backend including HyperQueue, Flux, and local"
phoenix,3,native,dryrun-plots/synthetic-monitor-tree/phoenix/rep3/native,2.4165090583430398,745,18625.0,596.751579,14918.789475,40,3.2904751694864696,"benchmark-user sdiag row, attributed by UID; valid for every backend including HyperQueue, Flux, and local"
phoenix,3,native,dryrun-plots/synthetic-monitor-tree/phoenix/rep3/native,2.499842391676373,771,19275.0,617.329219,15433.230474999998,40,3.2904751694864696,"benchmark-user sdiag row, attributed by UID; valid for every backend including HyperQueue, Flux, and local"
phoenix,3,native,dryrun-plots/synthetic-monitor-tree/phoenix/rep3/native,2.5831757250097063,796,19900.0,637.90686,15947.6715,40,3.2904751694864696,"benchmark-user sdiag row, attributed by UID; valid for every backend including HyperQueue, Flux, and local"
phoenix,3,native,dryrun-plots/synthetic-monitor-tree/phoenix/rep3/native,2.6665090583430398,822,20550.0,658.484501,16462.112525,40,3.2904751694864696,"benchmark-user sdiag row, attributed by UID; valid for every backend including HyperQueue, Flux, and local"
phoenix,3,native,dryrun-plots/synthetic-monitor-tree/phoenix/rep3/native,2.749842391676373,848,21200.0,679.062141,16976.553525,40,3.2904751694864696,"benchmark-user sdiag row, attributed by UID; valid for every backend including HyperQueue, Flux, and local"
phoenix,3,native,dryrun-plots/synthetic-monitor-tree/phoenix/rep3/native,2.8331757250097063,873,21825.0,699.639782,17490.99455,40,3.2904751694864696,"benchmark-user sdiag row, attributed by UID; valid for every backend including HyperQueue, Flux, and local"
phoenix,3,native,dryrun-plots/synthetic-monitor-tree/phoenix/rep3/native,2.9165090583430398,899,22475.0,720.217423,18005.435575000003,40,3.2904751694864696,"benchmark-user sdiag row, attributed by UID; valid for every backend including HyperQueue, Flux, and local"
phoenix,3,native,dryrun-plots/synthetic-monitor-tree/phoenix/rep3/native,2.999842391676373,925,23125.0,740.795063,18519.876575000002,40,3.2904751694864696,"benchmark-user sdiag row, attributed by UID; valid for every backend including HyperQueue, Flux, and local"
phoenix,3,native,dryrun-plots/synthetic-monitor-tree/phoenix/rep3/native,3.0831757250097063,951,23775.0,761.372704,19034.3176,40,3.2904751694864696,"benchmark-user sdiag row, attributed by UID; valid for every backend including HyperQueue, Flux, and local"
phoenix,3,native,dryrun-plots/synthetic-monitor-tree/phoenix/rep3/native,3.1665090583430398,976,24400.0,781.950345,19548.758625,40,3.2904751694864696,"benchmark-user sdiag row, attributed by UID; valid for every backend including HyperQueue, Flux, and local"
phoenix,3,native,dryrun-plots/synthetic-monitor-tree/phoenix/rep3/native,3.249842391676373,1002,25050.0,802.527985,20063.199624999997,40,3.2904751694864696,"benchmark-user sdiag row, attributed by UID; valid for every backend including HyperQueue, Flux, and local"
phoenix,3,native,dryrun-plots/synthetic-monitor-tree/phoenix/rep3/native,3.3126976566844517,1015,25375.0,812.522653,20313.066325,40,3.2904751694864696,"benchmark-user sdiag row, attributed by UID; valid for every backend including HyperQueue, Flux, and local"
phoenix,3,jobarray,dryrun-plots/synthetic-monitor-tree/phoenix/rep3/jobarray,-0.0013888888226615058,0,0.0,0.0,0.0,40,2.7553327906131746,"benchmark-user sdiag row, attributed by UID; valid for every backend including HyperQueue, Flux, and local"
phoenix,3,jobarray,dryrun-plots/synthetic-monitor-tree/phoenix/rep3/jobarray,0.08325584616925981,8,200.0,7.054709,176.367725,40,2.7553327906131746,"benchmark-user sdiag row, attributed by UID; valid for every backend including HyperQueue, Flux, and local"
phoenix,3,jobarray,dryrun-plots/synthetic-monitor-tree/phoenix/rep3/jobarray,0.16658917950259314,17,425.0,14.109419,352.735475,40,2.7553327906131746,"benchmark-user sdiag row, attributed by UID; valid for every backend including HyperQueue, Flux, and local"
phoenix,3,jobarray,dryrun-plots/synthetic-monitor-tree/phoenix/rep3/jobarray,0.24992251283592648,26,650.0,21.164128,529.1032,40,2.7553327906131746,"benchmark-user sdiag row, attributed by UID; valid for every backend including HyperQueue, Flux, and local"
phoenix,3,jobarray,dryrun-plots/synthetic-monitor-tree/phoenix/rep3/jobarray,0.3332558461692598,35,875.0,28.218838,705.47095,40,2.7553327906131746,"benchmark-user sdiag row, attributed by UID; valid for every backend including HyperQueue, Flux, and local"
phoenix,3,jobarray,dryrun-plots/synthetic-monitor-tree/phoenix/rep3/jobarray,0.41658917950259317,44,1100.0,35.273547,881.838675,40,2.7553327906131746,"benchmark-user sdiag row, attributed by UID; valid for every backend including HyperQueue, Flux, and local"
phoenix,3,jobarray,dryrun-plots/synthetic-monitor-tree/phoenix/rep3/jobarray,0.4999225128359265,52,1300.0,42.328257,1058.206425,40,2.7553327906131746,"benchmark-user sdiag row, attributed by UID; valid for every backend including HyperQueue, Flux, and local"
phoenix,3,jobarray,dryrun-plots/synthetic-monitor-tree/phoenix/rep3/jobarray,0.5832558461692599,61,1525.0,49.382966,1234.5741500000001,40,2.7553327906131746,"benchmark-user sdiag row, attributed by UID; valid for every backend including HyperQueue, Flux, and local"
phoenix,3,jobarray,dryrun-plots/synthetic-monitor-tree/phoenix/rep3/jobarray,0.6665891795025931,70,1750.0,56.437676,1410.9419,40,2.7553327906131746,"benchmark-user sdiag row, attributed by UID; valid for every backend including HyperQueue, Flux, and local"
phoenix,3,jobarray,dryrun-plots/synthetic-monitor-tree/phoenix/rep3/jobarray,0.7499225128359265,79,1975.0,63.492385,1587.3096249999999,40,2.7553327906131746,"benchmark-user sdiag row, attributed by UID; valid for every backend including HyperQueue, Flux, and local"
phoenix,3,jobarray,dryrun-plots/synthetic-monitor-tree/phoenix/rep3/jobarray,0.8332558461692599,88,2200.0,70.547095,1763.677375,40,2.7553327906131746,"benchmark-user sdiag row, attributed by UID; valid for every backend including HyperQueue, Flux, and local"
phoenix,3,jobarray,dryrun-plots/synthetic-monitor-tree/phoenix/rep3/jobarray,0.9165891795025931,96,2400.0,77.601804,1940.0451,40,2.7553327906131746,"benchmark-user sdiag row, attributed by UID; valid for every backend including HyperQueue, Flux, and local"
phoenix,3,jobarray,dryrun-plots/synthetic-monitor-tree/phoenix/rep3/jobarray,0.9999225128359265,105,2625.0,84.656514,2116.41285,40,2.7553327906131746,"benchmark-user sdiag row, attributed by UID; valid for every backend including HyperQueue, Flux, and local"
phoenix,3,jobarray,dryrun-plots/synthetic-monitor-tree/phoenix/rep3/jobarray,1.0832558461692599,114,2850.0,91.711223,2292.780575,40,2.7553327906131746,"benchmark-user sdiag row, attributed by UID; valid for every backend including HyperQueue, Flux, and local"
phoenix,3,jobarray,dryrun-plots/synthetic-monitor-tree/phoenix/rep3/jobarray,1.166589179502593,123,3075.0,98.765933,2469.148325,40,2.7553327906131746,"benchmark-user sdiag row, attributed by UID; valid for every backend including HyperQueue, Flux, and local"
phoenix,3,jobarray,dryrun-plots/synthetic-monitor-tree/phoenix/rep3/jobarray,1.2499225128359264,132,3300.0,105.820642,2645.51605,40,2.7553327906131746,"benchmark-user sdiag row, attributed by UID; valid for every backend including HyperQueue, Flux, and local"
phoenix,3,jobarray,dryrun-plots/synthetic-monitor-tree/phoenix/rep3/jobarray,1.3332558461692599,140,3500.0,112.875352,2821.8838,40,2.7553327906131746,"benchmark-user sdiag row, attributed by UID; valid for every backend including HyperQueue, Flux, and local"
phoenix,3,jobarray,dryrun-plots/synthetic-monitor-tree/phoenix/rep3/jobarray,1.416589179502593,149,3725.0,119.930062,2998.25155,40,2.7553327906131746,"benchmark-user sdiag row, attributed by UID; valid for every backend including HyperQueue, Flux, and local"
phoenix,3,jobarray,dryrun-plots/synthetic-monitor-tree/phoenix/rep3/jobarray,1.4999225128359264,158,3950.0,126.984771,3174.619275,40,2.7553327906131746,"benchmark-user sdiag row, attributed by UID; valid for every backend including HyperQueue, Flux, and local"
phoenix,3,jobarray,dryrun-plots/synthetic-monitor-tree/phoenix/rep3/jobarray,1.5832558461692599,167,4175.0,134.039481,3350.987025,40,2.7553327906131746,"benchmark-user sdiag row, attributed by UID; valid for every backend including HyperQueue, Flux, and local"
phoenix,3,jobarray,dryrun-plots/synthetic-monitor-tree/phoenix/rep3/jobarray,1.666589179502593,176,4400.0,141.09419,3527.35475,40,2.7553327906131746,"benchmark-user sdiag row, attributed by UID; valid for every backend including HyperQueue, Flux, and local"
phoenix,3,jobarray,dryrun-plots/synthetic-monitor-tree/phoenix/rep3/jobarray,1.7499225128359264,184,4600.0,148.1489,3703.7225,40,2.7553327906131746,"benchmark-user sdiag row, attributed by UID; valid for every backend including HyperQueue, Flux, and local"
phoenix,3,jobarray,dryrun-plots/synthetic-monitor-tree/phoenix/rep3/jobarray,1.8332558461692599,193,4825.0,155.203609,3880.090225,40,2.7553327906131746,"benchmark-user sdiag row, attributed by UID; valid for every backend including HyperQueue, Flux, and local"
phoenix,3,jobarray,dryrun-plots/synthetic-monitor-tree/phoenix/rep3/jobarray,1.916589179502593,202,5050.0,162.258319,4056.457975,40,2.7553327906131746,"benchmark-user sdiag row, attributed by UID; valid for every backend including HyperQueue, Flux, and local"
phoenix,3,jobarray,dryrun-plots/synthetic-monitor-tree/phoenix/rep3/jobarray,1.9999225128359264,211,5275.0,169.313028,4232.8257,40,2.7553327906131746,"benchmark-user sdiag row, attributed by UID; valid for every backend including HyperQueue, Flux, and local"
phoenix,3,jobarray,dryrun-plots/synthetic-monitor-tree/phoenix/rep3/jobarray,2.08325584616926,220,5500.0,176.367738,4409.19345,40,2.7553327906131746,"benchmark-user sdiag row, attributed by UID; valid for every backend including HyperQueue, Flux, and local"
phoenix,3,jobarray,dryrun-plots/synthetic-monitor-tree/phoenix/rep3/jobarray,2.1665891795025933,228,5700.0,183.422447,4585.561175,40,2.7553327906131746,"benchmark-user sdiag row, attributed by UID; valid for every backend including HyperQueue, Flux, and local"
phoenix,3,jobarray,dryrun-plots/synthetic-monitor-tree/phoenix/rep3/jobarray,2.2499225128359264,237,5925.0,190.477157,4761.928925,40,2.7553327906131746,"benchmark-user sdiag row, attributed by UID; valid for every backend including HyperQueue, Flux, and local"
phoenix,3,jobarray,dryrun-plots/synthetic-monitor-tree/phoenix/rep3/jobarray,2.33325584616926,246,6150.0,197.531866,4938.29665,40,2.7553327906131746,"benchmark-user sdiag row, attributed by UID; valid for every backend including HyperQueue, Flux, and local"
phoenix,3,jobarray,dryrun-plots/synthetic-monitor-tree/phoenix/rep3/jobarray,2.4165891795025933,255,6375.0,204.586576,5114.664400000001,40,2.7553327906131746,"benchmark-user sdiag row, attributed by UID; valid for every backend including HyperQueue, Flux, and local"
phoenix,3,jobarray,dryrun-plots/synthetic-monitor-tree/phoenix/rep3/jobarray,2.4999225128359264,264,6600.0,211.641285,5291.032125000001,40,2.7553327906131746,"benchmark-user sdiag row, attributed by UID; valid for every backend including HyperQueue, Flux, and local"
phoenix,3,jobarray,dryrun-plots/synthetic-monitor-tree/phoenix/rep3/jobarray,2.58325584616926,272,6800.0,218.695995,5467.399875,40,2.7553327906131746,"benchmark-user sdiag row, attributed by UID; valid for every backend including HyperQueue, Flux, and local"
phoenix,3,jobarray,dryrun-plots/synthetic-monitor-tree/phoenix/rep3/jobarray,2.6665891795025933,281,7025.0,225.750704,5643.7676,40,2.7553327906131746,"benchmark-user sdiag row, attributed by UID; valid for every backend including HyperQueue, Flux, and local"
phoenix,3,jobarray,dryrun-plots/synthetic-monitor-tree/phoenix/rep3/jobarray,2.7499225128359264,290,7250.0,232.805414,5820.1353500000005,40,2.7553327906131746,"benchmark-user sdiag row, attributed by UID; valid for every backend including HyperQueue, Flux, and local"
phoenix,3,jobarray,dryrun-plots/synthetic-monitor-tree/phoenix/rep3/jobarray,2.777555037273301,291,7275.0,233.256872,5831.4218,40,2.7553327906131746,"benchmark-user sdiag row, attributed by UID; valid for every backend including HyperQueue, Flux, and local"
